chain_id,node_id,tour,action_id,decidee,executee,date_effet,resultat_operationnel,succes,ea_depth,ea_false_urgency,ea_hidden_risk,ea_u_cost,ea_u_quality,ea_u_risk,ea_u_time,ea_ud_local,ea_ur_local,effet_vrai_param,delta_u_vrai,stress_latent
c42,n0,0.0,replanifier_jalon,1,1,0.0,resolu,1.0,3.0,0.27730637815262915,0.4016424528690186,0.2234695220231855,0.14579510808704763,0.19291759367469685,0.08996308857278824,0.9616474818328908,0.6862159321383711,0.19,0.19,0.7922204494980702
c42,n1,10.0,expedition_express,1,1,10.0,resolu,1.0,0.0,0.1050332238986409,0.47815003730794886,0.45721479339382726,0.23480057451990344,0.27359273106370763,0.15518838625333792,0.6737449061326565,0.6933850647776677,0.18,0.18,0.21236368355022917
c42,n2,10.0,revue_declaration,1,1,10.0,echec,0.0,4.0,0.4339090278214291,0.27410204576435604,0.4089203021231513,0.858863890853811,0.07237870937514819,0.509044636965516,0.168562457368426,0.8033957269610694,0.05249761951415173,0.05249761951415173,0.2975115641807377
c42,n3,15.0,boost_capacite,1,1,15.0,resolu,1.0,3.0,0.4065146361124171,0.237514365062917,0.44601666875087936,0.5316257105933325,0.7499395226532719,0.6645050908327477,0.10973359280569756,0.7962176172842617,0.053075940557296836,0.053075940557296836,1.704031149860911
c42,n4,4.0,promouvoir_arc_secours,1,1,4.0,partiel,0.0,4.0,0.1562583869256375,0.6298100878683093,0.5443786277680388,0.4240060441392636,0.5445285594544866,0.45748672606269497,0.19324815773295745,0.6293270442781822,0.06507160887649192,0.06507160887649192,-0.709646987562232
c42,n5,10.0,ne_rien_faire,1,1,10.0,echec,0.0,0.0,0.37662814394269056,0.7287957354524426,0.5178336511613663,0.7163249766228195,0.7012754715815013,0.3912904746727675,0.2737963581329317,0.9048195277257006,0.0,0.0,-0.1030494606996637
c42,n6,12.0,replanifier_jalon,1,1,12.0,resolu,1.0,2.0,0.12434619469623842,0.11170706801063691,0.5788823608733729,0.18886981602179556,0.6396065612940212,0.7246698438294447,0.5333308432723571,0.4601585957352256,0.08263442177277024,0.08263442177277024,0.5389292775259668
c42,n7,16.0,expedition_express,1,1,16.0,resolu,1.0,2.0,0.11899290289345732,0.25709273952910183,0.4712052658982095,0.5404628445202695,0.6120170823049724,0.3818636914704473,0.2854666810569032,0.8957089289751422,0.09287777229911215,0.09287777229911215,-1.5742885250254437
c42,n8,17.0,ne_rien_faire,1,1,17.0,echec,0.0,3.0,0.44402360602623475,0.6093430997436698,0.3458234898891943,0.43239153384583423,0.38423021580554495,0.4811611323101229,0.08978905805022999,0.5757156784070799,0.0,0.0,-0.9035127738615714
c42,n9,2.0,boost_capacite,1,0,2.0,en_cours,,0.0,0.7241459913862973,0.37109916040989405,0.42922120709431644,0.6914638707542117,0.17571810511407338,0.24135532962330597,0.2716521679535054,0.8377453211593845,0.06576450329934143,0.06576450329934143,0.3227122541223045
c42,n10,0.0,promouvoir_arc_secours,1,1,0.0,partiel,0.0,1.0,0.3049855193155986,0.4176796385247109,0.31652632264715325,0.28190092191581567,0.27428108225295933,0.5968121163808668,0.23952465100686487,0.4086930429723265,0.11114874117773832,0.11114874117773832,-0.8881362352721607
c42,n11,8.0,ne_rien_faire,1,1,8.0,partiel,0.0,3.0,0.07134469207535116,0.5755222271246723,0.39812266593734535,0.3182651832473368,0.656696716152266,0.15993580941568136,0.3919203095774695,0.9925313004455018,0.0,0.0,-2.113222421365956
c42,n12,4.0,ne_rien_faire,1,1,4.0,partiel,0.0,0.0,0.16836785148494793,0.05981362239238861,0.3955551770553555,0.2694710024845341,0.6653019832199641,0.5440981462306513,0.29019915587147793,0.8893889220819089,0.0,0.0,-0.06338938188395116
c42,n13,13.0,boost_capacite,1,1,13.0,echec,0.0,1.0,0.38421650688909137,0.5082692688567264,0.42808200553889736,0.583718222660489,0.5713689907841291,0.3041703870704758,0.7228513300417864,0.908813419201566,0.08115534141178526,0.08115534141178526,1.828755213474317
c42,n14,2.0,replanifier_jalon,1,1,2.0,resolu,1.0,4.0,0.22219001106255973,0.477185174991198,0.5163415683137089,0.6293303674150419,0.7786681019947648,0.4757975426496336,0.7623651377509116,0.9262096959195832,0.06732604454191315,0.06732604454191315,0.6506893017423275
c42,n15,12.0,ne_rien_faire,1,1,12.0,partiel,0.0,0.0,0.3771231207263062,0.6897693265008259,0.4981376691883567,0.479561294854193,0.5318825252427895,0.327814174875077,0.3554224095008293,0.6123153476630101,0.0,0.0,-0.0507837368619532
c42,n16,9.0,replanifier_jalon,1,0,9.0,en_cours,,4.0,0.42222716266962906,0.3095232440953287,0.214070307023121,0.33123634994261414,0.8065498282611483,0.7715233021730334,0.5618069282354402,0.8281273567743738,0.19,0.19,1.08228386269416
c42,n17,13.0,ne_rien_faire,1,1,13.0,partiel,0.0,0.0,0.15428246510466145,0.1602810891691194,0.5483851837368617,0.5433422440169148,0.3426081899681924,0.08524754141417432,0.6215815001283056,0.7855777696270256,0.0,0.0,-0.707923424731874
c42,n18,3.0,revue_declaration,1,1,3.0,partiel,0.0,2.0,0.3700159965931561,0.23198494384949986,0.5484427550834085,0.3734464521751276,0.7830635017127114,0.8227815357806735,0.8305136076312514,0.8003079791529415,0.08598823526196597,0.08598823526196597,1.9238205845085679
c42,n19,6.0,ne_rien_faire,1,1,6.0,resolu,1.0,3.0,0.11566266326935651,0.0911613863565835,0.11764215833657428,0.5529997234209719,0.3155155776943182,0.6262395455949809,0.135171449727737,0.712200774086837,0.0,0.0,-1.0022590871198407
c42,n20,9.0,ne_rien_faire,1,1,9.0,resolu,1.0,2.0,0.08647136664841869,0.19889149488577382,0.7966323526286516,0.6896021531831912,0.31329108680897616,0.8538310000821784,0.26941152328313384,0.9834245531247667,0.0,0.0,-0.5192921651193283
c42,n21,10.0,ne_rien_faire,1,1,10.0,partiel,0.0,4.0,0.4645809407369299,0.23289457795620735,0.3510321120238801,0.8328218819337724,0.36814726555387145,0.25154488367562805,0.610332726234326,0.9326492419076304,0.0,0.0,1.5523902307199593
c42,n22,6.0,promouvoir_arc_secours,1,0,6.0,en_cours,,1.0,0.1598686153130018,0.11594782005225615,0.5678858204315446,0.3001480710670978,0.8695150081500861,0.8482159873604828,0.6794420034514993,0.7088495539609401,0.09375668266232669,0.09375668266232669,2.52017301323876
c42,n23,17.0,ne_rien_faire,1,1,17.0,partiel,0.0,4.0,0.14610124911957245,0.578440553135224,0.22151250774538603,0.47891633289689767,0.21963369620825096,0.2606559392711389,0.0401019182976123,0.5549857397811231,0.0,0.0,-2.2753208590895886
c42,n24,10.0,promouvoir_arc_secours,1,1,10.0,partiel,0.0,4.0,0.02780491609091402,0.7305537315287213,0.5800931379468187,0.7569085081816795,0.6401321055848658,0.3955606990413785,0.5860393142172448,0.18390837441643304,0.06507160887649192,0.06507160887649192,0.8544328798814789
c42,n25,15.0,ne_rien_faire,1,1,15.0,partiel,0.0,2.0,0.4619491614174328,0.24290416978730153,0.7256758590128349,0.18137751357843893,0.40418651771948144,0.38290938344392395,0.20256482540018028,0.7547740133854391,0.0,0.0,-0.4672375637407933
c42,n26,10.0,ne_rien_faire,1,1,10.0,resolu,1.0,2.0,0.5515096265690212,0.7576612668556655,0.8018482531065136,0.5001768743634983,0.2857765248860747,0.2497945024157303,0.5940988497570696,0.31154649404692963,0.0,0.0,0.1825641461649063
c42,n27,4.0,ne_rien_faire,1,1,4.0,partiel,0.0,3.0,0.22284635756333326,0.16124985540854292,0.5325253684938326,0.5955347088374515,0.5741362372937766,0.733543804211294,0.13982453158715608,0.5123820599702428,0.0,0.0,-0.03964115431343318
c42,n28,17.0,boost_capacite,1,0,17.0,en_cours,,0.0,0.5106596288500231,0.45641466716184503,0.7377540777708247,0.17041219691743187,0.6196839404028911,0.15328209111786403,0.3133333690836142,0.6289440601110148,0.06576450329934143,0.06576450329934143,-0.3553964816869638
c42,n29,6.0,ne_rien_faire,1,1,6.0,partiel,0.0,2.0,0.26205415709699015,0.2549963185988403,0.4825391812457233,0.6106821986204504,0.4315507905612464,0.6587651460895783,0.3738031571418531,0.6318444647110747,0.0,0.0,0.9525181416541525
c42,n30,10.0,expedition_express,1,1,10.0,partiel,0.0,1.0,0.06543258028183879,0.24639095471887323,0.1915389021551424,0.19793400357903174,0.7218591464620294,0.12209973879841825,0.6482909036448302,0.8209033904809829,0.18,0.18,0.0874313224758615
c42,n31,13.0,expedition_express,1,0,13.0,en_cours,,3.0,0.7010837670110698,0.4552996379226883,0.3802101768402153,0.07255258680151008,0.8253455296425086,0.831927697801358,0.01474040054350141,0.9595794316429708,0.05026139694364532,0.05026139694364532,-0.5608443054216019
c42,n32,10.0,ne_rien_faire,1,1,10.0,partiel,0.0,0.0,0.37314693627951434,0.5463503288721719,0.16448389140034134,0.5489160977731569,0.3489543604552774,0.4457299418547798,0.6045953934134581,0.40707775521453526,0.0,0.0,0.20086985699985083
c42,n33,0.0,revue_declaration,1,0,0.0,en_cours,,0.0,0.1373277516607172,0.5189856737507882,0.7314944384575304,0.952657964570789,0.6460316521771673,0.4998449822719583,0.6615479217988992,0.7292364946165929,0.07101163994378579,0.07101163994378579,-0.8842893151506623
c42,n34,12.0,replanifier_jalon,1,1,12.0,partiel,0.0,1.0,0.401017523771408,0.725684840194835,0.5569525612548775,0.5115462073898792,0.808027342783812,0.7113018075072693,0.3159125212112794,0.969675306840797,0.06948979284705413,0.06948979284705413,0.21529887171349416
c42,n35,13.0,boost_capacite,1,1,13.0,partiel,0.0,1.0,0.04169993243578776,0.9198428695190702,0.7664689394301659,0.7699232586284538,0.5571972510969015,0.3325703029357143,0.792055802847747,0.6786581857927028,0.06576450329934143,0.06576450329934143,0.03665257870949047
c42,n36,15.0,revue_declaration,1,1,15.0,partiel,0.0,4.0,0.12173755452464399,0.6665724670645635,0.49542391809712066,0.392819623199251,0.5246842899846246,0.26863723008307394,0.8474283532041128,0.7231823292195533,0.05249761951415173,0.05249761951415173,-0.2619185054942841
c42,n37,7.0,promouvoir_arc_secours,1,1,7.0,partiel,0.0,4.0,0.4216509098640387,0.05525116396954396,0.10121669360405282,0.831248387185533,0.7802043469495221,0.4154805388404785,0.7428754307134421,0.9847249687432932,0.0847811404775453,0.0847811404775453,-0.842768540165538
c42,n38,7.0,ne_rien_faire,1,1,7.0,echec,0.0,4.0,0.3901078904123784,0.2354018091281663,0.6349086425679693,0.36890968926519857,0.4689800729813479,0.8937067052843799,0.11527071158539992,0.5205869767213986,0.0,0.0,0.6111632914381854
c42,n39,1.0,replanifier_jalon,1,1,1.0,partiel,0.0,3.0,0.3078641753989155,0.18267629104085506,0.29086388930773327,0.7149402287724307,0.6135817767928878,0.5602676286187623,0.8360222917672575,0.9654099733004591,0.06732604454191315,0.06732604454191315,0.49169646705025816
c42,n40,14.0,expedition_express,1,1,14.0,partiel,0.0,1.0,0.27429248977703174,0.15684129099240854,0.6694158242276652,0.21230001216837013,0.4819068980281643,0.3769319856574435,0.6527835490236387,0.8742106135077435,0.18,0.18,0.8048210160195859
c42,n41,17.0,promouvoir_arc_secours,1,1,17.0,resolu,1.0,3.0,0.898063191736678,0.5599455502715155,0.6551511723974117,0.775635305777861,0.8010381945626088,0.6245943426933701,0.5764169122720183,0.7181621467976842,0.06507160887649192,0.06507160887649192,-0.35143924088805556
c42,n42,1.0,expedition_express,1,1,1.0,partiel,0.0,3.0,0.43170763672208745,0.6614991340980098,0.8615445053937214,0.6273335285463082,0.5685540751055741,0.6831056459509796,0.7577610883033638,0.18167962208530103,0.09287777229911215,0.09287777229911215,0.2810195632184479
c42,n43,13.0,ne_rien_faire,1,1,13.0,partiel,0.0,4.0,0.1902745154823817,0.1269882915765875,0.6266357157085087,0.26173079389323906,0.455033551758401,0.3933798640487581,0.4500126360689556,0.08819412360172607,0.0,0.0,-0.11119233926053482
c42,n44,9.0,ne_rien_faire,1,1,9.0,partiel,0.0,1.0,0.5327663548257555,0.28366541858491506,0.35566299295455067,0.03607354037502484,0.541993097938339,0.5477376261888536,0.1908773497537037,0.69487315884443,0.0,0.0,-0.6525525861734669
c42,n45,8.0,ne_rien_faire,1,1,8.0,partiel,0.0,3.0,0.23092673350367407,0.12209093181863961,0.8036409523707918,0.6369792395349041,0.3809901142133341,0.6103563805648622,0.47844901948215685,0.8252336594734396,0.0,0.0,1.4560124060330597
c42,n46,5.0,ne_rien_faire,1,1,5.0,resolu,1.0,0.0,0.523695027544395,0.061467157931793776,0.37339604156248657,0.37111954183368184,0.298940536381601,0.7641425987851609,0.4789959331249249,0.6888315094141229,0.0,0.0,0.4986661788073872
c42,n47,4.0,promouvoir_arc_secours,1,1,4.0,resolu,1.0,2.0,0.19398462637294137,0.13086964364918133,0.6452859522864387,0.7904550388556137,0.515411096007147,0.34912866849831475,0.7069899466183985,0.9307571566229503,0.0847811404775453,0.0847811404775453,-0.7866005113926405
c42,n48,0.0,ne_rien_faire,1,1,0.0,resolu,1.0,1.0,0.2411640113558474,0.4550688628017095,0.5592400009608273,0.5889694952983054,0.4496391957328866,0.8725648099307222,0.24833304201577572,0.48316762791523066,0.0,0.0,0.0949780660243599
c42,n49,4.0,expedition_express,1,1,4.0,resolu,1.0,3.0,0.36568102631927557,0.23509072076155374,0.676581331299939,0.7604224768301177,0.5342754868367303,0.3944859503252243,0.5436654579158053,0.8470759209565688,0.09287777229911215,0.09287777229911215,1.3991541815830735
c42,n0,8.0,replanifier_jalon,1,1,8.0,partiel,0.0,3.0,0.25358285237389516,0.5930912100337931,0.4483275357949709,0.36846972351644824,0.15236358707219413,0.03508427699671278,0.7650844837443228,0.5294849410963858,0.19,0.19,0.5183723482882393
c42,n1,15.0,promouvoir_arc_secours,1,1,15.0,echec,0.0,4.0,0.2974822640118802,0.5733566873682236,0.3836266575360312,0.4583222669099981,0.590446200407078,0.28511473344543337,0.6293348882919076,0.881167014842033,0.06507160887649192,0.06507160887649192,0.7830002105149878
c42,n2,4.0,ne_rien_faire,1,1,4.0,resolu,1.0,4.0,0.1951073383076816,0.3725914605189043,0.955885859125786,0.6308744349365574,0.6742170118717034,0.6349093534450924,0.46817109358593173,0.5973630961244567,0.0,0.0,-0.710618313314488
c42,n3,0.0,ne_rien_faire,1,1,0.0,resolu,1.0,1.0,0.8413093174527178,0.24027524187675836,0.5980534020816991,0.4217794964298654,0.5890608861128278,0.6535056520872125,0.5718212786128393,0.6845204827145881,0.0,0.0,1.3754977126530947
c42,n4,5.0,replanifier_jalon,1,1,5.0,partiel,0.0,3.0,0.5402333813169844,0.8773991880976744,0.34701205042109756,0.43597186731687293,0.20365043622064433,0.5912968129256224,0.567115478213031,0.8561895824471472,0.08263442177277024,0.08263442177277024,0.4831475851722996
c42,n5,8.0,revue_declaration,1,1,8.0,resolu,1.0,1.0,0.839331530788751,0.5717053062172333,0.8819057674881117,0.1974120407600284,0.7655047279911877,0.19926140359834876,0.4148935196726287,0.7250811389102738,0.07101163994378579,0.07101163994378579,0.16450734512758516
c42,n6,0.0,ne_rien_faire,1,1,0.0,partiel,0.0,2.0,0.16097899348812345,0.43558589952158633,0.21840610495337454,0.4979294870689148,0.6527045848903303,0.4665855732396086,0.8635771592523569,0.8691338064319082,0.0,0.0,0.8061281213911008
c42,n7,3.0,ne_rien_faire,1,1,3.0,partiel,0.0,4.0,0.013204921725216152,0.3594685399420088,0.6981171971870278,0.6349437189253464,0.5362125365915439,0.10804479162056334,0.6038201118493051,0.48035674784395554,0.0,0.0,-1.0327120784708204
c42,n8,6.0,expedition_express,1,1,6.0,echec,0.0,2.0,0.33336030840147063,0.7557154866796563,0.5144209558182443,0.5082991198295915,0.7386332015192352,0.13409678510364673,0.6226415331271233,0.6652011601691746,0.09287777229911215,0.09287777229911215,-0.8224146877724461
c42,n9,12.0,ne_rien_faire,1,1,12.0,partiel,0.0,0.0,0.42327555058428595,0.39015645861188736,0.7995397463104149,0.6365716679156858,0.5495381323341666,0.5134619656218126,0.38081439402526335,0.5705302923268454,0.0,0.0,-0.138731776969527
c42,n10,4.0,ne_rien_faire,1,1,4.0,echec,0.0,4.0,0.013909652285836458,0.4378078517582592,0.20147128763668984,0.5361237573621768,0.52223430503488,0.27141110138041463,0.1081552803406599,0.9221588396649185,0.0,0.0,-1.10698776382984
c42,n11,17.0,expedition_express,1,1,17.0,resolu,1.0,0.0,0.3740556594957846,0.5254138361260784,0.4299107072917939,0.6710873126753313,0.8102295359700542,0.35485094657077293,0.10723618693223803,0.4804601429359778,0.18,0.18,-0.41148377293431865
c42,n12,0.0,boost_capacite,1,1,0.0,partiel,0.0,2.0,0.08036052633700179,0.09938447507438118,0.21483293759945676,0.4358309524606197,0.7893629041937182,0.5313437628328039,0.379033207075663,0.9191000446137355,0.18,0.18,0.2790842955047592
c42,n13,17.0,ne_rien_faire,1,1,17.0,partiel,0.0,2.0,0.10451983852378285,0.21138247781959596,0.28905508487282117,0.44118932948345946,0.5491266517002229,0.840116232876466,0.4725908020646486,0.6446059384935976,0.0,0.0,-0.3660021342230293
c42,n14,0.0,ne_rien_faire,1,1,0.0,partiel,0.0,3.0,0.023120299203972815,0.12438283560497146,0.15523748049237396,0.36488625414498504,0.36821864743019883,0.6397138636648632,0.540562810366358,0.8005383993789366,0.0,0.0,-0.8302775338538588
c42,n15,0.0,ne_rien_faire,1,1,0.0,partiel,0.0,2.0,0.2316894357972527,0.449334805491788,0.7886140808986302,0.4111757064879451,0.7919831694775538,0.9005657814615997,0.41481106363188125,0.8835362839742863,0.0,0.0,-1.393037240765689
c42,n16,12.0,boost_capacite,1,1,12.0,resolu,1.0,4.0,0.20005844284625418,0.4474550523640389,0.298133760285586,0.6417973347808867,0.6581862869690028,0.16741761858253418,0.18776251736210567,0.9925224157365912,0.18,0.18,-1.448816484517615
c42,n17,7.0,ne_rien_faire,1,1,7.0,echec,0.0,2.0,0.3014744925720031,0.4765098136408411,0.6087910984010286,0.3915186738804088,0.5032229741411236,0.5852983890701907,0.2001443004454187,0.6994832358908909,0.0,0.0,-1.8215211287365243
c42,n18,17.0,expedition_express,1,1,17.0,resolu,1.0,2.0,0.23578952424521785,0.3471902486960751,0.7555350125775638,0.8756172518416108,0.4098061932057759,0.33049951466328553,0.7914405232210036,0.9857211438951867,0.050825581787975416,0.050825581787975416,1.3186421142379767
c42,n19,9.0,revue_declaration,1,1,9.0,partiel,0.0,2.0,0.4953673485718403,0.6734693743794123,0.3478965331887685,0.47302835922944103,0.6126551943901722,0.39064739352244765,0.2453998042224484,0.8256516035792411,0.05249761951415173,0.05249761951415173,0.5277563522638364
c42,n20,11.0,ne_rien_faire,1,1,11.0,echec,0.0,4.0,0.2726777840154539,0.18025533444108022,0.3605474832101026,0.5909467768256531,0.39833179840744776,0.5539933973563888,0.38127920011760214,0.91778162042484,0.0,0.0,0.3658682327515278
c42,n21,2.0,expedition_express,1,1,2.0,echec,0.0,0.0,0.36267851460930317,0.46975035940671545,0.4939726044135071,0.7063548415205112,0.774442042909857,0.7307529212700469,0.8522368860044547,0.913967250727801,0.06784087113578872,0.06784087113578872,2.173484789999268
c42,n22,17.0,ne_rien_faire,1,1,17.0,resolu,1.0,3.0,0.13456455838369255,0.37303568237898677,0.7475898471300207,0.7292089118673821,0.3369934789850786,0.6847971708229044,0.20907446237154423,0.6560944852497551,0.0,0.0,-2.0382897267748414
c42,n23,5.0,ne_rien_faire,1,1,5.0,resolu,1.0,1.0,0.16612398199880818,0.16183039036965768,0.5743856691665353,0.4326702932028803,0.3671580346918309,0.7641909125749363,0.44570554546012264,0.3890140642152126,0.0,0.0,0.4080722107204461
c42,n24,5.0,expedition_express,1,1,5.0,resolu,1.0,2.0,0.33212663231142797,0.3375634158866465,0.302280598842872,0.41120403056484583,0.3272991938119436,0.6868080134422089,0.8659201533753078,0.34003910698806766,0.19999999999999998,0.19999999999999998,2.0325619687444503
c42,n25,12.0,revue_declaration,1,0,12.0,en_cours,,0.0,0.3691882740448265,0.5422664950324049,0.5164243310262565,0.5864776340062983,0.3266970279063699,0.7470777806844704,0.33987718134501416,0.9957228625681757,0.11922721033773194,0.11922721033773194,-0.35130748388802324
c42,n26,17.0,ne_rien_faire,1,1,17.0,partiel,0.0,1.0,0.23864353932128407,0.31454529405320686,0.7655502226373295,0.6801503379499323,0.35452399592194717,0.27644261014131727,0.3551831661256068,0.7204740751228159,0.0,0.0,-0.17065163291796603
c42,n27,17.0,expedition_express,1,1,17.0,resolu,1.0,1.0,0.3514980965781284,0.6107917138653928,0.3791101248968823,0.30419872179300134,0.5379061134928247,0.4395922364566096,0.7749504425490413,0.9598976665154406,0.06784087113578872,0.06784087113578872,1.2072452682490376
c42,n28,14.0,replanifier_jalon,1,1,14.0,resolu,1.0,1.0,0.35934841357302316,0.23070115538454902,0.7971974682832872,0.7690576140869516,0.11180994386597425,0.7831219914869179,0.16670378526391882,0.91833064469322,0.06948979284705413,0.06948979284705413,0.9113481292030605
c42,n29,8.0,boost_capacite,1,1,8.0,partiel,0.0,3.0,0.10337776883761123,0.20890575178043683,0.6256267395980772,0.5122690478328191,0.7973484236863578,0.4958581000973999,0.5896829994025258,0.19379167622338184,0.053075940557296836,0.053075940557296836,-0.7290829313749779
c42,n30,7.0,promouvoir_arc_secours,1,1,7.0,resolu,1.0,0.0,0.46242194796509806,0.4515898470252357,0.05918750763846568,0.25281300769531495,0.7111616065694883,0.6499494087060096,0.6683716313321241,0.7959707733268194,0.09375668266232669,0.09375668266232669,0.8941539135729704
c42,n31,16.0,ne_rien_faire,1,1,16.0,resolu,1.0,1.0,0.39396342947668367,0.3168439800909142,0.6806793646531534,0.43127932591870494,0.25934017183570984,0.5040919057322243,0.6432186509675221,0.31241045162021364,0.0,0.0,0.35085560176178954
c42,n32,6.0,boost_capacite,1,1,6.0,echec,0.0,1.0,0.278423933907278,0.5866605936133558,0.6131128315557918,0.45698065705923524,0.879395604497974,0.5956203525888428,0.5190647989313002,0.8727743622080961,0.06576450329934143,0.06576450329934143,0.5176598193968628
c42,n33,14.0,expedition_express,1,1,14.0,echec,0.0,2.0,0.25662484444978895,0.7831732656864066,0.7374743216173472,0.7329381207020152,0.30261425185876784,0.7157841133468921,0.40074609557222296,0.41853802738596546,0.09287777229911215,0.09287777229911215,0.5623120758113087
c42,n34,4.0,replanifier_jalon,1,1,4.0,resolu,1.0,0.0,0.41433211798145153,0.842771617852049,0.561889793422361,0.3981424985871249,0.4348419907260423,0.6483540724304797,0.32691506697493866,0.7832974170339871,0.05036857131959023,0.05036857131959023,0.43716771112675
c42,n35,17.0,expedition_express,1,1,17.0,resolu,1.0,1.0,0.3731712011557886,0.30385291510286594,0.40353699456535436,0.4140178199163638,0.5147066868601439,0.6928504494746955,0.48579605635654605,0.5861500782265512,0.10748598928679363,0.10748598928679363,0.2581877179816221
c42,n36,14.0,expedition_express,1,1,14.0,resolu,1.0,3.0,0.5071168764804227,0.32626521980349166,0.13091262974665083,0.34923771690719635,0.6389731698416234,0.6276050171846298,0.5028598909327593,0.8582523053840647,0.09287777229911215,0.09287777229911215,1.0871049275284626
c42,n37,15.0,boost_capacite,1,1,15.0,resolu,1.0,1.0,0.7187527036732727,0.6546858037847637,0.15798820839758385,0.49181194596191624,0.5908207167175793,0.5490961787239648,0.19269436744725288,0.6169234672518231,0.06576450329934143,0.06576450329934143,-0.30475437015760987
c42,n38,6.0,ne_rien_faire,1,1,6.0,partiel,0.0,3.0,0.5808142975842125,0.3699146821182081,0.7624897433949815,0.4110127419896189,0.3366493491721021,0.038937401485468995,0.23328301311960942,0.17023007973285473,0.0,0.0,-0.6644128488959988
c42,n39,17.0,ne_rien_faire,1,1,17.0,resolu,1.0,1.0,0.23324721439243284,0.43060999212907736,0.7092664974194333,0.2634043481244204,0.46452548416242945,0.6849651712073866,0.50790731456067,0.3614267847858322,0.0,0.0,1.1373074407421613
c42,n40,9.0,boost_capacite,1,1,9.0,partiel,0.0,4.0,0.34095552039978433,0.393287010124956,0.6832539591816624,0.5870427668962542,0.12176253949580478,0.9725572074472624,0.7256960610981711,0.9631977051335759,0.10810334108612218,0.10810334108612218,2.2625860824890838
c42,n41,5.0,ne_rien_faire,1,1,5.0,echec,0.0,1.0,0.34764928719890026,0.8190767400687706,0.44304180913891206,0.5179476617262845,0.34875494750592256,0.44625728333006165,0.7491894363131785,0.2786758279580751,0.0,0.0,0.6297954605480809
c42,n42,1.0,ne_rien_faire,1,1,1.0,echec,0.0,1.0,0.25479542978594494,0.2855254645599134,0.6799797614964963,0.9353004334182008,0.47481036830317025,0.5888013052354371,0.47377340240905125,0.9661819504340633,0.0,0.0,0.9772576683932087
c42,n43,9.0,replanifier_jalon,1,1,9.0,resolu,1.0,3.0,0.051923530995699727,0.2855285933511292,0.6605595011038706,0.16752282162897644,0.665134888620766,0.8090966706158543,0.3759548619930891,0.6318941710742704,0.08263442177277024,0.08263442177277024,-0.5853831741336656
c42,n44,8.0,revue_declaration,1,1,8.0,echec,0.0,2.0,0.3072657322252687,0.6967493220879728,0.2994867008561618,0.2497466500492423,0.5721257785925725,0.3054154104430112,0.6044552271037001,0.5837951747079884,0.05249761951415173,0.05249761951415173,2.432328221651913
c42,n45,13.0,ne_rien_faire,1,1,13.0,resolu,1.0,1.0,0.3383637856009132,0.6958727873148238,0.22327314311086519,0.6318206266123351,0.3377533502465183,0.42334044084945394,0.20883578038987136,0.7059436761964882,0.0,0.0,-1.3870153887219985
c42,n46,10.0,boost_capacite,1,1,10.0,resolu,1.0,1.0,0.3159167404775019,0.5409426751079534,0.4589735981272955,0.41144331972266,0.46288646847511555,0.20285388484312494,0.6235473110790049,0.6915269632309633,0.06576450329934143,0.06576450329934143,-0.592010853963513
c42,n47,11.0,ne_rien_faire,1,1,11.0,echec,0.0,4.0,0.03571806187857728,0.5258208089091896,0.41433111513843107,0.22449490796115684,0.7743780504173983,0.6646803016968625,0.4220154261775247,0.7070634219994598,0.0,0.0,-0.4838649989840209
c42,n48,5.0,boost_capacite,1,1,5.0,partiel,0.0,3.0,0.21595360759982055,0.41288434665041557,0.1584348360298638,0.6836086443490551,0.8496952966728122,0.5813021731545415,0.639786764566046,0.4480160318490591,0.053075940557296836,0.053075940557296836,1.5390750835138705
c42,n49,16.0,replanifier_jalon,1,1,16.0,partiel,0.0,1.0,0.5995847359769017,0.31291469228446234,0.6242685682489273,0.20835968484013437,0.7353289549949038,0.3890242163595927,0.09590772146354007,0.848306746874582,0.11280496606787029,0.11280496606787029,-1.5749036109338497
c42,n0,17.0,ne_rien_faire,1,1,17.0,echec,0.0,3.0,0.2231241148239749,0.2618700990948407,0.40207799417009693,0.5688428312177659,0.31482877209745597,0.8108346051054592,0.4166750521337422,0.8305528277385764,0.0,0.0,-0.8062959523211801
c42,n1,0.0,ne_rien_faire,1,1,0.0,echec,0.0,3.0,0.22895989526372798,0.5460828003264161,0.5522528559833851,0.16321578038583762,0.7240982700638554,0.19263653237549894,0.37283945778199573,0.8654473739013199,0.0,0.0,-1.225929564778034
c42,n2,3.0,replanifier_jalon,1,1,3.0,resolu,1.0,0.0,0.19430050202458796,0.3572143589860605,0.622034625521224,0.32028665334399664,0.4837842596668279,0.6059962596430316,0.8328033504898572,0.8761617361363373,0.11280496606787029,0.11280496606787029,-0.8122242939506299
c42,n3,1.0,ne_rien_faire,1,1,1.0,resolu,1.0,0.0,0.26625021623443673,0.3375288033898143,0.3447714789870514,0.5364347223326612,0.7961976354681023,0.33765078894649425,0.7651979246442874,0.9357726096193633,0.0,0.0,-0.6099686250163189
c42,n4,6.0,ne_rien_faire,1,1,6.0,resolu,1.0,4.0,0.23656679200486297,0.2572157463750226,0.19555353550116172,0.5930984460933956,0.37441842885326304,0.4836120297459347,0.37866360226619783,0.7458622289080671,0.0,0.0,0.45146217898722873
c42,n5,15.0,ne_rien_faire,1,1,15.0,resolu,1.0,2.0,0.3811000273158546,0.248902243099713,0.5834382196148339,0.32771473387226807,0.06918970549344136,0.6707241683725967,0.5820575804957814,0.5707171132295565,0.0,0.0,0.27798483637450516
c42,n6,6.0,revue_declaration,1,0,6.0,en_cours,,1.0,0.340093335757321,0.6966540820180123,0.3961503629097326,0.2751808366830353,0.8598344840280319,0.7202682919135027,0.47554492317966746,0.7720867665262,0.07101163994378579,0.07101163994378579,0.864906490115996
c42,n7,11.0,ne_rien_faire,1,1,11.0,partiel,0.0,3.0,0.0952529653656573,0.13794832324475384,0.8668648352203858,0.6679047313798128,0.3355217520095958,0.253803805200699,0.8998876069737923,0.639503430297609,0.0,0.0,-0.6089645047959409
c42,n8,1.0,boost_capacite,1,1,1.0,echec,0.0,0.0,0.19107879570535044,0.4000924583905954,0.43101014391186987,0.8329342452759919,0.37191864833891514,0.5526077827797992,0.682931602295462,0.9651289300761032,0.08115534141178526,0.08115534141178526,1.1200105516604664
c42,n9,10.0,ne_rien_faire,1,1,10.0,partiel,0.0,3.0,0.12594996013249862,0.16078098804366497,0.629596293999818,0.7991575127999992,0.2210725050749877,0.034905819403390645,0.47398477244437887,0.42251822210416856,0.0,0.0,-0.9102822203964922
c42,n10,13.0,replanifier_jalon,1,1,13.0,resolu,1.0,1.0,0.5681710816666989,0.31189474985916255,0.5152672033703096,0.1810054600867743,0.8017776190548882,0.19545726577318376,0.4179492084299481,0.699789114764401,0.11280496606787029,0.11280496606787029,0.07550811088829776
c42,n11,1.0,boost_capacite,1,1,1.0,resolu,1.0,0.0,0.3056666385490769,0.1310794910223568,0.37338991313085984,0.5031162946510782,0.39370924197945684,0.46227215496179486,0.7038552223123337,0.9881598825030035,0.08115534141178526,0.08115534141178526,0.8907247379587832
c42,n12,3.0,ne_rien_faire,1,1,3.0,resolu,1.0,0.0,0.24998897591546385,0.6806792154571166,0.8409182984121522,0.5164813489006265,0.45928617665125787,0.01232124444502001,0.6044983690183509,0.2941482953700116,0.0,0.0,-1.2745318379134523
c42,n13,12.0,ne_rien_faire,1,1,12.0,partiel,0.0,1.0,0.1780425280102312,0.6253031454652452,0.07959400580341262,0.5107026465850206,0.27592058263376257,0.03964307893241941,0.09641010796888669,0.21835819885810995,0.0,0.0,-1.8273102119354063
c42,n14,11.0,ne_rien_faire,1,1,11.0,partiel,0.0,4.0,0.20395636535373207,0.14177761155553556,0.7590396656641683,0.8367278521941892,0.1329761159218251,0.4807566002764588,0.4837204947475543,0.28905761831862176,0.0,0.0,-0.4480543648892057
c42,n15,4.0,expedition_express,1,1,4.0,echec,0.0,3.0,0.3265458111812276,0.49274767264217517,0.1731206224123242,0.556733795761818,0.7777919184863469,0.6354679826172086,0.7124294029835339,0.9853914997619824,0.050825581787975416,0.050825581787975416,0.5024021587485283
c42,n16,7.0,revue_declaration,1,1,7.0,resolu,1.0,0.0,0.13940069500125607,0.5453208321001005,0.12924852421661862,0.3329508053822379,0.12849144749941868,0.6958066726432705,0.8886855446573995,0.7095829635086327,0.08275544669906046,0.08275544669906046,0.16515812564390753
c42,n17,10.0,ne_rien_faire,1,1,10.0,partiel,0.0,2.0,0.5061070524272844,0.04431048544490179,0.2529991785820199,0.8062818169895108,0.3075540089176988,0.39280056360970916,0.41173799933509864,0.6797436872074724,0.0,0.0,-1.4608524793514694
c42,n18,15.0,ne_rien_faire,1,1,15.0,partiel,0.0,3.0,0.2119966687336993,0.43608393390211253,0.37777038068027413,0.41751807072786934,0.2834024341193102,0.4529533908102595,0.6197092431920761,0.3230887511028467,0.0,0.0,1.351104341082591
c42,n19,8.0,revue_declaration,1,1,8.0,partiel,0.0,2.0,0.33948089958577654,0.48218831828017833,0.5067698997055374,0.8484606917610971,0.4123860724736998,0.08068840548338452,0.5549903262649623,0.8677238077438417,0.05249761951415173,0.05249761951415173,0.062018384892352674
c42,n20,5.0,expedition_express,1,1,5.0,resolu,1.0,1.0,0.24296094419475964,0.38722076286679824,0.11902022367880656,0.17469121808163895,0.5048088126401491,0.7539701497266119,0.27602038990946093,0.20440006612350226,0.10748598928679363,0.10748598928679363,0.9102039681395739
c42,n21,7.0,ne_rien_faire,1,1,7.0,resolu,1.0,0.0,0.039622545361454695,0.5859604477893514,0.3100558842186105,0.26254757247496185,0.7127624584935639,0.7325927818337709,0.6754347114058595,0.8405219488475747,0.0,0.0,-0.1355593393432415
c42,n22,8.0,ne_rien_faire,1,1,8.0,partiel,0.0,0.0,0.12404911488336502,0.49254791676049525,0.27071062976798105,0.46330586282737213,0.345510476544149,0.2628717013699717,0.33077871894034777,0.8709666851989313,0.0,0.0,-2.1681411402584922
c42,n23,4.0,ne_rien_faire,1,1,4.0,partiel,0.0,3.0,0.2439739461484529,0.14475658888539217,0.5321165786664149,0.3222882078105684,0.3859967026477422,0.4494699634702263,0.6774886240720409,0.7313806030089375,0.0,0.0,-0.11960483772096364
c42,n24,2.0,expedition_express,1,1,2.0,partiel,0.0,1.0,0.11281224701629587,0.05522457739049748,0.3683636962945371,0.4967927248360174,0.3946627832848569,0.17054957437598642,0.33185478420888775,0.9814576296880351,0.06784087113578872,0.06784087113578872,-0.9218761028444545
c42,n25,2.0,ne_rien_faire,1,1,2.0,partiel,0.0,1.0,0.12026251886113908,0.27580578106869447,0.6366444709982827,0.9308137529218431,0.3567146994503599,0.3605268823494128,0.3856085150686489,0.996715623309107,0.0,0.0,-0.42215321709095555
c42,n26,17.0,expedition_express,1,1,17.0,echec,0.0,0.0,0.052840369288116674,0.8708583767250992,0.7980291962544157,0.08531791559453314,0.3213062479421647,0.39420273621049096,0.5965281531968515,0.7801141959661763,0.18,0.18,0.05174521428223905
c42,n27,1.0,ne_rien_faire,1,1,1.0,resolu,1.0,2.0,0.1859525163189837,0.26311803840732084,0.367698349077186,0.8449982631786865,0.21504498481979353,0.8183712703622814,0.6378555022252117,0.7370357081323309,0.0,0.0,0.4550547223523305
c42,n28,10.0,promouvoir_arc_secours,1,1,10.0,resolu,1.0,1.0,0.38724420272469917,0.7404449256259079,0.6841069251093992,0.8611256577455556,0.6958506686491773,0.9257871115511656,0.1596746153249818,0.4689119851668199,0.11114874117773832,0.11114874117773832,-0.294985903504744
c42,n29,8.0,ne_rien_faire,1,1,8.0,echec,0.0,4.0,0.4027394923969546,0.3620358801684484,0.5397823712572645,0.8110450580526488,0.8380262473158628,0.39022688662370636,0.8402735368399608,0.49521144443419707,0.0,0.0,0.1323351922425403
c42,n30,11.0,ne_rien_faire,1,1,11.0,partiel,0.0,0.0,0.1056952161754526,0.42634800927426836,0.6894598050809448,0.6417202760749046,0.4464564241817538,0.10277489181495725,0.406307273719356,0.8423151757362292,0.0,0.0,-1.1163974589833847
c42,n31,15.0,revue_declaration,1,1,15.0,partiel,0.0,2.0,0.3390007219471098,0.3295239029929089,0.6141641979969115,0.8027037653704125,0.7957616642221853,0.33426488142193184,0.7849632474673256,0.1529433577305299,0.05249761951415173,0.05249761951415173,-0.393268811461714
c42,n32,9.0,promouvoir_arc_secours,1,1,9.0,partiel,0.0,4.0,0.078222752757581,0.8751590042105344,0.5002562769097036,0.2970509957610427,0.45476709587501357,0.4577773848650957,0.6810921315586764,0.8792754605163914,0.06507160887649192,0.06507160887649192,-0.9764825477955525
c42,n33,1.0,revue_declaration,1,1,1.0,echec,0.0,4.0,0.5324766455657615,0.5261003718757032,0.848811168972034,0.24989379748254167,0.5850980973592611,0.9018626755061094,0.4917764849373148,0.9233129229479408,0.19,0.19,1.2456489011707874
c42,n34,6.0,boost_capacite,1,1,6.0,partiel,0.0,3.0,0.46192654522166926,0.5412748368164775,0.21593800511410738,0.1766728382391533,0.6770231330782469,0.3072383001361153,0.41885124385582134,0.8546828329134065,0.053075940557296836,0.053075940557296836,1.101563997025189
c42,n35,6.0,revue_declaration,1,1,6.0,resolu,1.0,4.0,0.21426260950389708,0.6478575064547274,0.7232547376501546,0.6875616737924845,0.596250150396088,0.17913774382253733,0.24078076834578954,0.800828313243046,0.05249761951415173,0.05249761951415173,0.3033017262382407
c42,n36,9.0,promouvoir_arc_secours,1,1,9.0,resolu,1.0,0.0,0.1979982973078045,0.8204218152297599,0.5889344327518785,0.5437884617187323,0.2881813014808013,0.519904717444227,0.59443718803368,0.5459505277416297,0.09375668266232669,0.09375668266232669,0.6959306933492135
c42,n37,5.0,ne_rien_faire,1,1,5.0,partiel,0.0,4.0,0.0657067100188878,0.6615908525288148,0.7257650009231512,0.39272890479884914,0.7215086210959019,0.10842317237328777,0.36879501347662225,0.7426167063166064,0.0,0.0,-2.3589365595124008
c42,n38,2.0,ne_rien_faire,1,1,2.0,resolu,1.0,2.0,0.020612530086042975,0.41079766117576494,0.4504568654275923,0.6386955549103124,0.4372419214686037,0.5021395573719591,0.4854197090884866,0.5076155998762879,0.0,0.0,-0.14892863624056057
c42,n39,17.0,ne_rien_faire,1,1,17.0,echec,0.0,1.0,0.27426740176529807,0.20210613117833498,0.5195388733029872,0.7361465974968436,0.703123838440719,0.7746258642896696,0.27240677147469583,0.9005835586879186,0.0,0.0,-1.6349331557272744
c42,n40,5.0,revue_declaration,1,1,5.0,resolu,1.0,3.0,0.21957835175835302,0.5620805228898624,0.5699518801191045,0.8237522770439009,0.3279423795977704,0.38094331108624707,0.738873758451946,0.35873524213964963,0.05249761951415173,0.05249761951415173,0.24459926001544394
c42,n41,1.0,boost_capacite,1,1,1.0,resolu,1.0,1.0,0.3320380250202879,0.021478637772951836,0.1781703350866708,0.08758067161603406,0.46835364859431017,0.660459395668319,0.47624058130186325,0.3875937213177874,0.19,0.19,-0.10034944230214327
c42,n42,14.0,ne_rien_faire,1,1,14.0,partiel,0.0,3.0,0.17802480804902585,0.5413812922682409,0.5309032449882418,0.3552579388106945,0.3628831579897613,0.6148376695205687,0.6222683054736041,0.32259140169452827,0.0,0.0,0.3031259122575606
c42,n43,7.0,boost_capacite,1,1,7.0,resolu,1.0,1.0,0.24568282657193413,0.6160507408842184,0.48512438234758987,0.34135250783148013,0.4096949980878503,0.5270303359460915,0.5987024822404114,0.4614756475055256,0.19,0.19,1.1727350045990321
c42,n44,5.0,ne_rien_faire,1,1,5.0,resolu,1.0,3.0,0.11542866051126928,0.51743980985506,0.10219368047738578,0.7101673615396876,0.65287372848464,0.33495327413236653,0.532368303091545,0.6304140750703043,0.0,0.0,-1.737474062806339
c42,n45,0.0,ne_rien_faire,1,1,0.0,resolu,1.0,0.0,0.21285352941953095,0.38186232354849264,0.7346634195786831,0.3765926680289144,0.4156816585710197,0.19104997195078907,0.10176851034272445,0.9479986341222402,0.0,0.0,-3.0981397661393357
c42,n46,7.0,replanifier_jalon,1,1,7.0,resolu,1.0,2.0,0.2322471232956034,0.16787402465113244,0.6685979216950537,0.3940583258114224,0.8212463615384185,0.7046357721753099,0.8667742980562797,0.6120971167624041,0.19,0.19,1.307777718603058
c42,n47,3.0,ne_rien_faire,1,1,3.0,partiel,0.0,1.0,0.3828220836502121,0.5189014005143807,0.14744756355421917,0.6577591563215099,0.3457013793577778,0.38839659006275856,0.837219518084904,0.6311958932625507,0.0,0.0,0.0642322752057981
c42,n48,16.0,replanifier_jalon,1,1,16.0,resolu,1.0,2.0,0.08649037315683912,0.48825181390872124,0.6655642555464325,0.8624942170732729,0.49582934913843824,0.4202620827520989,0.638440343354752,0.5873165296333396,0.19,0.19,1.5270623802479295
c42,n49,15.0,ne_rien_faire,1,1,15.0,echec,0.0,0.0,0.2528617193194084,0.09955454380136113,0.30926589713033853,0.6103183680441312,0.6500432419676461,0.7785960053616099,0.5561298055730334,0.7448736747603725,0.0,0.0,0.5665133078349769
c42,n0,1.0,revue_declaration,1,1,1.0,partiel,0.0,4.0,0.24715148863617584,0.353944930474565,0.1714053870250267,0.1287802761351012,0.5762667895174045,0.2682152366498646,0.36118243370454484,0.911349388688181,0.09844224846172875,0.09844224846172875,0.37608298410238616
c42,n1,17.0,replanifier_jalon,1,1,17.0,echec,0.0,0.0,0.5246831985151262,0.7091129832885206,0.39008782405335257,0.4179687220728141,0.6898150680679107,0.23421622683666687,0.43277320906084776,0.604423355571738,0.11280496606787029,0.11280496606787029,-0.032714325723166994
c42,n2,3.0,replanifier_jalon,1,0,3.0,en_cours,,3.0,0.3045342967576165,0.30944791602006005,0.3818927028878955,0.5684706995928621,0.3188377156828789,0.6160579995714499,0.5068398805258452,0.5352057724321959,0.08263442177277024,0.08263442177277024,-0.03257629794440406
c42,n3,3.0,expedition_express,1,1,3.0,echec,0.0,2.0,0.2745100687467926,0.8625159831078366,0.44524246462677275,0.5759354196185211,0.8104983330351644,0.5951283104513827,0.6813038811823735,0.9142487658580133,0.050825581787975416,0.050825581787975416,-0.8157446493917464
c42,n4,12.0,ne_rien_faire,1,1,12.0,partiel,0.0,2.0,0.23165430089009031,0.39579842961983247,0.5264721192389735,0.1859171998319142,0.5328306142124374,0.3508988455916883,0.4683358166035438,0.9977186204607915,0.0,0.0,-0.9540028129161195
c42,n5,9.0,ne_rien_faire,1,1,9.0,partiel,0.0,0.0,0.05975870643396226,0.053393518498554164,0.7376040419813052,0.02402717057863754,0.7605940974781409,0.4944516540344015,0.9566275166036915,0.6959469562491073,0.0,0.0,-0.7996569064491005
c42,n6,3.0,revue_declaration,1,1,3.0,partiel,0.0,2.0,0.34597891325438257,0.44874698044827105,0.6546219141915638,0.6549331734158141,0.8864215899929072,0.6252311467420131,0.19622598551544532,0.9285959346435445,0.09844224846172875,0.09844224846172875,-1.0071425095219517
c42,n7,16.0,revue_declaration,1,1,16.0,echec,0.0,4.0,0.5335317755263476,0.3418632570914349,0.5247429700062984,0.5186643753534114,0.5204143562716956,0.8008125773457407,0.8573409675240823,0.5326121171352142,0.08598823526196597,0.08598823526196597,1.125685567256544
c42,n8,8.0,ne_rien_faire,1,1,8.0,resolu,1.0,4.0,0.13005461462976572,0.4395500474595978,0.3244179420916284,0.6860859209764473,0.49532563125036655,0.20328701080355632,0.3877471858843353,0.7024068761118344,0.0,0.0,-1.4149398509515454
c42,n9,10.0,expedition_express,1,0,10.0,en_cours,,2.0,0.38041184048181237,0.4977985383942935,0.5507617374821473,0.8941661561141306,0.2563244022797296,0.9401798083293416,0.1789248897930953,0.5761188599315523,0.19999999999999998,0.19999999999999998,-0.056706411408798896
c42,n10,7.0,ne_rien_faire,1,1,7.0,echec,0.0,2.0,0.16449953342120863,0.6192565832534572,0.7326855958979481,0.6209828052543728,0.3947609771562765,0.9377983918877094,0.253934239505888,0.5213538924076436,0.0,0.0,-0.1770707576796982
c42,n11,5.0,ne_rien_faire,1,1,5.0,resolu,1.0,0.0,0.027091982505822097,0.3182132000072869,0.5098556645028992,0.6952399377191861,0.23223337485297652,0.4929417077311894,0.12276784226659737,0.6699613823889998,0.0,0.0,0.6394589505068033
c42,n12,16.0,revue_declaration,1,1,16.0,resolu,1.0,4.0,0.13562070614168864,0.3406801467687294,0.2158934875766096,0.6430816672940551,0.660951431728017,0.8224366426681962,0.3438511096154529,0.8070166716362247,0.08598823526196597,0.08598823526196597,0.8130604531304567
c42,n13,11.0,expedition_express,1,0,11.0,en_cours,,2.0,0.17623591499477653,0.46985936432876957,0.4122041896520513,0.6859090868460781,0.5640215440035271,0.4369413138114931,0.7358087728139966,0.8954045644488934,0.09287777229911215,0.09287777229911215,1.2643949900555311
c42,n14,17.0,ne_rien_faire,1,1,17.0,partiel,0.0,1.0,0.1554338755953688,0.2430653716762147,0.3758372581644859,0.7244016193423974,0.4339418420330677,0.29630916095228815,0.8230500288657757,0.28872336211474714,0.0,0.0,0.0742749879435584
c42,n15,12.0,ne_rien_faire,1,1,12.0,resolu,1.0,3.0,0.17018142548127416,0.19066244084248027,0.956710126040501,0.2874481881348055,0.4411099584133103,0.5107952531477288,0.2226994393249505,0.4898005663028622,0.0,0.0,-1.3341730139965788
c42,n16,4.0,promouvoir_arc_secours,1,1,4.0,partiel,0.0,4.0,0.2827845134533523,0.3513340076288308,0.15214386343220643,0.264018344795328,0.4779714116129117,0.29093371873922386,0.8430655815218305,0.8978070936184365,0.06507160887649192,0.06507160887649192,-0.10057187334620044
c42,n17,15.0,replanifier_jalon,1,1,15.0,resolu,1.0,1.0,0.4351811259870982,0.37654725628926833,0.4340099098943385,0.08753610487607971,0.2436851717501978,0.44092585852080374,0.3930232362332447,0.4256438249006331,0.05036857131959023,0.05036857131959023,0.14503948285215792
c42,n18,9.0,ne_rien_faire,1,1,9.0,echec,0.0,2.0,0.05476373110945442,0.2086075508912056,0.0848915038246254,0.5554849366784443,0.2933925627934888,0.5065141823029313,0.7854600152566478,0.7372543017841255,0.0,0.0,0.19931724804369327
c42,n19,13.0,ne_rien_faire,1,1,13.0,partiel,0.0,3.0,0.14434635488719205,0.13326752803707595,0.36037538084452764,0.03362181575399835,0.8952770400642828,0.5666808325723723,0.5072849808567507,0.7362071769809446,0.0,0.0,-0.9799311640345394
c42,n20,11.0,replanifier_jalon,1,1,11.0,resolu,1.0,3.0,0.35057182103752843,0.23673350437975932,0.7633374671824336,0.7524454566556663,0.6963004007846743,0.17807040622833864,0.8543187066748621,0.5366029143742844,0.19,0.19,1.2600126257876942
c42,n21,16.0,replanifier_jalon,1,1,16.0,resolu,1.0,3.0,0.09973837038436664,0.10774700835499645,0.4204946617939711,0.5209751841379043,0.6896077431314166,0.46588609161680666,0.6843089754257926,0.26253913699021575,0.19,0.19,1.4780216553398853
c42,n22,0.0,ne_rien_faire,1,1,0.0,resolu,1.0,0.0,0.4623545294341337,0.41272713165026775,0.6629256697754753,0.8006662795394318,0.7968881307097163,0.27188533104902185,0.2823804802103084,0.9471431125105659,0.0,0.0,-0.30930656421307795
c42,n23,15.0,ne_rien_faire,1,1,15.0,partiel,0.0,1.0,0.11786237719250081,0.22524728151704693,0.7662088427124786,0.2544225898140072,0.04844039068130405,0.4510070979187634,0.6346841227876497,0.19745234646284932,0.0,0.0,0.3571264990687204
c42,n24,10.0,revue_declaration,1,0,10.0,en_cours,,0.0,0.22169956755029324,0.543653493271545,0.36320855132204294,0.27140603377446976,0.5014772538281351,0.065683919074978,0.5576957259709366,0.9295829855348681,0.19999999999999998,0.19999999999999998,0.08267125611769688
c42,n25,13.0,promouvoir_arc_secours,1,1,13.0,echec,0.0,2.0,0.4814304518183374,0.36347543134770816,0.20651318498615318,0.39529980685065763,0.8426381344717626,0.5322250546554098,0.6618084373702903,0.884488407093131,0.06507160887649192,0.06507160887649192,-0.14163304641276486
c42,n26,12.0,ne_rien_faire,1,1,12.0,partiel,0.0,3.0,0.5755928850257578,0.48916082036115816,0.977225456395943,0.676011685147391,0.4334532243351876,0.6679816498185619,0.20127944275863088,0.5822047260625645,0.0,0.0,-0.673729291536971
c42,n27,13.0,replanifier_jalon,1,0,13.0,en_cours,,3.0,0.169351026493422,0.30339859977439315,0.43661346929502126,0.6585490790745722,0.336380785159623,0.3695517101178534,0.26538464701356956,0.8553112537594858,0.19,0.19,0.6429915333120915
c42,n28,17.0,boost_capacite,1,1,17.0,partiel,0.0,2.0,0.39400254349603214,0.43780957851668073,0.5874405636202107,0.4030642041343403,0.25561809783402617,0.33394491470626403,0.500340708167532,0.6450170380749044,0.053075940557296836,0.053075940557296836,0.7558640250289415
c42,n29,1.0,ne_rien_faire,1,1,1.0,partiel,0.0,0.0,0.24001332852417548,0.3487533875178677,0.9621535441055158,0.9091322791187824,0.549550522101352,0.9111731321928462,0.29793789260098436,0.5172184328622359,0.0,0.0,-1.8131015338269816
c42,n30,9.0,ne_rien_faire,1,1,9.0,resolu,1.0,0.0,0.29275128525011535,0.34849178693572563,0.27586087083997834,0.5238038468306236,0.6608794857595155,0.023783453980626812,0.3524655384759237,0.8135331912441912,0.0,0.0,-2.274110225067642
c42,n31,10.0,ne_rien_faire,1,1,10.0,echec,0.0,3.0,0.28856195849060745,0.57803216390295,0.23255640422845145,0.6323858032112591,0.8464163354622785,0.5999102943751673,0.4014520929669153,0.9019773711897336,0.0,0.0,-1.0361086534296104
c42,n32,5.0,ne_rien_faire,1,1,5.0,resolu,1.0,2.0,0.01610275565439858,0.31983118872411054,0.47916109839344934,0.9569966586253349,0.33943043519993094,0.7021623508099402,0.665195756357257,0.5008296780212415,0.0,0.0,-0.5121398920776441
c42,n33,3.0,ne_rien_faire,1,1,3.0,partiel,0.0,2.0,0.436591039390109,0.08524979391984189,0.1646688674891581,0.7367212320028922,0.5968796210338472,0.4218947470754615,0.5050150277830111,0.8302484887082595,0.0,0.0,0.8250432431212886
c42,n34,16.0,ne_rien_faire,1,1,16.0,partiel,0.0,1.0,0.10999313699394735,0.39976316522884614,0.5388369813932921,0.16903966211426388,0.7286285104380197,0.28462319474863196,0.7287906638327007,0.5146866771751247,0.0,0.0,-1.0234379268327771
c42,n35,1.0,boost_capacite,1,1,1.0,echec,0.0,3.0,0.5016309810214004,0.5554861674708235,0.43614417516806053,0.3103708029420359,0.5372484107255233,0.7172279194522522,0.8106892591061371,0.9818346858806718,0.10810334108612218,0.10810334108612218,2.0250920161345882
c42,n36,10.0,promouvoir_arc_secours,1,0,10.0,en_cours,,3.0,0.5726543534247729,0.2758515130107853,0.4160251648610522,0.4170235476702615,0.6779171161604794,0.5875770231482716,0.5259923877441298,0.4649243608561912,0.06507160887649192,0.06507160887649192,1.091593811539692
c42,n37,17.0,ne_rien_faire,1,1,17.0,partiel,0.0,2.0,0.4725420142992965,0.24109503842467897,0.5253427364475948,0.4845210820520363,0.3916287431574545,0.1974213011652241,0.6572185508099303,0.31430598597683673,0.0,0.0,0.17784015679676424
c42,n38,10.0,ne_rien_faire,1,1,10.0,partiel,0.0,3.0,0.16302081047603884,0.5052801019991242,0.6191892728239493,0.7775940377187661,0.7980361636152924,0.49663023397619993,0.5017212884189948,0.3361077288966905,0.0,0.0,-1.7839395316343216
c42,n39,16.0,ne_rien_faire,1,1,16.0,partiel,0.0,3.0,0.2422298899609052,0.3881582711315749,0.5182757137640073,0.6810605009993479,0.30267693063507145,0.5687649222949601,0.29421540768460747,0.9836829386894453,0.0,0.0,-1.596355003776438
c42,n40,4.0,revue_declaration,1,0,4.0,en_cours,,0.0,0.23381583881589624,0.4770593314397424,0.3348510101164784,0.1416141470269078,0.5831845287631382,0.30464926507034196,0.16695963667918273,0.7801557473856806,0.07101163994378579,0.07101163994378579,-1.4340801676104464
c42,n41,3.0,ne_rien_faire,1,1,3.0,partiel,0.0,0.0,0.04924087212509802,0.32818266049807315,0.4830776224909912,0.24027125808045327,0.5858423041871558,0.28534226600818946,0.1445017568457495,0.036634815792949124,0.0,0.0,-2.1269854685421183
c42,n42,16.0,ne_rien_faire,1,1,16.0,partiel,0.0,2.0,0.3823536664180711,0.39772821673001985,0.2901305214088516,0.9912489955690017,0.2011371478885819,0.7668496656192604,0.27787109394264675,0.2389649914844906,0.0,0.0,-0.7153429159647411
c42,n43,2.0,ne_rien_faire,1,1,2.0,resolu,1.0,1.0,0.19278572503447394,0.3254527771482976,0.7041917993124636,0.3905196141290786,0.7607086505839533,0.45683399890957094,0.47275814008486594,0.2961216037877197,0.0,0.0,-1.0081252867767054
c42,n44,2.0,replanifier_jalon,1,1,2.0,echec,0.0,2.0,0.1449468267403759,0.46400806112146403,0.5711423655104717,0.7433520265870772,0.9106804805562629,0.9348977552456156,0.5401470117696012,0.6859759143194613,0.08263442177277024,0.08263442177277024,1.7618390375994726
c42,n45,11.0,replanifier_jalon,1,1,11.0,partiel,0.0,4.0,0.39732594000499344,0.43090927157465325,0.6526791583032103,0.8869529365917879,0.40914909153681095,0.8832899971807827,0.32476631231931885,0.9405672649565111,0.06732604454191315,0.06732604454191315,0.6234567496782695
c42,n46,2.0,replanifier_jalon,1,1,2.0,echec,0.0,0.0,0.5444234399334511,0.35736387872620057,0.1309721979204725,0.37890334383712093,0.30248499872857787,0.8217857947761317,0.5303161129430819,0.8154596142758493,0.05036857131959023,0.05036857131959023,1.6449564138260462
c42,n47,3.0,revue_declaration,1,1,3.0,echec,0.0,1.0,0.14977669888281234,0.34219092586510186,0.8970960570339055,0.34146351915445844,0.6866361577132413,0.6591842661060876,0.2676663717113906,0.9922897790572338,0.19999999999999998,0.19999999999999998,-0.01896227400737399
c42,n48,7.0,ne_rien_faire,1,1,7.0,resolu,1.0,4.0,0.022344386347317884,0.710944329562438,0.4090693369095281,0.31553345779096253,0.4304254198345801,0.4092267218976338,0.2579745806906079,0.8347212348127266,0.0,0.0,-0.8931584592417299
c42,n49,3.0,ne_rien_faire,1,1,3.0,echec,0.0,4.0,0.4816117965148084,0.33084100196755906,0.6259130402607168,0.3002566922662754,0.5386814189946779,0.693797216586758,0.38758839063318684,0.5958607938291617,0.0,0.0,-0.08719029235693648
c42,n0,17.0,expedition_express,1,0,17.0,en_cours,,1.0,0.5356280326980201,0.593877655795708,0.6978307781423478,0.7034235511140855,0.6348336305650838,0.3822235636452965,0.608069923230507,0.8421226566554156,0.18,0.18,-0.3495183682598907
c42,n1,2.0,expedition_express,1,0,2.0,en_cours,,0.0,0.203638575383027,0.37564439195255384,0.38350914015308063,0.4947228036173107,0.3286378342299245,0.6135063574284467,0.2142385591304207,0.989327602090131,0.10548633434496271,0.10548633434496271,-1.0953090401077703
c42,n2,0.0,ne_rien_faire,1,1,0.0,partiel,0.0,4.0,0.3176861762583427,0.4420288804046331,0.597921616320795,0.8298318498217094,0.1024244312974074,0.8418562016097344,0.5558646654347279,0.5081111542614138,0.0,0.0,0.4020205114350426
c42,n3,5.0,ne_rien_faire,1,1,5.0,resolu,1.0,3.0,0.08647605978339042,0.5783746045588445,0.2865889759280158,0.24916162317125923,0.37191028634144857,0.4662517243995123,0.16172801214036464,0.7805705837646859,0.0,0.0,-1.7739772649830017
c42,n4,5.0,ne_rien_faire,1,1,5.0,partiel,0.0,4.0,0.05150637315848097,0.45827903934317,0.43518341385877446,0.585697733120288,0.47007287705388895,0.6715718310377987,0.6121399899958118,0.8509019906823015,0.0,0.0,-0.8628236760071825
c42,n5,0.0,ne_rien_faire,1,1,0.0,partiel,0.0,2.0,0.2786200902052232,0.08972996182666136,0.6778798029488731,0.055086650235084786,0.5719353723748963,0.5423080738783114,0.46064867562217726,0.39377998654478724,0.0,0.0,0.5829040146247821
c42,n6,14.0,replanifier_jalon,1,0,14.0,en_cours,,0.0,0.7607812279738766,0.5744085113014893,0.6687541325888018,0.3879103124997085,0.80556713985783,0.2813073568114223,0.9225510057150262,0.4009473982249236,0.11280496606787029,0.11280496606787029,2.0786544891822256
c42,n7,17.0,ne_rien_faire,1,1,17.0,partiel,0.0,3.0,0.30455022824050193,0.03600879018929095,0.4127411878664929,0.6410534185625224,0.34675345515695916,0.23811898650008345,0.4159206780131218,0.4446630735588303,0.0,0.0,-0.5495623792900745
c42,n8,17.0,ne_rien_faire,1,1,17.0,resolu,1.0,2.0,0.523957987316173,0.6771796711337416,0.28591487167274576,0.5064514599341211,0.3110533897158284,0.5173241600771794,0.32578074125448614,0.3411516588660821,0.0,0.0,0.05972801517139757
c42,n9,11.0,ne_rien_faire,1,1,11.0,partiel,0.0,4.0,0.16227984026158965,0.38350809848786105,0.8704116316947034,0.45803015272510866,0.3037134923259441,0.3377866706064533,0.27831541706446106,0.040339707214403143,0.0,0.0,-0.6568754030681152
c42,n10,3.0,ne_rien_faire,1,1,3.0,resolu,1.0,0.0,0.3706713082293845,0.3867591842744084,0.693995383905838,0.6691275320810048,0.48234031014003426,0.27559447893955596,0.7350286164301004,0.21183124650681825,0.0,0.0,-1.1872464003990943
c42,n11,12.0,ne_rien_faire,1,1,12.0,resolu,1.0,1.0,0.2233002204476756,0.4611353195311976,0.5705608079152286,0.25106589453274875,0.7633699289236847,0.4042989259945474,0.2126759355052036,0.6293920292358486,0.0,0.0,-0.12599935862112333
c42,n12,3.0,boost_capacite,1,1,3.0,resolu,1.0,1.0,0.600761868066286,0.5927829548005209,0.6832255975104131,0.6940245056757166,0.4913823537923947,0.6788677546884443,0.5867975419183294,0.38299663434790304,0.06576450329934143,0.06576450329934143,-0.2043448842823029
c42,n13,17.0,promouvoir_arc_secours,1,1,17.0,partiel,0.0,3.0,0.30152642236557226,0.039434216881190885,0.3267494809246335,0.18443872796074015,0.2927077757458659,0.11922403453160459,0.7222118523928787,0.8825831241101426,0.06507160887649192,0.06507160887649192,0.48790102489409304
c42,n14,16.0,revue_declaration,1,1,16.0,resolu,1.0,1.0,0.12124266211840987,0.2397046249531182,0.2239818608483823,0.41946678198945575,0.4213847981944429,0.6416722457947295,0.7733676833165718,0.21370291634980298,0.08275544669906046,0.08275544669906046,1.9510615743537723
c42,n15,12.0,ne_rien_faire,1,1,12.0,partiel,0.0,3.0,0.2096168707560485,0.7827343709502154,0.20545278332170394,0.3392539457968683,0.45629878083087166,0.2971157823767764,0.12647571940665137,0.1966074815500176,0.0,0.0,-2.043886477340237
c42,n16,9.0,ne_rien_faire,1,1,9.0,partiel,0.0,1.0,0.06674534419486731,0.5946468037776617,0.6844212665419716,0.5763465964813682,0.6266470731380251,0.7959635292760864,0.22862004919805,0.7805333410874388,0.0,0.0,-0.6296974366500916
c42,n17,8.0,expedition_express,1,1,8.0,resolu,1.0,4.0,0.31083395381569445,0.21558764524277793,0.3105887147117124,0.16691879017047262,0.5435529853191882,0.4162750139798453,0.3755489633743701,0.8647966917163732,0.09287777229911215,0.09287777229911215,0.3975144066254983
c42,n18,5.0,expedition_express,1,1,5.0,resolu,1.0,0.0,0.29669690255816833,0.4606006008339866,0.8197267840444946,0.4459976514405715,0.7617622508360596,0.3589117035765662,0.28514468321125924,0.7352085538638139,0.18,0.18,-1.2800941762091587
c42,n19,11.0,ne_rien_faire,1,1,11.0,resolu,1.0,4.0,0.051773672392230526,0.3298488763390789,0.39282450234507793,0.29844834174177337,0.22733741579210964,0.6459810871820241,0.03763148664640987,0.4130972081684878,0.0,0.0,-1.1518308598407359
c42,n20,8.0,ne_rien_faire,1,1,8.0,partiel,0.0,2.0,0.28094319789283145,0.7316320939080615,0.20763700682485706,0.556634701993055,0.04789061241248517,0.5429463783752706,0.628674213156494,0.5476380684786781,0.0,0.0,-1.4787795999947186
c42,n21,8.0,ne_rien_faire,1,1,8.0,partiel,0.0,0.0,0.3323783821417057,0.23572290800800536,0.5010346996641662,0.3515834427445041,0.3076780862660577,0.3495619700100517,0.4737847141485999,0.4709679081969661,0.0,0.0,-0.5484385160516009
c42,n22,15.0,ne_rien_faire,1,1,15.0,resolu,1.0,3.0,0.34233873474950083,0.0305448213223783,0.5961065657131144,0.8609492355848343,0.7707918960973942,0.20584000781491418,0.6553452832628138,0.14808979807829678,0.0,0.0,-0.7440568965292362
c42,n23,15.0,ne_rien_faire,1,1,15.0,partiel,0.0,4.0,0.13560844670085745,0.3206093534871712,0.3065418533052496,0.286373342621207,0.7621007696160154,0.5117837795038864,0.22447830332405724,0.656403670244625,0.0,0.0,-0.38525376105483994
c42,n24,1.0,ne_rien_faire,1,1,1.0,partiel,0.0,1.0,0.08123031254339573,0.21991314920353466,0.6388383529860449,0.5084301251389208,0.6178083365184368,0.8810477194852642,0.45486302681554913,0.8473927387607113,0.0,0.0,-0.6008719349140476
c42,n25,9.0,ne_rien_faire,1,1,9.0,echec,0.0,0.0,0.5698768559071655,0.5324259485857857,0.8761748436437684,0.5874093050710956,0.30514656793123485,0.7760227735130235,0.668992245975449,0.8429054748370826,0.0,0.0,1.2984844195864724
c42,n26,6.0,ne_rien_faire,1,1,6.0,partiel,0.0,1.0,0.4074990667842211,0.14137213938290064,0.537674265259069,0.9276434493654475,0.49576359875024606,0.5026392543574794,0.5064144139749619,0.16549393164734702,0.0,0.0,-0.5615512220408141
c42,n27,2.0,expedition_express,1,1,2.0,resolu,1.0,0.0,0.2776713035597857,0.2791668948233794,0.6190051793320858,0.5986259024672622,0.2595749482487104,0.25787788686088176,0.7032856377698796,0.9970659739699083,0.06784087113578872,0.06784087113578872,-1.192759519059596
c42,n28,9.0,ne_rien_faire,1,1,9.0,resolu,1.0,3.0,0.19894456245121034,0.36872380906353597,0.8414342620925959,0.5476316811924109,0.4691445137785419,0.7649353991921684,0.9557315722733407,0.38181261901490554,0.0,0.0,0.33761480182102177
c42,n29,14.0,boost_capacite,1,1,14.0,partiel,0.0,1.0,0.3881213838695685,0.5762104517113348,0.37882619274133056,0.18381695743165535,0.3058247606543012,0.5197157081353052,0.3534742993108477,0.5540951797678948,0.19,0.19,-1.049067394561155
c42,n30,0.0,revue_declaration,1,1,0.0,resolu,1.0,1.0,0.2340933314581634,0.873773084978035,0.6263276058049654,0.41191558447622095,0.6765471630691963,0.713902507466687,0.7144369876738211,0.8848002693872292,0.08275544669906046,0.08275544669906046,1.2891452016960496
c42,n31,8.0,ne_rien_faire,1,1,8.0,resolu,1.0,3.0,0.3049642640646105,0.25227296424273143,0.48239105479129085,0.7218860901981151,0.37814223107466904,0.858653023783107,0.31431586156080515,0.3331456445607611,0.0,0.0,1.1054355520982302
c42,n32,4.0,ne_rien_faire,1,1,4.0,partiel,0.0,4.0,0.5198827745169201,0.1299989831687524,0.5303533527079093,0.4475748232075585,0.5496488631997778,0.2343414228624063,0.7169553479744472,0.6580260740290996,0.0,0.0,-0.951843646379262
c42,n33,10.0,boost_capacite,1,1,10.0,partiel,0.0,4.0,0.21942850071494624,0.30576310541289325,0.27139341428163954,0.4721883310325181,0.7432598486866285,0.7306040838637813,0.11187426584611666,0.6771668906862794,0.053075940557296836,0.053075940557296836,-0.3458441735875613
c42,n34,5.0,ne_rien_faire,1,1,5.0,partiel,0.0,2.0,0.263881768709637,0.46981278064964344,0.4784345774274101,0.08996685480733128,0.3570130734593187,0.7749103372728916,0.5042687204489699,0.19977809324691437,0.0,0.0,0.3414198951191938
c42,n35,8.0,ne_rien_faire,1,1,8.0,echec,0.0,4.0,0.0707349530273456,0.3990016971829498,0.6948041645818612,0.39956995812483465,0.42598866719550954,0.9729951994510744,0.52337341700343,0.5778825976488473,0.0,0.0,0.5081526244688235
c42,n36,8.0,ne_rien_faire,1,1,8.0,resolu,1.0,3.0,0.0755501608703185,0.1541510610350353,0.701100678236964,0.02192701640502722,0.8127285211209969,0.5893707815921625,0.19991568191990625,0.3300106100346796,0.0,0.0,-0.9520841589800341
c42,n37,8.0,promouvoir_arc_secours,1,1,8.0,resolu,1.0,0.0,0.0015762383561408954,0.2534679556670625,0.17121140040773725,0.39962786616183205,0.2997736964886829,0.24619293223191005,0.4699936469775768,0.7701590429465628,0.09375668266232669,0.09375668266232669,-0.10323369060217724
c42,n38,11.0,ne_rien_faire,1,1,11.0,partiel,0.0,1.0,0.1443266782140002,0.5065202889113968,0.6885352226895542,0.513301031533265,0.6390068823584077,0.17565439205762082,0.3298792461537,0.19310072294045444,0.0,0.0,-0.6851340942986359
c42,n39,6.0,ne_rien_faire,1,1,6.0,partiel,0.0,0.0,0.18331281108849581,0.20080994324092202,0.5689493858654605,0.35861602855260183,0.6363099949693224,0.8977911614464021,0.5375354946212495,0.6416542867241378,0.0,0.0,1.043116668673339
c42,n40,10.0,boost_capacite,1,0,10.0,en_cours,,2.0,0.06374613979540555,0.6156830273602076,0.355870340058546,0.4421730355694773,0.7608581652734557,0.5988849009162469,0.18300131460560232,0.12149786942236779,0.053075940557296836,0.053075940557296836,-0.4688187257132801
c42,n41,16.0,ne_rien_faire,1,1,16.0,resolu,1.0,1.0,0.03050204290563311,0.3372403547100889,0.6804872611169045,0.8820215454476624,0.480263594810224,0.38441454444421236,0.09920893323846057,0.4412887003685707,0.0,0.0,-1.5401170009361302
c42,n42,15.0,ne_rien_faire,1,1,15.0,resolu,1.0,2.0,0.09904352223185509,0.32681565505538146,0.4003367223684859,0.6293815754528942,0.177674306529502,0.5368942001106881,0.37817903478462783,0.42744244534184234,0.0,0.0,-1.2526638018570184
c42,n43,17.0,ne_rien_faire,1,1,17.0,partiel,0.0,4.0,0.15949502064822846,0.31046218997455416,0.6435341724146654,0.29057033518371056,0.08896708368559088,0.44685368236126993,0.3724572251412717,0.45442436859781643,0.0,0.0,-0.16885980761049862
c42,n44,16.0,boost_capacite,1,0,16.0,en_cours,,1.0,0.1306238222569733,0.6679734863124692,0.49678055834219603,0.5814388619729819,0.8130775570356227,0.5263499153101132,0.314919589302563,0.5732513046782158,0.06576450329934143,0.06576450329934143,0.002142999573880422
c42,n45,7.0,ne_rien_faire,1,1,7.0,partiel,0.0,2.0,0.27039051519656,0.24243534250015966,0.1222250863829563,0.34867716759393863,0.8545708325470662,0.48220411697485593,0.50863423874345,0.9474016440306559,0.0,0.0,-0.3138603813695712
c42,n46,5.0,replanifier_jalon,1,1,5.0,partiel,0.0,2.0,0.40374808587986927,0.48113496512506687,0.24571049137115855,0.6836820130353409,0.65754744851339,0.7656431645763078,0.5612510977333319,0.3093787234190059,0.08263442177277024,0.08263442177277024,-0.3289206871620989
c42,n47,8.0,boost_capacite,1,1,8.0,resolu,1.0,3.0,0.3265699645000714,0.5132312452681572,0.5767770344768349,0.5690900303777018,0.775684549411432,0.207756385363492,0.5016350982810626,0.8306885775185868,0.053075940557296836,0.053075940557296836,0.30982395041353966
c42,n48,14.0,ne_rien_faire,1,1,14.0,partiel,0.0,2.0,0.24903085071958983,0.40818273649340575,0.6605484198717764,0.5573607038430165,0.7246914171826234,0.7457315012225062,0.22195793287003965,0.3217473788017888,0.0,0.0,-1.1234190264304615
c42,n49,3.0,ne_rien_faire,1,1,3.0,partiel,0.0,3.0,0.24413676363183015,0.3330574741183947,0.7955425377566463,0.2277737379348279,0.16590467405393583,0.6734664184740305,0.49481867242611344,0.9823231971580318,0.0,0.0,0.33609351739376436
c42,n0,2.0,ne_rien_faire,1,1,2.0,resolu,1.0,1.0,0.11091370256104965,0.2050769068327073,0.8167097345186167,0.4576606144785948,0.940338033931832,0.2961744841458817,0.341678461305796,0.603510767726322,0.0,0.0,-0.7794505277710391
c42,n1,12.0,boost_capacite,1,1,12.0,echec,0.0,4.0,0.15445612162397618,0.305156219851874,0.31715537898030627,0.3817777441824489,0.7403800301693944,0.7499770468597335,0.46595182810805863,0.5558647867568243,0.09404583781437073,0.09404583781437073,1.4680145937035272
c42,n2,2.0,ne_rien_faire,1,1,2.0,resolu,1.0,2.0,0.1157892016761222,0.5912221789619415,0.21250168362780386,0.5800288836153735,0.4873484375097629,0.5478870123851307,0.7102919188550895,0.48232303360310785,0.0,0.0,0.6068216595107427
c42,n3,5.0,ne_rien_faire,1,1,5.0,resolu,1.0,4.0,0.022697870357794917,0.10576830987198686,0.575510282449192,0.4277079639677997,0.27555396215377914,0.6007811637292642,0.8284765421371293,0.9245064226531446,0.0,0.0,0.8354789787704506
c42,n4,3.0,ne_rien_faire,1,1,3.0,partiel,0.0,3.0,0.05692496395788991,0.4194556270573659,0.22528073425346695,0.11741016402261154,0.4962947256873622,0.43887374728884404,0.1969550103731441,0.8191615321196815,0.0,0.0,-1.3048553735531583
c42,n5,11.0,promouvoir_arc_secours,1,1,11.0,echec,0.0,1.0,0.0625710488707862,0.30269743783942793,0.627043183431604,0.25891042034932543,0.7434090924495601,0.4838757923021772,0.7418752561446884,0.4847959670108029,0.09375668266232669,0.09375668266232669,-1.2050257944300127
c42,n6,3.0,ne_rien_faire,1,1,3.0,partiel,0.0,3.0,0.5503228564296304,0.45384836156127345,0.5651299276230038,0.5167195907587385,0.41894120161889,0.12070700077909395,0.28639018307261843,0.8199651964700768,0.0,0.0,-1.008083647302873
c42,n7,2.0,expedition_express,1,1,2.0,resolu,1.0,0.0,0.4782867572342254,0.2662785417507929,0.3486459174722935,0.7240727508589515,0.7066370919874535,0.11615044854962821,0.7833236268448309,0.9983945243890215,0.06784087113578872,0.06784087113578872,-0.7632513805267225
c42,n8,0.0,ne_rien_faire,1,1,0.0,resolu,1.0,3.0,0.036334831283146254,0.29366142141489565,0.4574444045811671,0.2041963168271806,0.48673691579594847,0.19979834491216997,0.43251433290355246,0.6670559748281047,0.0,0.0,-0.8097888148500679
c42,n9,5.0,revue_declaration,1,0,5.0,en_cours,,2.0,0.5688578455548995,0.6436497896419634,0.5086432449368458,0.3852164913497416,0.4659358091026648,0.3403149211971495,0.7598898146781113,0.5145703982514162,0.05249761951415173,0.05249761951415173,-0.24618851445227896
c42,n10,13.0,promouvoir_arc_secours,1,1,13.0,echec,0.0,1.0,0.3642683020827,0.22921571045429928,0.8206408609854479,0.6768056053344846,0.5434189995526761,0.28244119476301205,0.7469836507706616,0.8107526040659226,0.09375668266232669,0.09375668266232669,0.6642187505230266
c42,n11,4.0,ne_rien_faire,1,1,4.0,partiel,0.0,1.0,0.027716246595700943,0.15660840035268211,0.5279275410640193,0.5706815653786363,0.20208032116489658,0.6732555723687723,0.8044266547232666,0.8229123256177222,0.0,0.0,-0.07768176458622905
c42,n12,8.0,boost_capacite,1,1,8.0,partiel,0.0,1.0,0.05690345833232128,0.16796406493381985,0.4230702918127957,0.445436806771555,0.6907337507034832,0.8064006934715062,0.6478291092856332,0.9126528349491934,0.09355254606088138,0.09355254606088138,1.05587016428388
c42,n13,17.0,ne_rien_faire,1,1,17.0,partiel,0.0,4.0,0.10694737900990747,0.1905143263959454,0.7653378659715381,0.3158062673349578,0.17060108579198474,0.3666828754779404,0.5983371149176537,0.9034516707191841,0.0,0.0,-1.818071871468932
c42,n14,6.0,promouvoir_arc_secours,1,1,6.0,resolu,1.0,4.0,0.2575697513049381,0.3061193890430965,0.4691602301606839,0.7341684392551011,0.4730619016205769,0.5322530087429999,0.2386181052947044,0.9623665448051046,0.0847811404775453,0.0847811404775453,-0.3837324576229211
c42,n15,17.0,promouvoir_arc_secours,1,1,17.0,resolu,1.0,1.0,0.24092117001618463,0.7524648401596611,0.12877194786552687,0.34522085841307004,0.6605227680092314,0.705997675027169,0.599764823062575,0.5993124698014364,0.11114874117773832,0.11114874117773832,0.6684542823150414
c42,n16,0.0,boost_capacite,1,1,0.0,partiel,0.0,3.0,0.4573595194129666,0.5156230640919819,0.49063724027663075,0.03268646721467153,0.27155099751029294,0.24492339662368057,0.4162911490350374,0.5817620899941517,0.053075940557296836,0.053075940557296836,-0.20078182384835422
c42,n17,17.0,ne_rien_faire,1,1,17.0,echec,0.0,0.0,0.33592822513433324,0.6451050779432189,0.251215782761436,0.6634707766862963,0.47014858595832526,0.7828755255380232,0.3367519962723383,0.26994188798469093,0.0,0.0,-0.5600109881011024
c42,n18,1.0,replanifier_jalon,1,0,1.0,en_cours,,4.0,0.3458259111365402,0.2824449526325585,0.23399277654835124,0.18570607413382048,0.13313264065718042,0.8399420557610698,0.6955172142852735,0.7753804345740386,0.08263442177277024,0.08263442177277024,0.6587732596595007
c42,n19,14.0,ne_rien_faire,1,1,14.0,partiel,0.0,4.0,0.284040477390523,0.5792753455799774,0.5298730763838752,0.30615707569959943,0.2504783018541075,0.257252251305536,0.3404553038017461,0.5231494700622104,0.0,0.0,0.37936216175622095
c42,n20,8.0,ne_rien_faire,1,1,8.0,resolu,1.0,1.0,0.5486214354032843,0.646432951514712,0.41500835438641087,0.26131679369701216,0.445770260444054,0.9319379516549893,0.6115209067087761,0.11093745805455103,0.0,0.0,-0.08774565960768821
c42,n21,1.0,revue_declaration,1,1,1.0,resolu,1.0,0.0,0.1911041077607768,0.13997293882633977,0.4252548124982287,0.4160041365760001,0.8335509424069417,0.47760859133515454,0.7756921714250229,0.15625822840805587,0.07101163994378579,0.07101163994378579,1.5892853708790247
c42,n22,13.0,boost_capacite,1,1,13.0,resolu,1.0,3.0,0.29341660561885696,0.18970145084796197,0.6094528012034136,0.7719845433923024,0.5783543434647089,0.5734279219009775,0.07983577359346733,0.9082067227080879,0.18,0.18,-0.9388777467111185
c42,n23,6.0,ne_rien_faire,1,1,6.0,resolu,1.0,0.0,0.10337457195056154,0.4584719287145469,0.47647325208251406,0.21825909698649598,0.16502218984594455,0.3032320119285139,0.2667128259045416,0.5224183566466172,0.0,0.0,-0.9824681964696206
c42,n24,15.0,ne_rien_faire,1,1,15.0,resolu,1.0,3.0,0.6298958952364477,0.5698418363905524,0.4041960918535309,0.48931837469678713,0.42225589627959237,0.3424718404318261,0.17984543352125526,0.6749778451593589,0.0,0.0,-0.34739390255216984
c42,n25,11.0,revue_declaration,1,1,11.0,echec,0.0,0.0,0.38119454822793164,0.5546765082186625,0.6268360985522692,0.5170762328558247,0.8022538869344856,0.700094770662606,0.29876666679993225,0.8655112112339117,0.07101163994378579,0.07101163994378579,0.076404971915925
c42,n26,9.0,ne_rien_faire,1,1,9.0,echec,0.0,3.0,0.17538703251446972,0.29622915448321135,0.4752164310256787,0.7611356089544413,0.1575314582834442,0.2982953427906626,0.7611273066833232,0.8731488317378632,0.0,0.0,0.3384510118274824
c42,n27,9.0,ne_rien_faire,1,1,9.0,resolu,1.0,4.0,0.19961664346882346,0.035878202044966986,0.682930673796904,0.7877322739160718,0.5516964953139668,0.2754381793615356,0.5929283712100607,0.6788595853781979,0.0,0.0,-0.7171838784948132
c42,n28,11.0,replanifier_jalon,1,1,11.0,echec,0.0,2.0,0.3541892525300737,0.17991809859016572,0.44632822622695717,0.5404011670876367,0.76758941376001,0.6058835345583606,0.48639637861198565,0.9752229143217969,0.06732604454191315,0.06732604454191315,-0.10629593416900918
c42,n29,12.0,ne_rien_faire,1,1,12.0,partiel,0.0,4.0,0.19438632335936173,0.5700575734833374,0.6921364856178555,0.7412371667132239,0.7549334095327858,0.5689998071129678,0.8695595871176037,0.8601288944288481,0.0,0.0,-0.2515091780215015
c42,n30,15.0,ne_rien_faire,1,1,15.0,partiel,0.0,4.0,0.09154707449611706,0.4616881553048316,0.09990494943248655,0.20596375080165222,0.5951843534605825,0.5181890125118025,0.08241791274517635,0.9606711842311507,0.0,0.0,-1.351180817584994
c42,n31,11.0,ne_rien_faire,1,1,11.0,resolu,1.0,0.0,0.3513739880667118,0.111884887886251,0.362898758872136,0.3565943015572842,0.2945171676417076,0.7572676643330993,0.6715907154395511,0.7318247319190114,0.0,0.0,-0.46245636981881977
c42,n32,6.0,ne_rien_faire,1,1,6.0,resolu,1.0,0.0,0.07847016656478802,0.6353414187079746,0.46491233161544143,0.45658172168908295,0.7486287248254692,0.4864401091282192,0.06731075274807317,0.7900673460872465,0.0,0.0,-2.11348313097157
c42,n33,8.0,revue_declaration,1,1,8.0,partiel,0.0,4.0,0.3509271005561003,0.7441897333263424,0.8431878865321446,0.17061816615080813,0.7917448586032864,0.030666895448343355,0.5369200318086707,0.5071451279763123,0.05249761951415173,0.05249761951415173,-0.8938811922569108
c42,n34,12.0,ne_rien_faire,1,1,12.0,resolu,1.0,0.0,0.20609412519061435,0.6185830195423584,0.19864695176719407,0.5576592336128363,0.4410007451602129,0.18039750054688758,0.21262178041882449,0.9077973802325119,0.0,0.0,-2.2935342863221915
c42,n35,8.0,expedition_express,1,1,8.0,echec,0.0,2.0,0.10763382876035071,0.3772369560215413,0.32383098266331095,0.6694366907220095,0.6991282513911895,0.4477541471866186,0.6464899082412036,0.9551338968325875,0.050825581787975416,0.050825581787975416,-1.5922805529023007
c42,n36,9.0,revue_declaration,1,1,9.0,resolu,1.0,1.0,0.13585101853110365,0.3824094238819307,0.0461909229682975,0.46321812352677133,0.6686246211774194,0.3029753911752371,0.42605781630782164,0.9575673899442132,0.19999999999999998,0.19999999999999998,0.45783608114237273
c42,n37,7.0,ne_rien_faire,1,1,7.0,partiel,0.0,4.0,0.3158970287706304,0.3392324755584803,0.2503777392888221,0.13868076041350083,0.8193523104268785,0.3474533875612883,0.5685798575203573,0.8463252366366347,0.0,0.0,-0.7996358691181947
c42,n38,8.0,ne_rien_faire,1,1,8.0,resolu,1.0,3.0,0.47099767801464854,0.5168731639430293,0.552791507334847,0.3002347547434464,0.9044069241609543,0.23347814672361666,0.5816164776224036,0.42054388627351125,0.0,0.0,-0.43041357746917175
c42,n39,2.0,ne_rien_faire,1,1,2.0,partiel,0.0,0.0,0.24856157201454177,0.36049919371059375,0.5343608358020742,0.5204512091306974,0.08462001302158349,0.28945477132480707,0.2093551086738156,0.7965450764982425,0.0,0.0,-1.1361621113493374
c42,n40,5.0,revue_declaration,1,1,5.0,resolu,1.0,0.0,0.38896609395144877,0.026037224270477832,0.5974096191871408,0.9383724924525447,0.4943539314596918,0.6135786282821721,0.4610777603174988,0.23730703843447076,0.07101163994378579,0.07101163994378579,-0.5201322297122626
c42,n41,0.0,ne_rien_faire,1,1,0.0,resolu,1.0,3.0,0.38394051149807423,0.301018225778816,0.7805424277571655,0.3141906387893988,0.3725046694901851,0.33426088484136807,0.18894082947470922,0.5143564594722311,0.0,0.0,-0.05343800403416488
c42,n42,2.0,expedition_express,1,1,2.0,resolu,1.0,3.0,0.07803766541301317,0.2474552865093573,0.32157683382458674,0.8321338929969765,0.7154113704100814,0.3721803512361884,0.28317870393789607,0.6738400521668984,0.09287777229911215,0.09287777229911215,-1.1643971974205019
c42,n43,6.0,ne_rien_faire,1,1,6.0,partiel,0.0,2.0,0.2581481033670812,0.2055300036622393,0.2515265118281123,0.6194257581396143,0.3994833830517844,0.856816454626483,0.5135195641104354,0.4592433019599729,0.0,0.0,-0.7305739949085617
c42,n44,9.0,promouvoir_arc_secours,1,1,9.0,partiel,0.0,4.0,0.05429550499410151,0.4467773091220271,0.7516732870733263,0.3990624980919933,0.7611556464796193,0.6069894212806801,0.4590388998783234,0.6651741455304953,0.06507160887649192,0.06507160887649192,-0.13725363162216203
c42,n45,3.0,ne_rien_faire,1,1,3.0,partiel,0.0,3.0,0.18250324726824368,0.21750178287889205,0.6258415343693989,0.27968868395772734,0.5133746971695263,0.4406253351793302,0.43355108710239193,0.6896587458345484,0.0,0.0,-1.0600800609381655
c42,n46,7.0,ne_rien_faire,1,1,7.0,partiel,0.0,3.0,0.5662133174762098,0.39064271219802926,0.8117791772115228,0.36254579361536227,0.8866941403396489,0.3401893859610624,0.40796604741625336,0.5348415276802772,0.0,0.0,0.2961822151768667
c42,n47,4.0,ne_rien_faire,1,1,4.0,resolu,1.0,3.0,0.16877298446376277,0.5579321823579071,0.5050957980455608,0.6203243132765668,0.5947340451080152,0.2431511237896571,0.3113796345946373,0.9098170290076154,0.0,0.0,-0.46543866455112765
c42,n48,13.0,boost_capacite,1,1,13.0,partiel,0.0,1.0,0.5523436722854727,0.7422834418776133,0.5929796826466521,0.35157591040413205,0.68748837775963,0.32971739880110046,0.6203407994492461,0.7491703760703206,0.06576450329934143,0.06576450329934143,0.4062058935045949
c42,n49,0.0,ne_rien_faire,1,1,0.0,partiel,0.0,4.0,0.5054218252245034,0.24980911272458262,0.5428577855357394,0.1209892041750656,0.5499684470580171,0.5389458369653586,0.8048284739074568,0.3039482196388062,0.0,0.0,1.3639749392315996
c42,n0,11.0,ne_rien_faire,1,1,11.0,partiel,0.0,4.0,0.4403126801041679,0.7033323099054425,0.2149745366579167,0.5094655027993402,0.37544942937233344,0.6348341090405807,0.6521139031454317,0.060276533430767346,0.0,0.0,-0.40598789046608175
c42,n1,12.0,boost_capacite,1,1,12.0,resolu,1.0,4.0,0.27477121237568336,0.26526720964632383,0.4544692611724467,0.7916026614532535,0.7903335905786033,0.2305598033013105,0.8244819278022447,0.7453114147202352,0.053075940557296836,0.053075940557296836,1.257775702025779
c42,n2,1.0,ne_rien_faire,1,1,1.0,resolu,1.0,3.0,0.03520412012000951,0.3040726396306734,0.6775824527175185,0.29000561849540124,0.38092162317735245,0.525554851699245,0.9092111776069141,0.5730635946879942,0.0,0.0,0.7323934491029618
c42,n3,17.0,ne_rien_faire,1,1,17.0,partiel,0.0,0.0,0.5100050591548962,0.6090390415890109,0.5149921834698872,0.5794729570908902,0.8483537221060715,0.08801683491999322,0.3390429000542834,0.28835174164554644,0.0,0.0,-1.0490687474516707
c42,n4,15.0,expedition_express,1,0,15.0,en_cours,,1.0,0.020409580492763216,0.3109362687628186,0.5525370220166412,0.22523280726657993,0.6100333162186767,0.6466697616161956,0.7176190173986707,0.9483899029290421,0.10548633434496271,0.10548633434496271,-0.03513697596177895
c42,n5,9.0,ne_rien_faire,1,1,9.0,partiel,0.0,3.0,0.4535018671266206,0.4067836247594123,0.625732053059631,0.46925564556916644,0.6201759607808703,0.5285013264686406,0.6741340518912665,0.6391127877081129,0.0,0.0,1.0858839092519945
c42,n6,16.0,ne_rien_faire,1,1,16.0,resolu,1.0,3.0,0.12923261131242597,0.40950158371584083,0.5518229522541751,0.61017787305438,0.19294950637275682,0.5952498687165018,0.30306606125386965,0.30339636522798447,0.0,0.0,0.18331809940827437
c42,n7,10.0,ne_rien_faire,1,1,10.0,partiel,0.0,0.0,0.13511483106161595,0.33891253231183666,0.5156157153055329,0.9069102193715876,0.44525904508638975,0.6003895723927982,0.399414537866363,0.44026462199485034,0.0,0.0,-1.5245238654617947
c42,n8,4.0,revue_declaration,1,1,4.0,partiel,0.0,0.0,0.23495027592195716,0.27586406822419124,0.28745855236615014,0.7034077123365762,0.13517868142968198,0.4355874503334558,0.2494753182814422,0.8531655063745804,0.07101163994378579,0.07101163994378579,-0.3305571276832595
c42,n9,4.0,expedition_express,1,1,4.0,echec,0.0,0.0,0.18710633586668066,0.6447743079392462,0.9724255941137891,0.5438792592162518,0.9187008755052904,0.2428051979041399,0.8806540054903268,0.5584453528391516,0.18,0.18,0.5881555246485334
c42,n10,2.0,promouvoir_arc_secours,1,1,2.0,resolu,1.0,1.0,0.21340024117049944,0.12803029067527982,0.60132672716466,0.5294346393368942,0.8512329838656091,0.9100590207217554,0.2324435306573718,0.978343070943986,0.18,0.18,-0.5065521150442481
c42,n11,0.0,expedition_express,1,1,0.0,echec,0.0,3.0,0.23699409054688592,0.519596845151042,0.22463846165405352,0.14463224906766914,0.6138227340566943,0.3871217348254892,0.17476492964313367,0.4880562795097053,0.09287777229911215,0.09287777229911215,-2.1366553336482266
c42,n12,9.0,ne_rien_faire,1,1,9.0,partiel,0.0,4.0,0.20384836327419997,0.7619479576056939,0.3778020066566968,0.06127930647098541,0.26642023261614733,0.27997013279924376,0.4390333391926564,0.7024958861508849,0.0,0.0,-1.5551961605418527
c42,n13,16.0,boost_capacite,1,1,16.0,echec,0.0,0.0,0.21811523842465871,0.1919579629770434,0.47479159069825433,0.28553127357743063,0.3694430593992272,0.41870373477908396,0.34012949741567483,0.8745275673769025,0.06576450329934143,0.06576450329934143,1.5472930161060408
c42,n14,12.0,ne_rien_faire,1,1,12.0,partiel,0.0,3.0,0.0925840483983033,0.11252827784317458,0.6932607952114049,0.39771819956647775,0.40103572967127604,0.7746085354837997,0.7539869363007753,0.7767133309067555,0.0,0.0,1.0073492394745154
c42,n15,0.0,ne_rien_faire,1,1,0.0,partiel,0.0,3.0,0.314568895681897,0.2205990063738011,0.8126059985701574,0.6619676920922599,0.25204373566318294,0.7628649162049526,0.5972285673835174,0.8804265179877193,0.0,0.0,-0.4429827269086205
c42,n16,10.0,ne_rien_faire,1,1,10.0,partiel,0.0,4.0,0.2539645390511746,0.48832811379039004,0.9077366353698725,0.3718615241149629,0.20955445277011764,0.30032411422438865,0.29522946741478734,0.5350515017449329,0.0,0.0,-1.5674314015261208
c42,n17,1.0,ne_rien_faire,1,1,1.0,partiel,0.0,2.0,0.2125034350733567,0.09422252643209539,0.7090732669783509,0.787018101220047,0.16338310416990465,0.5062661115673955,0.37824994241022447,0.9644455478529911,0.0,0.0,1.9353521380692544
c42,n18,4.0,expedition_express,1,0,4.0,en_cours,,2.0,0.28348501168585966,0.5134251970657936,0.4434589000167567,0.50143728827749,0.4608726187831488,0.7433772927101908,0.4695371167912152,0.9132535743963921,0.05026139694364532,0.05026139694364532,0.1522435100918329
c42,n19,15.0,ne_rien_faire,1,1,15.0,partiel,0.0,1.0,0.2482815139959328,0.23054675550425527,0.2697024030033581,0.24886086722686382,0.25089301430825894,0.562024039624354,0.4763578023888422,0.13100291587072305,0.0,0.0,-0.1836637847664652
c42,n20,13.0,ne_rien_faire,1,1,13.0,partiel,0.0,1.0,0.04668052605286524,0.5357283006714819,0.3106575106203171,0.5769108586330635,0.5826011883085969,0.6165455055734546,0.4273837263995414,0.45257488539843915,0.0,0.0,-0.7467925376227094
c42,n21,0.0,boost_capacite,1,1,0.0,resolu,1.0,3.0,0.25149505208848494,0.32180083149649685,0.5940533535522985,0.2931024226824093,0.7950807743730848,0.6997816964526362,0.8633167415187015,0.30626686437955875,0.053075940557296836,0.053075940557296836,1.5038831864103814
c42,n22,2.0,revue_declaration,1,1,2.0,echec,0.0,2.0,0.3315170802529943,0.8520178255429509,0.5232624348095442,0.3411295696243852,0.6100952033706719,0.7333609776555611,0.7740707092533696,0.16672893839839584,0.08598823526196597,0.08598823526196597,1.633343620765052
c42,n23,12.0,boost_capacite,1,1,12.0,echec,0.0,0.0,0.4767209650891584,0.8516708198003689,0.8659214827813128,0.7617008859977176,0.567293419171592,0.48964192580359944,0.5471666153179987,0.7631658837907562,0.06576450329934143,0.06576450329934143,0.6562337455401612
c42,n24,17.0,ne_rien_faire,1,1,17.0,echec,0.0,0.0,0.32910742669618104,0.7083531140999524,0.23699632662406678,0.5763032131684446,0.12192346915154041,0.5371414157648441,0.8973203775438349,0.6070302682689129,0.0,0.0,0.5934194483947086
c42,n25,0.0,ne_rien_faire,1,1,0.0,partiel,0.0,4.0,0.3941459890379056,0.1838582595017255,0.55855807570587,0.640539718429106,0.7612279255016073,0.3228390267957839,0.24188573615823533,0.7426617434009911,0.0,0.0,0.4476203371139844
c42,n26,16.0,boost_capacite,1,1,16.0,partiel,0.0,4.0,0.13561548322954678,0.09711639242912865,0.3506256167406403,0.5423362212464394,0.4438720329528564,0.2836766723612367,0.7783271251989453,0.6727089804749622,0.053075940557296836,0.053075940557296836,-0.72376331583879
c42,n27,10.0,replanifier_jalon,1,0,10.0,en_cours,,2.0,0.29348658956001583,0.5808296738518204,0.06626889837502117,0.709806288462261,0.41770241540139336,0.5649468657321838,0.3556808613216955,0.745830034430073,0.19,0.19,-1.1341027541857784
c42,n28,11.0,boost_capacite,1,1,11.0,resolu,1.0,0.0,0.1915076551394311,0.3016521098024963,0.4630053668606793,0.855119787337368,0.48060861537611693,0.8572094162392744,0.12027359188900084,0.9104844170047931,0.09355254606088138,0.09355254606088138,0.4547649544607354
c42,n29,5.0,ne_rien_faire,1,1,5.0,partiel,0.0,4.0,0.1635212889600881,0.292294994263935,0.3852358383693198,0.4641211776269488,0.6408677839223416,0.25199082616850743,0.499497941126245,0.22949080392822405,0.0,0.0,-0.00783527416905927
c42,n30,1.0,ne_rien_faire,1,1,1.0,echec,0.0,0.0,0.21810420743663378,0.5667796501023582,0.42011912156682013,0.40833422137784836,0.8463870112430929,0.5079727676200424,0.1818803613725458,0.6502443116678996,0.0,0.0,-2.370906524577065
c42,n31,4.0,ne_rien_faire,1,1,4.0,resolu,1.0,1.0,0.11071084430763421,0.4192632327943477,0.4124379764465672,0.48033319201284275,0.6761184417441416,0.39097033953065574,0.27982861445116686,0.9772307290980712,0.0,0.0,-0.09031871468867059
c42,n32,4.0,boost_capacite,1,1,4.0,partiel,0.0,4.0,0.2279190052431324,0.22773718621931613,0.2810120533928161,0.4250404392359896,0.8788633067575283,0.03200496158901725,0.36625144391036,0.3765494612592301,0.053075940557296836,0.053075940557296836,-0.7944728524433107
c42,n33,15.0,revue_declaration,1,1,15.0,partiel,0.0,3.0,0.07792333222253052,0.2545957881988482,0.4086239541764452,0.4091316939961657,0.17182280279083104,0.7240443013794672,0.7284773730680151,0.9259124519422897,0.19,0.19,1.7833529766284866
c42,n34,15.0,replanifier_jalon,1,1,15.0,resolu,1.0,1.0,0.39163133580815485,0.3125841933405246,0.2212146651730442,0.48357595026112377,0.5035284055859172,0.869247476941778,0.6380548343227661,0.697588331462293,0.05036857131959023,0.05036857131959023,0.7440557970981441
c42,n35,2.0,expedition_express,1,1,2.0,partiel,0.0,2.0,0.7392538090498888,0.26966318622556934,0.6820598954671602,0.27300143696687523,0.731521355465995,0.6088670309414503,0.605198299709714,0.5987414882416628,0.09287777229911215,0.09287777229911215,2.3240994840480154
c42,n36,4.0,revue_declaration,1,1,4.0,resolu,1.0,1.0,0.14347369772816232,0.6646164663975429,0.5568612721145499,0.42142375790937,0.9638245895243119,0.4777013009521905,0.605633927281281,0.9126312427010491,0.19999999999999998,0.19999999999999998,0.8144303466657267
c42,n37,17.0,ne_rien_faire,1,1,17.0,partiel,0.0,4.0,0.14360157195690898,0.4132863649208327,0.6000646889193327,0.797031097707178,0.8015307066113325,0.5360501751895252,0.42812501558023214,0.38310344159805204,0.0,0.0,-0.8398262899382221
c42,n38,16.0,ne_rien_faire,1,1,16.0,resolu,1.0,2.0,0.49364349543104524,0.36970404331312123,0.3730069452028718,0.6220274899247488,0.7309104948149269,0.4661456715692977,0.5319847101680091,0.6750214878487376,0.0,0.0,1.393781057902622
c42,n39,7.0,ne_rien_faire,1,1,7.0,partiel,0.0,0.0,0.36765402157614396,0.3104245083974621,0.9706841749278167,0.6583289404926574,0.08044102491563047,0.3619110163155437,0.34699677676806884,0.9436832837743172,0.0,0.0,0.051417929435083
c42,n40,3.0,ne_rien_faire,1,1,3.0,partiel,0.0,1.0,0.12171202380945202,0.187453329394097,0.5493584512629109,0.31554591585242775,0.5958242661591744,0.16857669490919544,0.25404843772628655,0.3213617683687861,0.0,0.0,0.09646029623193142
c42,n41,3.0,ne_rien_faire,1,1,3.0,partiel,0.0,2.0,0.13493384135317585,0.5214742126708255,0.6800647867246894,0.5098780294432387,0.8724692823075092,0.6910058525848946,0.12886451205366792,0.3850809745923374,0.0,0.0,-1.587998556036855
c42,n42,13.0,ne_rien_faire,1,1,13.0,partiel,0.0,4.0,0.14301993753037676,0.33009893835068926,0.7366546157838703,0.842076192986471,0.6407953492695957,0.44164320994344564,0.37435392590639693,0.8774351966594912,0.0,0.0,-0.09016956618231592
c42,n43,6.0,ne_rien_faire,1,1,6.0,partiel,0.0,4.0,0.22570489653216969,0.3729151933798077,0.7415805145093745,0.33307663182140795,0.744407017036419,0.6888451517154076,0.2799669999270216,0.633609249208485,0.0,0.0,-0.29137566045558505
c42,n44,1.0,ne_rien_faire,1,1,1.0,partiel,0.0,2.0,0.3944932287267234,0.21468010273487267,0.03678864268743759,0.8866170511030745,0.6785216142753112,0.4185220999736354,0.6744176513529175,0.3698519020710968,0.0,0.0,0.878080644170376
c42,n45,5.0,ne_rien_faire,1,1,5.0,resolu,1.0,1.0,0.024125639668398882,0.1454525487972601,0.22379339612672947,0.5023133585747701,0.4512648434388826,0.09251219220333179,0.35258403407573485,0.6012456120392883,0.0,0.0,-1.8173768651003628
c42,n46,2.0,expedition_express,1,1,2.0,partiel,0.0,3.0,0.1758249830546539,0.45906920550544267,0.15417405185081703,0.8349013989076184,0.646212886097408,0.8003641739406636,0.7265548776196429,0.6950637905667607,0.09287777229911215,0.09287777229911215,1.8479461899728187
c42,n47,11.0,revue_declaration,1,1,11.0,echec,0.0,2.0,0.4869509538682951,0.712070498436784,0.8264974027902273,0.5914115929623889,0.8007556782980979,0.15916849681960402,0.9830243534887321,0.2517235977028483,0.05249761951415173,0.05249761951415173,0.5068208119422503
c42,n48,4.0,ne_rien_faire,1,1,4.0,partiel,0.0,4.0,0.09896077197457126,0.16588137221331306,0.6148288132963319,0.8796031974776242,0.14601722432969383,0.2053262728135983,0.5870695928765937,0.7151761748419918,0.0,0.0,-0.45716241041477845
c42,n49,1.0,boost_capacite,1,0,1.0,en_cours,,1.0,0.6646161644157584,0.42991186388487057,0.32146808158277723,0.12460644170679765,0.4107806627081031,0.2824219101684453,0.7832842744939642,0.584812736706025,0.06576450329934143,0.06576450329934143,1.6572234022790509
c42,n0,1.0,ne_rien_faire,1,1,1.0,resolu,1.0,4.0,0.15633039903413112,0.8259271183606817,0.6727388702156671,0.2850725902706712,0.07927519312755124,0.12089342392335545,0.39448134649776123,0.677488619352054,0.0,0.0,-0.23365331400471734
c42,n1,7.0,replanifier_jalon,1,1,7.0,echec,0.0,2.0,0.15082152941902935,0.32413264952498794,0.24852998313699162,0.34570144786818097,0.9249791998374126,0.27862563022358233,0.731230137085633,0.5906045930863559,0.19,0.19,1.295317449661487
c42,n2,11.0,boost_capacite,1,1,11.0,resolu,1.0,2.0,0.3382803862258649,0.1867243396583526,0.18791594187615762,0.5451849983250127,0.43054026990350025,0.7201578759313092,0.5893665172847109,0.9002194594379516,0.10810334108612218,0.10810334108612218,0.041793354812303285
c42,n3,2.0,ne_rien_faire,1,1,2.0,echec,0.0,2.0,0.16394444860631124,0.7664024388892636,0.12590551756191432,0.7393443072878083,0.2751509735339623,0.40002744943155655,0.24507609251988674,0.6891088397699711,0.0,0.0,-1.1513352917392607
c42,n4,5.0,replanifier_jalon,1,1,5.0,partiel,0.0,1.0,0.36944125442429443,0.3172429291111468,0.20968845875164915,0.36954639892560065,0.27034418904611923,0.05516522229212551,0.6349937159241033,0.9397222474406741,0.06948979284705413,0.06948979284705413,-0.46649334304442
c42,n5,1.0,replanifier_jalon,1,1,1.0,partiel,0.0,3.0,0.4317598731655474,0.40794153468941435,0.6604042335282154,0.18101448661441,0.9337524224714853,0.8326168440211656,0.1371558005702053,0.5044677251511196,0.19,0.19,-0.4963708243400683
c42,n6,14.0,ne_rien_faire,1,1,14.0,partiel,0.0,2.0,0.2466885538710467,0.11028123223728277,0.5026127044228301,0.5702467342387855,0.662634573175181,0.07730810330726978,0.5803505325034528,0.7036063389730774,0.0,0.0,-0.049533437624155185
c42,n7,9.0,boost_capacite,1,0,9.0,en_cours,,2.0,0.13263416331922565,0.26976912127213626,0.2770672454970968,0.4585850164717255,0.8824848022036573,0.008444688111307986,0.14733441540668368,0.7568929044833977,0.053075940557296836,0.053075940557296836,-1.1688674234737235
c42,n8,5.0,ne_rien_faire,1,1,5.0,partiel,0.0,3.0,0.105672935895304,0.21021970500034812,0.10757714751068248,0.577753705347981,0.40788992514127925,0.5049292567321787,0.191423454274573,0.5738007874315536,0.0,0.0,0.18001655917864134
c42,n9,0.0,ne_rien_faire,1,1,0.0,partiel,0.0,4.0,0.347001241308794,0.2439112154141368,0.1301434094645028,0.6639400165105773,0.3836607816799041,0.3907111433752928,0.660394422644236,0.8653149729844389,0.0,0.0,-0.3296615421819602
c42,n10,15.0,revue_declaration,1,1,15.0,partiel,0.0,0.0,0.3104713242911349,0.2769486154561624,0.3185456842125726,0.26260940517785347,0.6557234352813395,0.5225115932679412,0.20718427315447532,0.45440489268630235,0.07101163994378579,0.07101163994378579,-1.4812191458919
c42,n11,17.0,ne_rien_faire,1,1,17.0,partiel,0.0,4.0,0.5503408526108841,0.6881692974092831,0.5656977935547242,0.2676771074229755,0.09038515139644945,0.022112593996711657,0.39025537919669023,0.4892248790611496,0.0,0.0,-0.9566002477631046
c42,n12,17.0,expedition_express,1,1,17.0,partiel,0.0,2.0,0.4235338244724262,0.4093701192856731,0.7349544801555541,0.7499116373267993,0.1516303480738315,0.7802428648067296,0.6208451031800553,0.9068554894768205,0.05026139694364532,0.05026139694364532,1.7496368267239804
c42,n13,5.0,replanifier_jalon,1,1,5.0,echec,0.0,2.0,0.2439288729410639,0.4088129496411814,0.3065112021481816,0.1696648576860647,0.5170618400688726,0.1184621012526923,0.5769870834630046,0.9865337170585101,0.06732604454191315,0.06732604454191315,0.3326461074079154
c42,n14,10.0,ne_rien_faire,1,1,10.0,partiel,0.0,1.0,0.19156600855531858,0.11341850374675672,0.39432564031528794,0.5984128543479295,0.40081439043077777,0.2673576098166724,0.14628230996701025,0.6493057069113549,0.0,0.0,-0.25088298302845247
c42,n15,13.0,expedition_express,1,1,13.0,partiel,0.0,3.0,0.23780018265189118,0.21888784789959403,0.5530740412272093,0.4508843462432764,0.8820178151499899,0.5432490800780118,0.6863038524712008,0.8879533535644859,0.09287777229911215,0.09287777229911215,-0.5927913399209322
c42,n16,11.0,ne_rien_faire,1,1,11.0,partiel,0.0,1.0,0.47261409277319577,0.2329323122273304,0.7443023208681973,0.45781974576914314,0.19575395666844136,0.17353415243081627,0.6098286589826777,0.5914770346943791,0.0,0.0,1.13144312175845
c42,n17,12.0,ne_rien_faire,1,1,12.0,resolu,1.0,1.0,0.37173551089414847,0.6107205329634914,0.09926112245104866,0.6724245446995101,0.5411280925738126,0.39232172783577174,0.13930160760371008,0.881201504447708,0.0,0.0,-1.2566141854979143
c42,n18,0.0,ne_rien_faire,1,1,0.0,partiel,0.0,2.0,0.6333987648786096,0.23364111765645726,0.8808525250926024,0.36460286898100847,0.41731392291344144,0.36663891933454684,0.5210556476843032,0.534120569653906,0.0,0.0,0.7932132315248502
c42,n19,11.0,replanifier_jalon,1,1,11.0,echec,0.0,3.0,0.11325595060041907,0.4570244485651472,0.6153075775267233,0.9359704185063294,0.9643044884788119,0.3534070601859849,0.9724554201314223,0.9701311423004518,0.06732604454191315,0.06732604454191315,1.1240863755346526
c42,n20,15.0,ne_rien_faire,1,1,15.0,echec,0.0,0.0,0.341809484272306,0.49301031036571996,0.6783090535548558,0.6324954119893741,0.5730444019678294,0.3243843253991199,0.43562036868144116,0.9859881876635092,0.0,0.0,-0.9152530106377256
c42,n21,4.0,revue_declaration,1,1,4.0,resolu,1.0,4.0,0.11091881564164663,0.45094172486804457,0.6955755051697798,0.1632283099467072,0.7165129981731041,0.3102460646937599,0.6593990427301327,0.8276256792885406,0.05249761951415173,0.05249761951415173,0.14640097315503228
c42,n22,12.0,ne_rien_faire,1,1,12.0,partiel,0.0,1.0,0.16747402940728817,0.5145671955209012,0.4900717316972383,0.6598223998990218,0.40369640786704475,0.6747446944234322,0.6791105457388102,0.19248743038509025,0.0,0.0,0.11540459792528884
c42,n23,7.0,ne_rien_faire,1,1,7.0,partiel,0.0,1.0,0.4089199994965003,0.11715893942250823,0.16340107481762606,0.7961987710110778,0.5136852595664348,0.3243746376418054,0.3501137772641394,0.8371975875810799,0.0,0.0,-0.19069523911195485
c42,n24,8.0,ne_rien_faire,1,1,8.0,partiel,0.0,2.0,0.10819922370641705,0.2678486555846626,0.5315086213694041,0.4050501011418529,0.3217330546465097,0.14499000511592577,0.6056238107129058,0.8421375990076662,0.0,0.0,1.008674296801681
c42,n25,2.0,ne_rien_faire,1,1,2.0,partiel,0.0,3.0,0.22039000001032563,0.5514446571280591,0.4453067979766753,0.3486079821716174,0.008651216213213705,0.8151905312872515,0.4272837740278957,0.5827660123590667,0.0,0.0,-1.0060698520476368
c42,n26,16.0,ne_rien_faire,1,1,16.0,resolu,1.0,4.0,0.48860904455153165,0.16599481456641307,0.6360699549705213,0.8033582803993218,0.395212127520753,0.31238781145917166,0.48547701833370976,0.4090573240253082,0.0,0.0,-0.011652270945547494
c42,n27,8.0,expedition_express,1,1,8.0,resolu,1.0,1.0,0.7592939777941716,0.7372935817980955,0.25378992421102786,0.723294967928713,0.5920797240120982,0.05054881308269755,0.3512978688340081,0.45830278819016756,0.18,0.18,0.35695254256963194
c42,n28,11.0,revue_declaration,1,1,11.0,resolu,1.0,1.0,0.6655179508790299,0.652364414183891,0.380703402792968,0.2869702906584444,0.9116293289725084,0.840278900171395,0.35725877487931107,0.9845303202428296,0.19999999999999998,0.19999999999999998,1.5616006449687536
c42,n29,2.0,ne_rien_faire,1,1,2.0,partiel,0.0,4.0,0.25595050602641356,0.42775133518629227,0.4548834662203688,0.24212413104651384,0.030419216492756657,0.3138876735391178,0.6606677376538744,0.4166055401332356,0.0,0.0,-1.3837700693200254
c42,n30,5.0,expedition_express,1,1,5.0,partiel,0.0,0.0,0.3074645150348564,0.16544795668880585,0.4218302407283564,0.37026927830504264,0.44505858177092844,0.256749323789222,0.3902629089002928,0.9521820784277695,0.06784087113578872,0.06784087113578872,-0.5502564067640151
c42,n31,13.0,expedition_express,1,1,13.0,resolu,1.0,2.0,0.5035439312209422,0.5146847278097093,0.36232326378180363,0.5247092122091752,0.19500749653181665,0.7345411667645309,0.7197472444847246,0.7323199687017558,0.19999999999999998,0.19999999999999998,1.2218150585737304
c42,n32,0.0,replanifier_jalon,1,1,0.0,partiel,0.0,2.0,0.20585362837245924,0.4954995844358346,0.4404810684537064,0.9211604523549892,0.4771593825461145,0.6894899284332832,0.6644805530151369,0.3502871185378527,0.19,0.19,-0.34775071373779437
c42,n33,8.0,replanifier_jalon,1,1,8.0,resolu,1.0,0.0,0.14590386770078032,0.3782078793078327,0.4731347165853585,0.40055440608598897,0.9240744082456684,0.6603235536786703,0.7736741908444721,0.8088246589564771,0.11280496606787029,0.11280496606787029,0.7081002837744375
c42,n34,15.0,ne_rien_faire,1,1,15.0,resolu,1.0,2.0,0.18378593711827565,0.1381500425005841,0.8675400682561524,0.3794556756174944,0.24617185783843581,0.416249205728381,0.8321632494474356,0.5726718578077825,0.0,0.0,-0.3851580871193098
c42,n35,1.0,ne_rien_faire,1,1,1.0,resolu,1.0,1.0,0.37240725738571834,0.579457667383765,0.7289148450437031,0.3643777872847706,0.4298253206447994,0.47688133674809896,0.2802518057676806,0.3282392318327695,0.0,0.0,-0.5052821572919366
c42,n36,16.0,promouvoir_arc_secours,1,1,16.0,echec,0.0,0.0,0.42140027627678817,0.6011518863413408,0.572222014504401,0.4963835585042559,0.837940377055787,0.5663649924715504,0.9208272133454672,0.8124306291100406,0.09375668266232669,0.09375668266232669,0.49957131506861463
c42,n37,9.0,expedition_express,1,1,9.0,resolu,1.0,0.0,0.23950075605708449,0.3409147398550175,0.2872113386278275,0.6268332931542533,0.7697959216406444,0.7032573271164885,0.7070443640763715,0.9141940482578913,0.06784087113578872,0.06784087113578872,1.2120737210099695
c42,n38,5.0,boost_capacite,1,1,5.0,resolu,1.0,2.0,0.1576131782694425,0.5299841628275761,0.3987852055273016,0.38099475383750075,0.2974477756610744,0.6119330467391496,0.4463255899379517,0.60900815223809,0.09404583781437073,0.09404583781437073,0.9467384558516544
c42,n39,14.0,replanifier_jalon,1,1,14.0,echec,0.0,0.0,0.5930288832679758,0.8084600774532498,0.6686404015610777,0.4021802827181241,0.5469590512533308,0.3745275507964979,0.2253115625644074,0.9896543817271454,0.06948979284705413,0.06948979284705413,-0.6236770819095876
c42,n40,7.0,promouvoir_arc_secours,1,1,7.0,partiel,0.0,1.0,0.24037133043024322,0.13750270819886368,0.32323363218602474,0.3336797594533172,0.6576846482539331,0.2381107486395485,0.3794445759667812,0.9318815694681832,0.07121226987735195,0.07121226987735195,-0.5485206620245558
c42,n41,16.0,ne_rien_faire,1,1,16.0,echec,0.0,4.0,0.3812272668437834,0.5376896581510763,0.3252211385048836,0.43144732941187763,0.5382406456936729,0.14015652248020852,0.4141751578188379,0.9745864611587701,0.0,0.0,-0.9553861803551189
c42,n42,0.0,revue_declaration,1,1,0.0,partiel,0.0,3.0,0.4463314825799436,0.3215101143071555,0.8351787361381005,0.6717045740066012,0.2176125943195568,0.46494865851103734,0.4553384281103357,0.9250810525426773,0.09844224846172875,0.09844224846172875,-0.10244569980150506
c42,n43,17.0,ne_rien_faire,1,1,17.0,partiel,0.0,1.0,0.34129433504300505,0.42191360922595483,0.7511387304492109,0.7029060562780852,0.32531213760553407,0.4661794318832181,0.43319509054026223,0.8380124082825114,0.0,0.0,-0.9606549083006888
c42,n44,11.0,ne_rien_faire,1,1,11.0,partiel,0.0,0.0,0.2559952824349832,0.7465434633060839,0.540219382560454,0.3006991488808152,0.20048294072711217,0.3250579812006881,0.1852001660347084,0.8874082710997344,0.0,0.0,0.0618868486968539
c42,n45,2.0,ne_rien_faire,1,1,2.0,partiel,0.0,4.0,0.08594058259195828,0.19373021706358823,0.5620505238879991,0.3024437222294786,0.6190401854997206,0.47512189792221854,0.8607491261695083,0.7158074428632416,0.0,0.0,-0.096623122212946
c42,n46,1.0,promouvoir_arc_secours,1,1,1.0,partiel,0.0,3.0,0.24790222358702738,0.29704878677569574,0.18872370001591313,0.7324730958100968,0.22584217333425086,0.5248012077109714,0.8257261944961166,0.7549682783953883,0.06507160887649192,0.06507160887649192,-0.5176900459296787
c42,n47,9.0,ne_rien_faire,1,1,9.0,partiel,0.0,3.0,0.3962322427016923,0.3804955180128594,0.7075375488483103,0.5292687029163134,0.22510220789525393,0.36512685377405246,0.5199473104564661,0.42071519321421375,0.0,0.0,-0.7635482645982624
c42,n48,9.0,promouvoir_arc_secours,1,1,9.0,resolu,1.0,2.0,0.30874281009763604,0.2420865590508202,0.4967260160398388,0.32864530857010615,0.20615413162293547,0.4817139731716548,0.7869398762640346,0.9162390570313661,0.0847811404775453,0.0847811404775453,1.502147217117657
c42,n49,11.0,ne_rien_faire,1,1,11.0,partiel,0.0,2.0,0.21365357498565665,0.28227065905163023,0.40007357770975166,0.518583818379843,0.8490260056306111,0.2765805715411203,0.7345920211492757,0.9694246754172268,0.0,0.0,-0.19045102703003539
c42,n0,17.0,ne_rien_faire,1,1,17.0,echec,0.0,1.0,0.34659517343062474,0.34231912633945244,0.6646161849102357,0.24453177410921415,0.8005105939271333,0.22965952005080312,0.7626689471142758,0.9590700540629279,0.0,0.0,-0.6853936960673043
c42,n1,1.0,ne_rien_faire,1,1,1.0,resolu,1.0,2.0,0.40798094915243843,0.22891937536809137,0.22986496164871364,0.3105070675922944,0.32567392656658695,0.8275949603491027,0.6365896957472335,0.3064834655089352,0.0,0.0,-0.2475921635132483
c42,n2,5.0,replanifier_jalon,1,1,5.0,echec,0.0,4.0,0.18263588620432733,0.29826069737880695,0.4660730260468194,0.22555945233592667,0.636989444532415,0.5176611901400104,0.165229519421219,0.655616854003732,0.19,0.19,-0.20150626237961666
c42,n3,12.0,ne_rien_faire,1,1,12.0,echec,0.0,0.0,0.06349377795089592,0.5259988064037604,0.45602560334384995,0.47092582116762344,0.9082776266602648,0.37627390022130325,0.3291446861283474,0.49082715595125104,0.0,0.0,-0.289736279897291
c42,n4,14.0,ne_rien_faire,1,1,14.0,resolu,1.0,4.0,0.2530633000119438,0.35560839446018516,0.34189525549882016,0.5996144252573773,0.16907288299243797,0.4334203011050691,0.4954398439337934,0.8074476128126924,0.0,0.0,-0.213757610585315
c42,n5,2.0,ne_rien_faire,1,1,2.0,resolu,1.0,1.0,0.15820534945842277,0.08213420051020666,0.5847365446206666,0.545795033392541,0.4401150226006916,0.8191091274104193,0.6293990133592716,0.717875143642094,0.0,0.0,-1.0476532050229093
c42,n6,3.0,ne_rien_faire,1,1,3.0,partiel,0.0,3.0,0.09975961926068329,0.2794076581597282,0.42500670763146026,0.664401092699036,0.17456149530618167,0.6925324458742883,0.16168988407224955,0.6728022930567551,0.0,0.0,-0.05660245408021991
c42,n7,17.0,revue_declaration,1,0,17.0,en_cours,,1.0,0.38962957159095557,0.36147026918562397,0.7353237269661115,0.2314244241490458,0.5021259331526855,0.38184345354195154,0.5902574414942945,0.887567104866727,0.07101163994378579,0.07101163994378579,-0.4731428177995128
c42,n8,5.0,ne_rien_faire,1,1,5.0,resolu,1.0,3.0,0.536275490695696,0.3413669945368187,0.24915136226519904,0.5815245267442216,0.1296575890799973,0.5671316744268622,0.8535235864635046,0.3029931290779624,0.0,0.0,-0.16281108317031623
c42,n9,12.0,ne_rien_faire,1,1,12.0,partiel,0.0,4.0,0.11152903872852037,0.31860690428433824,0.3321677467191443,0.8582806817605536,0.4931761390289819,0.5036351913996937,0.31533682724124823,0.8917305025488452,0.0,0.0,-1.0081185657549965
c42,n10,13.0,ne_rien_faire,1,1,13.0,partiel,0.0,3.0,0.21697815385131258,0.27850692216693984,0.36012739177708053,0.31077352521015794,0.2465083465312217,0.4265651592664543,0.32621437054192665,0.8058734597065613,0.0,0.0,-1.0231690256646455
c42,n11,9.0,revue_declaration,1,1,9.0,resolu,1.0,2.0,0.12021389006487863,0.3102877152137547,0.3046359856548322,0.14834631896728703,0.43723346339779867,0.35117622807306814,0.8855518090952483,0.589882923693405,0.05249761951415173,0.05249761951415173,1.8094450865500973
c42,n12,14.0,promouvoir_arc_secours,1,1,14.0,resolu,1.0,0.0,0.499376323742198,0.19388040251783395,0.8781692165873102,0.07015914917067886,0.6309109346559614,0.8536185979135574,0.37393360906387174,0.6526893601229002,0.09375668266232669,0.09375668266232669,0.22145676271566006
c42,n13,16.0,ne_rien_faire,1,1,16.0,resolu,1.0,1.0,0.058390537461166014,0.37707931523182253,0.38468840895769163,0.2628322346372673,0.40868908597512055,0.04824248524055473,0.6742782071535316,0.9352118754373959,0.0,0.0,0.149316772159655
c42,n14,14.0,expedition_express,1,1,14.0,echec,0.0,1.0,0.5357314058621181,0.4101054215656488,0.6477350617821762,0.5620699946493846,0.6713939212575618,0.7804589006200917,0.30535971587383326,0.9997810929106606,0.10548633434496271,0.10548633434496271,1.0923736250264606
c42,n15,17.0,boost_capacite,1,1,17.0,echec,0.0,4.0,0.5588465462747745,0.623626739281701,0.382085078294813,0.5980477470835429,0.8591683016670822,0.7753808914497357,0.4286800747012353,0.7721677008143326,0.053075940557296836,0.053075940557296836,0.6336706283600467
c42,n16,16.0,ne_rien_faire,1,1,16.0,partiel,0.0,2.0,0.12417252809131547,0.2950665277561445,0.4437822505331651,0.7277109313704243,0.4039814217242755,0.6854679113390285,0.47958415782001895,0.7028271962986338,0.0,0.0,0.9939708520476432
c42,n17,16.0,ne_rien_faire,1,1,16.0,partiel,0.0,0.0,0.2933167918544275,0.28350363250722077,0.32835726457373987,0.44574904243024505,0.4067875698924308,0.5707158075610823,0.6299013082956014,0.2723061857851578,0.0,0.0,-2.1549537388502182
c42,n18,7.0,boost_capacite,1,1,7.0,partiel,0.0,1.0,0.4006005856057273,0.3346035296993518,0.609024610258678,0.45277942655240255,0.7480765844010219,0.34079943521256667,0.5835128477243432,0.9014288579079719,0.08115534141178526,0.08115534141178526,0.5888042663825944
c42,n19,7.0,revue_declaration,1,1,7.0,partiel,0.0,2.0,0.18834245526195628,0.48692901842748576,0.2740190875847797,0.29515547578079276,0.634007269512636,0.7896610869476471,0.48667276795081027,0.3207761421154341,0.08598823526196597,0.08598823526196597,1.0968332858432595
c42,n20,17.0,ne_rien_faire,1,1,17.0,resolu,1.0,0.0,0.3856938059410409,0.18075156573343842,0.6939297104223426,0.4807442695293395,0.2930866765984793,0.7763912230968707,0.37558990271637027,0.5424262224674258,0.0,0.0,0.7452278011777129
c42,n21,0.0,replanifier_jalon,1,1,0.0,resolu,1.0,3.0,0.2777202943348911,0.4188864200253445,0.5541191548723772,0.6470409325885517,0.3678808230761807,0.3588881668553694,0.49923731198778853,0.8646796969518786,0.19,0.19,-0.5576229088818547
c42,n22,0.0,ne_rien_faire,1,1,0.0,partiel,0.0,4.0,0.6080248541174331,0.2169816114880012,0.7879294657939881,0.3330510187680021,0.4719884531758256,0.523053559056714,0.3449963651978475,0.778529684808411,0.0,0.0,0.7984161783924957
c42,n23,0.0,ne_rien_faire,1,1,0.0,partiel,0.0,0.0,0.1363860080864818,0.2638760964291215,0.38821739351938306,0.7214678495588414,0.3330942502438248,0.8318100427542416,0.5729995382321562,0.5984908524556063,0.0,0.0,0.4196039647392612
c42,n24,1.0,expedition_express,1,1,1.0,partiel,0.0,2.0,0.3053401657161714,0.42900452346969753,0.4365101125579997,0.4627129570754836,0.622504028978274,0.5009885723531976,0.6210935275581506,0.6778674967143925,0.09287777229911215,0.09287777229911215,0.930110819633484
c42,n25,16.0,boost_capacite,1,1,16.0,resolu,1.0,4.0,0.44096655792916944,0.2519805913861821,0.5364911942029172,0.28836988864620805,0.2799657151168786,0.4158073026319294,0.5911381066974086,0.11231087868728924,0.053075940557296836,0.053075940557296836,0.600155741581506
c42,n26,12.0,ne_rien_faire,1,1,12.0,partiel,0.0,4.0,0.06871828644656164,0.35185453873604244,0.3424625357957425,0.43360543663575435,0.7376215672782171,0.3451626609186642,0.5469965987666346,0.9166959895765702,0.0,0.0,-2.113544111885899
c42,n27,6.0,ne_rien_faire,1,1,6.0,partiel,0.0,4.0,0.5367849179364135,0.09536476108449428,0.7112552828716989,0.23779270733371063,0.5525959908604394,0.6175301228953847,0.0686473842834776,0.5626460749241061,0.0,0.0,-0.3975165815048832
c42,n28,14.0,ne_rien_faire,1,1,14.0,partiel,0.0,1.0,0.3112420816436386,0.32763416863601447,0.681209762519121,0.5720647304090993,0.49256269422200627,0.20118559360878813,0.5633380856040797,0.21441570805858742,0.0,0.0,0.3053394383620276
c42,n29,15.0,expedition_express,1,1,15.0,resolu,1.0,2.0,0.4737072503117277,0.08303054169415797,0.3873817110136689,0.445455256501878,0.6547872217469201,0.18378252549195873,0.10080329418495561,0.989691862077592,0.050825581787975416,0.050825581787975416,-0.5695628581256711
c42,n30,7.0,promouvoir_arc_secours,1,1,7.0,partiel,0.0,3.0,0.43690965737532866,0.2796821099645342,0.8065961308582887,0.46702731536321523,0.34182096770672693,0.46790173056483614,0.3890905214025035,0.21873104319508457,0.06507160887649192,0.06507160887649192,1.4313255573338606
c42,n31,17.0,promouvoir_arc_secours,1,1,17.0,echec,0.0,0.0,0.38834447938998023,0.46594704294754147,0.33592921882127535,0.8132886509969466,0.3438793603131475,0.8343532555921345,0.4112565109619622,0.7686083486195093,0.11114874117773832,0.11114874117773832,0.3768442513560073
c42,n32,14.0,ne_rien_faire,1,1,14.0,resolu,1.0,0.0,0.4842744564315392,0.17731985870433584,0.8376978401991698,0.49041083428188414,0.22037234054551716,0.8043676226005386,0.3368338611111793,0.7577616730234339,0.0,0.0,0.31738080191677864
c42,n33,17.0,revue_declaration,1,1,17.0,partiel,0.0,0.0,0.4714047202654987,0.282657686922227,0.7642949300579215,0.2167351221432728,0.11839504635536527,0.5480811295369294,0.7552393417299567,0.917329147063427,0.19999999999999998,0.19999999999999998,1.466197833997513
c42,n34,16.0,replanifier_jalon,1,0,16.0,en_cours,,4.0,0.1412081077385139,0.8245831021010798,0.7265802659438427,0.28197396530840857,0.4845430426476405,0.9614898760651445,0.1063263182317924,0.6430158089986279,0.08263442177277024,0.08263442177277024,0.023050699400808505
c42,n35,6.0,replanifier_jalon,1,1,6.0,resolu,1.0,1.0,0.15837266387975824,0.3657488295574538,0.2525240303888934,0.72676929106408,0.7759888621355551,0.3336155407532658,0.5271468442811904,0.8667789150423412,0.11280496606787029,0.11280496606787029,0.5387856142624146
c42,n36,7.0,boost_capacite,1,1,7.0,echec,0.0,2.0,0.02009242193724232,0.2989390299538362,0.31102792208702623,0.6028532005103103,0.7410938485204727,0.2642144788341061,0.8752745443256882,0.8851794842668962,0.053075940557296836,0.053075940557296836,-0.623392044337285
c42,n37,10.0,replanifier_jalon,1,1,10.0,resolu,1.0,1.0,0.099757625045885,0.05156461949048866,0.6396486177577864,0.4433703658310899,0.4126702925891278,0.5625115684239305,0.6238011542907529,0.9815788538011382,0.06948979284705413,0.06948979284705413,-0.054576673543595
c42,n38,13.0,ne_rien_faire,1,1,13.0,partiel,0.0,2.0,0.27034388451888336,0.5010189533162676,0.2831931125654394,0.7305775429048781,0.32693198103546534,0.2291626524310345,0.2768563612933493,0.7808381558568716,0.0,0.0,-0.0961061196967008
c42,n39,11.0,ne_rien_faire,1,1,11.0,resolu,1.0,1.0,0.49440219840049926,0.07368902335450524,0.6264297731007173,0.5489690641790768,0.1808802524151061,0.333279757816453,0.18115918002094905,0.8875653957504048,0.0,0.0,0.14771536567670485
c42,n40,3.0,boost_capacite,1,1,3.0,resolu,1.0,0.0,0.4023155897231084,0.22875713628807404,0.3988965343972389,0.6050899119774134,0.6148570982010381,0.5157550317740622,0.7379075791668402,0.3906701135043561,0.06576450329934143,0.06576450329934143,0.3982438197363807
c42,n41,7.0,ne_rien_faire,1,1,7.0,resolu,1.0,1.0,0.05632303505629972,0.7123833435630726,0.7821951220148137,0.4001015934605329,0.8789878034522363,0.29252564560032246,0.22089972396559665,0.19814157097013396,0.0,0.0,-1.036624742356382
c42,n42,16.0,revue_declaration,1,1,16.0,partiel,0.0,0.0,0.23631476733269058,0.6750216057589277,0.6388983964068592,0.41398078542822764,0.20684061545890695,0.8008654643665445,0.728229808351892,0.6126250426947601,0.08275544669906046,0.08275544669906046,-0.1560176196542583
c42,n43,3.0,ne_rien_faire,1,1,3.0,partiel,0.0,4.0,0.41191603887578293,0.4291493416697194,0.3594458364082385,0.21420232022027214,0.3130206865059334,0.5008326089244993,0.4914782272191479,0.7456527941432279,0.0,0.0,0.5298599300739908
c42,n44,14.0,ne_rien_faire,1,1,14.0,partiel,0.0,0.0,0.4196282125645699,0.3070083639633618,0.36829300552760263,0.6422343307006748,0.3445578456664992,0.22696307620229703,0.2035175309029107,0.7537722584024806,0.0,0.0,-1.0096507268522878
c42,n45,15.0,promouvoir_arc_secours,1,1,15.0,partiel,0.0,3.0,0.08336485770592687,0.49686865929376395,0.9293815294898999,0.6245806195702226,0.38015636770632344,0.49420394696046,0.2666713863930818,0.9382532832104904,0.0847811404775453,0.0847811404775453,-1.4904341088984034
c42,n46,1.0,ne_rien_faire,1,1,1.0,resolu,1.0,2.0,0.09750663658755877,0.49638322944854907,0.26184915394217184,0.5436287040392258,0.6648424385023175,0.45049354640905964,0.28528583924680984,0.7399265490557042,0.0,0.0,-0.6922533457552162
c42,n47,5.0,ne_rien_faire,1,1,5.0,partiel,0.0,1.0,0.15074391441754895,0.638528230265434,0.4105502097429056,0.7500766303217249,0.8665733240457224,0.577233507719949,0.19495237736350776,0.14408020871260885,0.0,0.0,0.3347639242989181
c42,n48,2.0,ne_rien_faire,1,1,2.0,echec,0.0,2.0,0.24356137555472318,0.49094282185955795,0.8075149925771619,0.25755590857783717,0.8406852772870731,0.5954335356905027,0.1018010685412478,0.5146383503925716,0.0,0.0,-1.0774138919378864
c42,n49,3.0,ne_rien_faire,1,1,3.0,resolu,1.0,3.0,0.21339970628279792,0.06241074587751486,0.35740045914610974,0.471731529515703,0.5603013568336825,0.5220278386716231,0.8760467667867958,0.8564065070339467,0.0,0.0,0.39096862567791996
c42,n0,15.0,replanifier_jalon,1,1,15.0,echec,0.0,1.0,0.33621166360181687,0.31774564317379367,0.7569336924587606,0.4213647998761971,0.3101271818675695,0.5242764620286663,0.5538431727660135,0.740681699403586,0.11280496606787029,0.11280496606787029,1.3939816748003542
c42,n1,4.0,ne_rien_faire,1,1,4.0,echec,0.0,3.0,0.14919542085189794,0.4416853180162919,0.7183363235529855,0.746502366884965,0.007472042179937651,0.7989710200636839,0.5763785227089528,0.5664293155447725,0.0,0.0,0.3634828175458749
c42,n2,4.0,revue_declaration,1,1,4.0,partiel,0.0,4.0,0.4023871521424323,0.24304868042562935,0.5741375431040825,0.6421161513014491,0.8261218871758317,0.1996547175323526,0.6696469927118771,0.8406724609085846,0.05249761951415173,0.05249761951415173,0.9341206038299785
c42,n3,10.0,ne_rien_faire,1,1,10.0,partiel,0.0,3.0,0.3713175530290859,0.2748304385496579,0.18300282432396647,0.823290873691055,0.3078148363880028,0.7440938404386338,0.6054564278756098,0.7464845078804246,0.0,0.0,1.0098920788307462
c42,n4,10.0,expedition_express,1,1,10.0,partiel,0.0,4.0,0.1952176208094642,0.3698008143197133,0.7647731366283927,0.33406222054513107,0.7188238443427187,0.9359433533115159,0.3749547027230136,0.46136987947149993,0.19999999999999998,0.19999999999999998,0.8070491529784047
c42,n5,13.0,promouvoir_arc_secours,1,1,13.0,resolu,1.0,1.0,0.14302584530673773,0.40642677332463134,0.17861651914900714,0.5007765051905517,0.4770232112630434,0.857821587610242,0.18144863263352912,0.975997731869378,0.18,0.18,-0.07118102424222095
c42,n6,6.0,ne_rien_faire,1,1,6.0,echec,0.0,2.0,0.15579506893809894,0.6593312068334083,0.13230912408641712,0.3203580556346537,0.8624587105681493,0.3060977657247432,0.5742731289797052,0.629947114636464,0.0,0.0,1.0254978967155275
c42,n7,2.0,ne_rien_faire,1,1,2.0,resolu,1.0,1.0,0.02667331575731481,0.4193792161566094,0.6048788476485077,0.3362167004599262,0.22638001249675954,0.6458459392638524,0.19341089230822328,0.42637593927102874,0.0,0.0,0.7261543176838982
c42,n8,4.0,ne_rien_faire,1,1,4.0,resolu,1.0,4.0,0.02395853318867265,0.21385962883832507,0.4301375657345797,0.2999065246341491,0.36015908682304176,0.8812405017011916,0.7538685092673538,0.7771123296438618,0.0,0.0,-0.4522809771139539
c42,n9,11.0,expedition_express,1,1,11.0,partiel,0.0,0.0,0.1993112408324549,0.4562519310469939,0.5317357731589725,0.6114609843319371,0.205053016177441,0.7150664433370825,0.28924561635252416,0.627602608776837,0.10748598928679363,0.10748598928679363,-0.3752327130087723
c42,n10,14.0,ne_rien_faire,1,1,14.0,partiel,0.0,0.0,0.5158171607264794,0.7589860093782449,0.332461555919796,0.45806315776980094,0.7881348782522115,0.3925976149168335,0.29187587082989896,0.22967100839536966,0.0,0.0,0.4116377395422439
c42,n11,1.0,ne_rien_faire,1,1,1.0,resolu,1.0,4.0,0.2493264716260779,0.4033426469496747,0.1774806465841305,0.6414726211830247,0.632044247742758,0.6929948313905107,0.2180151863071032,0.4430382009199231,0.0,0.0,-1.0828807308894977
c42,n12,0.0,promouvoir_arc_secours,1,1,0.0,echec,0.0,3.0,0.18473933845016494,0.7103653082119272,0.3994955503768769,0.6100414229025468,0.9501138039488256,0.4431663381662758,0.3620839468727509,0.7107396119504129,0.06507160887649192,0.06507160887649192,0.416286811396204
c42,n13,11.0,ne_rien_faire,1,1,11.0,partiel,0.0,2.0,0.15812243140252863,0.14058061797849894,0.41059363984934394,0.5292394803146158,0.6092496547890509,0.47832655155278353,0.5927042422215546,0.09392384260447907,0.0,0.0,-1.2523225123015025
c42,n14,12.0,ne_rien_faire,1,1,12.0,partiel,0.0,0.0,0.22668886959163614,0.16060260784352634,0.7409307909489441,0.4776575786952495,0.43882005159535387,0.9468211665410068,0.37921548968235297,0.9842467281090583,0.0,0.0,0.8006379279188469
c42,n15,15.0,promouvoir_arc_secours,1,1,15.0,resolu,1.0,0.0,0.46236508433160156,0.5416532011466348,0.5042084827411565,0.575957446716078,0.8422925951086061,0.7658933838640928,0.9492616160040875,0.6326506066630259,0.09375668266232669,0.09375668266232669,2.3244528292870856
c42,n16,15.0,ne_rien_faire,1,1,15.0,resolu,1.0,0.0,0.22873852055799365,0.17154007310572392,0.5632767118913302,0.5902494188263926,0.5872394626003165,0.553549175329354,0.14542337827024993,0.8558193879226893,0.0,0.0,-1.5060823715189633
c42,n17,4.0,ne_rien_faire,1,1,4.0,resolu,1.0,0.0,0.3250399400037224,0.29073999751853685,0.7587564502195034,0.23406291891572983,0.5552135333309,0.970054531125867,0.8438111642845874,0.32687073279450574,0.0,0.0,1.9167972309984285
c42,n18,13.0,promouvoir_arc_secours,1,1,13.0,resolu,1.0,3.0,0.44737515182973353,0.40140987907857906,0.3217836669104502,0.21114863302082865,0.3956201092011021,0.45878553210837597,0.502691343310366,0.9864016229816558,0.06404247067908966,0.06404247067908966,0.09204202650285864
c42,n19,15.0,expedition_express,1,1,15.0,resolu,1.0,2.0,0.3396529779516861,0.361930421974851,0.5603022139127022,0.3027665065579056,0.5665310835994152,0.8070569729678292,0.11402049667320863,0.6294599540604592,0.19999999999999998,0.19999999999999998,0.0352520295769842
c42,n20,15.0,ne_rien_faire,1,1,15.0,echec,0.0,3.0,0.22587317146237965,0.4153411077618505,0.15102364773829746,0.6733507733659833,0.3256027141035787,0.7918050183274756,0.7787394011257938,0.6535670688533352,0.0,0.0,0.7917009718585476
c42,n21,12.0,ne_rien_faire,1,1,12.0,echec,0.0,2.0,0.3827645278051309,0.3141849296971766,0.39343803497460045,0.5937171523271568,0.7969396317603786,0.48044496813371973,0.7494096057241261,0.8306485698880662,0.0,0.0,0.5525383061270086
c42,n22,9.0,ne_rien_faire,1,1,9.0,resolu,1.0,0.0,0.15663666299330667,0.4869242475883915,0.6486308550134996,0.39789206498557156,0.41992188013319554,0.45564989286806534,0.660423223123146,0.510758184003135,0.0,0.0,0.9740717229368001
c42,n23,9.0,ne_rien_faire,1,1,9.0,resolu,1.0,0.0,0.17526759078533755,0.37411423228113977,0.7087328200458148,0.6710597608495219,0.14584729156390722,0.598308376879726,0.6599045599996631,0.12006371468328457,0.0,0.0,0.6122702138583432
c42,n24,10.0,ne_rien_faire,1,1,10.0,partiel,0.0,1.0,0.1550254626187546,0.2793688556421742,0.8138858472824344,0.3339187256750157,0.34608398561269826,0.5086476458268607,0.630313300171273,0.9952402980030217,0.0,0.0,0.11282104404042623
c42,n25,6.0,ne_rien_faire,1,1,6.0,echec,0.0,4.0,0.29704095184466056,0.5816949350632465,0.21681046996610917,0.6703094248064546,0.4292525142384812,0.13176630120510205,0.8088772543589174,0.8048042722588171,0.0,0.0,0.5852569534661657
c42,n26,0.0,expedition_express,1,1,0.0,resolu,1.0,2.0,0.4051247251893223,0.6650655629578957,0.33321258286179056,0.3175577119470055,0.47263180897566853,0.3545367596405536,0.4521774161690985,0.8946477705772777,0.09287777229911215,0.09287777229911215,-0.5317984163994466
c42,n27,8.0,revue_declaration,1,1,8.0,echec,0.0,3.0,0.6018494899901633,0.4407496383978381,0.44996455431111554,0.2944580638308266,0.3155774353442614,0.25350782566833324,0.9222269570659631,0.5900929655780782,0.05249761951415173,0.05249761951415173,1.5184847937020127
c42,n28,14.0,promouvoir_arc_secours,1,1,14.0,resolu,1.0,0.0,0.20059468233033112,0.763400380591191,0.6042508478698428,0.6518633741895418,0.3904037634057186,0.25125563762177316,0.4478336637708942,0.4100483983340967,0.09375668266232669,0.09375668266232669,0.27716403606466966
c42,n29,16.0,revue_declaration,1,1,16.0,partiel,0.0,2.0,0.1645393825852276,0.6820894191229774,0.4394399969127224,0.5032565085412213,0.28658618468057284,0.7964050582334365,0.6920106771057284,0.8336046980961883,0.08598823526196597,0.08598823526196597,2.395136373060008
c42,n30,6.0,boost_capacite,1,1,6.0,resolu,1.0,1.0,0.27784049579740566,0.16059965090743508,0.6763890191489635,0.3979489136121905,0.08674848832316301,0.7963786848850879,0.9675694310343302,0.6865095230905245,0.19,0.19,2.0354531485844114
c42,n31,12.0,ne_rien_faire,1,1,12.0,echec,0.0,3.0,0.12221190207912282,0.5160008147112494,0.6818719359731839,0.5038445327897723,0.6677200387295329,0.7141292535015474,0.40619591237815955,0.4444425250824543,0.0,0.0,-0.40477960325166146
c42,n32,9.0,ne_rien_faire,1,1,9.0,partiel,0.0,2.0,0.04547655126621123,0.42983970569740665,0.5311315368802622,0.24614888376278407,0.2698238648012907,0.27751959458932673,0.4969757457934563,0.6976448497335966,0.0,0.0,0.3905632984735563
c42,n33,2.0,ne_rien_faire,1,1,2.0,resolu,1.0,0.0,0.501780259707024,0.6159300658322783,0.15274826198272462,0.3825781370493751,0.7649041369618707,0.5493173597301372,0.7596851298842218,0.4980526390876697,0.0,0.0,0.6907696673756498
c42,n34,1.0,boost_capacite,1,1,1.0,resolu,1.0,0.0,0.1568604899064128,0.2439762416134182,0.3725982566252313,0.6462530553547198,0.4575642791872189,0.5826302416842264,0.7324773184388058,0.930065519404715,0.08115534141178526,0.08115534141178526,0.43594450839441495
c42,n35,8.0,ne_rien_faire,1,1,8.0,partiel,0.0,0.0,0.7055439284143795,0.5142529114261554,0.7476224103192555,0.47745256553854337,0.36607090898987826,0.8955833695786094,0.3102029462655398,0.6056018250202745,0.0,0.0,0.6634193456508894
c42,n36,3.0,expedition_express,1,1,3.0,echec,0.0,2.0,0.053397016211587676,0.4180417860568694,0.5181460937230944,0.7480807766957057,0.8135147981733837,0.27917976198223726,0.31552538862785695,0.8087982516874637,0.09287777229911215,0.09287777229911215,-0.6416495702875664
c42,n37,4.0,ne_rien_faire,1,1,4.0,partiel,0.0,3.0,0.687686605187974,0.48413702355768445,0.3518804187263231,0.15458541178460636,0.24773668404833976,0.5904610544403912,0.7175048883971022,0.1721836957995682,0.0,0.0,1.3367576515990311
c42,n38,5.0,ne_rien_faire,1,1,5.0,partiel,0.0,0.0,0.13553595076633776,0.20556401501048308,0.5245797035873875,0.21041986031341323,0.14514447527643382,0.4844356223074058,0.617551279964124,0.8600637137361634,0.0,0.0,0.2140022544966182
c42,n39,12.0,promouvoir_arc_secours,1,1,12.0,partiel,0.0,0.0,0.19501343635959276,0.3138735061264475,0.7483226091041785,0.25342910392116696,0.6298113455123961,0.17931331387732144,0.39249107404135547,0.7322590071050327,0.09375668266232669,0.09375668266232669,0.33083957561335287
c42,n40,17.0,ne_rien_faire,1,1,17.0,echec,0.0,2.0,0.07279930461972896,0.4354859151840949,0.7896354870167738,0.44086788366305174,0.3890287158467208,0.4168908110310276,0.7867225631971009,0.9534665462853507,0.0,0.0,-0.5518251573966679
c42,n41,8.0,boost_capacite,1,0,8.0,en_cours,,4.0,0.22207553685683648,0.4691003334386877,0.5595158441146023,0.5569348487609463,0.5994935301912139,0.45471072197435347,0.6356795032338111,0.8672771192435671,0.053075940557296836,0.053075940557296836,0.04139114439040363
c42,n42,9.0,promouvoir_arc_secours,1,1,9.0,partiel,0.0,0.0,0.4151747227106578,0.5891287893366411,0.8903984389737027,0.2388309726878505,0.9189210527432695,0.4474676455368131,0.5012208685151477,0.9534152772877227,0.07121226987735195,0.07121226987735195,1.5401742985302713
c42,n43,16.0,ne_rien_faire,1,1,16.0,partiel,0.0,0.0,0.2049487872405087,0.3398883153453347,0.2213904504639294,0.30048550190294027,0.7543382277435808,0.09860286767184558,0.38438164266698305,0.9622676216331804,0.0,0.0,-1.1870517970041572
c42,n44,11.0,ne_rien_faire,1,1,11.0,echec,0.0,0.0,0.45716618459420466,0.671751165345304,0.7811103869112341,0.260835930321432,0.7459600129199812,0.2836128161708005,0.4404393768009533,0.3310003373591767,0.0,0.0,-0.009211302928459689
c42,n45,13.0,ne_rien_faire,1,1,13.0,echec,0.0,1.0,0.03840031363818927,0.7304120384711799,0.22587964291621737,0.2891926850198919,0.46998122043734986,0.500891138596489,0.442344240048474,0.8468568515053319,0.0,0.0,-0.6707888936479631
c42,n46,15.0,promouvoir_arc_secours,1,0,15.0,en_cours,,3.0,0.16053308557273305,0.19478091022923769,0.4890233021168999,0.27901277393298324,0.5187105541577692,0.8794506261926749,0.610962358886755,0.8793867685245961,0.08604221741899593,0.08604221741899593,0.36490713082962023
c42,n47,16.0,ne_rien_faire,1,1,16.0,partiel,0.0,0.0,0.15167605466283796,0.46385438376451577,0.6421174988841359,0.31522319823868217,0.6341697416016092,0.546586810546853,0.15200807414371678,0.8390998914998702,0.0,0.0,-1.2486098677047526
c42,n48,11.0,promouvoir_arc_secours,1,1,11.0,partiel,0.0,2.0,0.25873323060229975,0.18087435980243105,0.545684100320575,0.7356774912856859,0.3238116432329537,0.5920381698231406,0.07690054499872595,0.4671462108002948,0.06507160887649192,0.06507160887649192,-0.9756491080553251
c42,n49,0.0,ne_rien_faire,1,1,0.0,partiel,0.0,3.0,0.01700039176940921,0.5100383293741034,0.4201627274404791,0.46762170774098843,0.2832306926827195,0.8277694533745754,0.931161836887196,0.5392029321456764,0.0,0.0,0.7200948497141877
c42,n0,5.0,ne_rien_faire,1,1,5.0,partiel,0.0,1.0,0.14090303793352604,0.348510444790838,0.0893896950522636,0.5348809494656086,0.2700802590378677,0.4443737273673526,0.5941715520150748,0.5539409179062137,0.0,0.0,-0.011949862249567539
c42,n1,3.0,ne_rien_faire,1,1,3.0,partiel,0.0,0.0,0.3238845836653697,0.32700979898227267,0.46323027425980556,0.8489005076274254,0.22233865978532252,0.11228231767489531,0.5034463982990667,0.9205092768193479,0.0,0.0,0.1813755793559983
c42,n2,8.0,expedition_express,1,0,8.0,en_cours,,1.0,0.3542638620112446,0.02300398637758626,0.5699051141126011,0.6140378222955166,0.7761681810562758,0.13703249178895552,0.25034717937804873,0.83633893706226,0.18,0.18,0.04089170095119443
c42,n3,11.0,ne_rien_faire,1,1,11.0,resolu,1.0,3.0,0.08167755514395418,0.22782595422627927,0.39536849880957675,0.3323860811478203,0.6918246202789005,0.5454602659264346,0.3519368907041787,0.5447317216335135,0.0,0.0,-2.866161746234463
c42,n4,4.0,ne_rien_faire,1,1,4.0,partiel,0.0,0.0,0.05859269026702855,0.5204582669547164,0.900003717809868,0.24947128548141384,0.35220885013716857,0.46074359021442496,0.18870182278886038,0.7853300184483727,0.0,0.0,-0.7037221756659626
c42,n5,15.0,expedition_express,1,1,15.0,resolu,1.0,2.0,0.010207282384702757,0.7309636026951266,0.6198444024987549,0.6207092640674133,0.28321498577616055,0.8907007368279886,0.8364975794404729,0.9242086099074809,0.05026139694364532,0.05026139694364532,0.6475021699146911
c42,n6,16.0,boost_capacite,1,1,16.0,resolu,1.0,0.0,0.15281479316303376,0.6480281366756175,0.6354667594467299,0.9234245675212348,0.5107100055399144,0.6742102513532752,0.9338116546952622,0.6812924035566532,0.06576450329934143,0.06576450329934143,1.590628257948695
c42,n7,4.0,ne_rien_faire,1,1,4.0,partiel,0.0,2.0,0.17385346601232082,0.3103779596680392,0.5484348745384741,0.2507658651894048,0.819638831779637,0.4617674775861133,0.45887970042410225,0.3351003557460905,0.0,0.0,-0.903192562533083
c42,n8,2.0,boost_capacite,1,0,2.0,en_cours,,2.0,0.2284685892273692,0.4151056802808036,0.7217130667040483,0.4692178627752577,0.4928118957564741,0.4793343436232553,0.43501035276750877,0.7335600364068291,0.053075940557296836,0.053075940557296836,-0.004375529830269231
c42,n9,8.0,ne_rien_faire,1,1,8.0,partiel,0.0,0.0,0.22641211869828173,0.3864347630279335,0.39889340343454915,0.5400361126692761,0.490888774129376,0.4307507843249739,0.5200137439544138,0.5920957965844794,0.0,0.0,-0.8676327954151574
c42,n10,6.0,ne_rien_faire,1,1,6.0,partiel,0.0,0.0,0.3825444141837464,0.34651108042263656,0.6043198460617991,0.22958253299650933,0.49735377690408245,0.4959531275620713,0.3522958881075942,0.6378870924652078,0.0,0.0,0.1050811665058095
c42,n11,15.0,boost_capacite,1,1,15.0,echec,0.0,2.0,0.36197484661289986,0.6035422536752816,0.4563122653845969,0.5185534781347397,0.6058303506789863,0.5372004856667161,0.32522020691320197,0.5642850638306341,0.053075940557296836,0.053075940557296836,0.7620113030118759
c42,n12,15.0,ne_rien_faire,1,1,15.0,partiel,0.0,3.0,0.5105060426785758,0.44620951072526915,0.4557654563258765,0.30637450969933505,0.821631078303092,0.33470276645372565,0.34106204033726617,0.9671013285884009,0.0,0.0,-1.7841453214494558
c42,n13,15.0,expedition_express,1,1,15.0,echec,0.0,2.0,0.19670409870981664,0.8933210623625081,0.2042852491920904,0.5518603167268475,0.8332174602491048,0.8020082828896514,0.49037922991387417,0.34009335425703907,0.09287777229911215,0.09287777229911215,0.8936210008559279
c42,n14,6.0,replanifier_jalon,1,1,6.0,resolu,1.0,1.0,0.5464831996328836,0.31618761524597827,0.1946676653564986,0.25020427384434185,0.8539348698015176,0.37893122671437945,0.6200865349273954,0.7587057069406931,0.11280496606787029,0.11280496606787029,0.9801253883573522
c42,n15,13.0,ne_rien_faire,1,1,13.0,partiel,0.0,0.0,0.37600503593144957,0.16076686803973472,0.3416391151536442,0.4701358568813074,0.3436360127215332,0.557329012396597,0.29393314302996876,0.9532260803445518,0.0,0.0,-1.9062529243324517
c42,n16,5.0,ne_rien_faire,1,1,5.0,partiel,0.0,2.0,0.018203574839222594,0.261242155543314,0.45675223399779175,0.27637373736278376,0.536476957426168,0.3174419200882067,0.4803175142170642,0.4162734952245058,0.0,0.0,-0.2938721250435632
c42,n17,15.0,ne_rien_faire,1,1,15.0,echec,0.0,2.0,0.20393160471839827,0.6248527248390803,0.8091655626063999,0.7323804841605763,0.24625263916156917,0.2737009991577122,0.6490816135786952,0.09921902371968304,0.0,0.0,1.04001887717388
c42,n18,13.0,ne_rien_faire,1,1,13.0,resolu,1.0,0.0,0.3979430530431315,0.6167484036483714,0.33194263598288193,0.1758360535593572,0.4998754076959383,0.8440222668546211,0.7568705219810941,0.7704591056445792,0.0,0.0,1.4529238615884321
c42,n19,4.0,ne_rien_faire,1,1,4.0,echec,0.0,4.0,0.3331021229912531,0.07795053863920885,0.8109380026770631,0.35228494073359207,0.19786673801096277,0.7951329797446857,0.3544403889936395,0.462792380143511,0.0,0.0,0.5725797456108219
c42,n20,17.0,expedition_express,1,0,17.0,en_cours,,0.0,0.03369464117062027,0.3446673850777739,0.48566374007371943,0.20628996732587593,0.7889955218108342,0.6156127667465947,0.3295737328532676,0.6025429333466366,0.18,0.18,0.5690788481901221
c42,n21,14.0,ne_rien_faire,1,1,14.0,partiel,0.0,3.0,0.30681945359390694,0.6141296174158549,0.8407249041090227,0.5418718469029243,0.4015456509000741,0.3641155566160925,0.5119438932370833,0.8289833108545538,0.0,0.0,-0.4608024546163553
c42,n22,10.0,boost_capacite,1,1,10.0,partiel,0.0,3.0,0.005833902989253104,0.8858626279483299,0.5019923958301061,0.2712801607845317,0.5519514129984489,0.5217025652452014,0.6377539755817401,0.2998187479161181,0.053075940557296836,0.053075940557296836,-0.044310835541589044
c42,n23,4.0,ne_rien_faire,1,1,4.0,echec,0.0,0.0,0.0935505402850266,0.4963220071281827,0.7303239690985246,0.3112254201901034,0.636109288367717,0.5213974211518054,0.29826157588245117,0.8191007795218586,0.0,0.0,-1.08274891252388
c42,n24,16.0,ne_rien_faire,1,1,16.0,partiel,0.0,2.0,0.06488447128961394,0.5209297496936105,0.7745894799741877,0.4034691017559281,0.43691678209631124,0.4861774892007902,0.5354515910602747,0.8579454260445568,0.0,0.0,0.5297917126977398
c42,n25,7.0,ne_rien_faire,1,1,7.0,resolu,1.0,2.0,0.22593279092117094,0.6796829222999966,0.4885867216001276,0.4932220226599435,0.7367915092100106,0.8414421690347295,0.5064011179795527,0.7559734298641458,0.0,0.0,0.013575686749582205
c42,n26,14.0,ne_rien_faire,1,1,14.0,partiel,0.0,4.0,0.3624084284951673,0.6063152942287193,0.8238337907724387,0.2536285176532427,0.572779257404144,0.29635299246110935,0.3125433075168162,0.4816192101882633,0.0,0.0,-0.22397546536131555
c42,n27,9.0,ne_rien_faire,1,1,9.0,resolu,1.0,0.0,0.6382888006584729,0.5959751543596316,0.2224200954229937,0.4083075452090205,0.4560468315371442,0.4757827009269472,0.47199029072793175,0.6014787217076848,0.0,0.0,0.5362296483212045
c42,n28,2.0,boost_capacite,1,1,2.0,resolu,1.0,0.0,0.11638239234006385,0.2006299098867979,0.7799363359555339,0.2365594742083536,0.3159026835435952,0.92528433581872,0.6659897162655166,0.7282545619173806,0.19,0.19,2.1785814208782033
c42,n29,8.0,ne_rien_faire,1,1,8.0,partiel,0.0,3.0,0.30060459382426796,0.3656850412614845,0.17723733500142044,0.591646239417253,0.6248932223470306,0.28530072787406796,0.8797611695026368,0.9499504835205526,0.0,0.0,0.013247838902964992
c42,n30,6.0,ne_rien_faire,1,1,6.0,partiel,0.0,2.0,0.1434541873045771,0.2667263793802883,0.8296920058926424,0.5459731192195298,0.16048463457658071,0.5545017481985705,0.4773502180225432,0.5772217101793602,0.0,0.0,-0.0511834266361874
c42,n31,9.0,promouvoir_arc_secours,1,1,9.0,echec,0.0,2.0,0.21768278025770174,0.3461045992720671,0.6631466000637746,0.22882556351020045,0.6447498687218357,0.44699853925133703,0.42622447833094756,0.6755003440994322,0.06507160887649192,0.06507160887649192,0.8955276549485066
c42,n32,4.0,ne_rien_faire,1,1,4.0,partiel,0.0,0.0,0.05593453538787997,0.5160531732332592,0.7271014407782543,0.5200010050705508,0.22556829513920282,0.2969617797753343,0.15220110655795777,0.9963792179884146,0.0,0.0,-2.098880640114546
c42,n33,16.0,ne_rien_faire,1,1,16.0,partiel,0.0,2.0,0.25169177148582256,0.2521689532459114,0.5171095494122495,0.551461506303909,0.23122713984956528,0.5225762654880926,0.49610675209287275,0.7316966382515716,0.0,0.0,-0.4878626323023948
c42,n34,8.0,ne_rien_faire,1,1,8.0,resolu,1.0,4.0,0.11952503007817859,0.20290527476805406,0.6302077203519274,0.6833127331976159,0.8258095229134051,0.9123184124622841,0.007440181254294437,0.428389796981821,0.0,0.0,-2.240208134333487
c42,n35,4.0,replanifier_jalon,1,1,4.0,resolu,1.0,0.0,0.6623386239865016,0.23060306716562964,0.6456919755924795,0.2266309171189819,0.42379230945732277,0.38475022442588824,0.5204049337079963,0.5525971617554791,0.11280496606787029,0.11280496606787029,0.3900262688958292
c42,n36,16.0,replanifier_jalon,1,0,16.0,en_cours,,2.0,0.38421892641233224,0.34636618783136847,0.31184211436921855,0.6452244864768488,0.2960218737435106,0.904317833974354,0.37384143572890716,0.4783520572900977,0.08263442177277024,0.08263442177277024,0.2869700659877713
c42,n37,7.0,ne_rien_faire,1,1,7.0,echec,0.0,0.0,0.38164175414354035,0.15987501397262932,0.5511063981318114,0.7194172213082298,0.4194022183089364,0.24395787920602635,0.1552248435876553,0.9213861187703845,0.0,0.0,-0.8101297363012279
c42,n38,8.0,boost_capacite,1,1,8.0,partiel,0.0,2.0,0.5163939761343945,0.29099246608390567,0.5112570891438502,0.593677306440486,0.7629772258394056,0.5027675160533542,0.3895622163610964,0.37156180923725335,0.053075940557296836,0.053075940557296836,-0.08632722446263563
c42,n39,11.0,boost_capacite,1,1,11.0,echec,0.0,4.0,0.191476586885301,0.5415493067495759,0.7957866779566224,0.7636131682567657,0.382551547809552,0.5411292333004841,0.7943245830821534,0.881593762468083,0.053075940557296836,0.053075940557296836,0.6485509996910319
c42,n40,0.0,ne_rien_faire,1,1,0.0,resolu,1.0,4.0,0.2387099124183147,0.2907371136600239,0.5450362719049181,0.2930486661239514,0.5530775982071064,0.7162422910604402,0.7851591264508642,0.8434549083122461,0.0,0.0,-0.15941640980747274
c42,n41,17.0,ne_rien_faire,1,1,17.0,resolu,1.0,3.0,0.6643969117312892,0.5740381848390586,0.8565838025785122,0.4776744768006594,0.5291730280831103,0.7445993658676828,0.4011195738757864,0.35826785077996026,0.0,0.0,0.7682529054507353
c42,n42,5.0,revue_declaration,1,0,5.0,en_cours,,0.0,0.21547654545855083,0.6034371761495425,0.40728260226851126,0.5342888426511424,0.5139633041668263,0.8185925248829278,0.634563275406821,0.8240456153023152,0.08275544669906046,0.08275544669906046,1.7030581192742402
c42,n43,4.0,ne_rien_faire,1,1,4.0,resolu,1.0,0.0,0.37787493824491386,0.2728073673307295,0.5961430887711233,0.8038171960320698,0.5743112652090252,0.7842620957661881,0.19368760646677385,0.1305240453051505,0.0,0.0,0.3341399545744508
c42,n44,4.0,revue_declaration,1,1,4.0,echec,0.0,2.0,0.12313244207669431,0.42830292394533764,0.44385305339110304,0.7088800227205114,0.810648267478808,0.4786739762492378,0.253709497732845,0.7643422313874215,0.05249761951415173,0.05249761951415173,-0.7635562513376472
c42,n45,5.0,promouvoir_arc_secours,1,1,5.0,resolu,1.0,1.0,0.5056508211555544,0.8040241765952213,0.6795702592463645,0.742816278231746,0.2423610876125432,0.3392341952153718,0.07940020561487653,0.8078434265417608,0.09375668266232669,0.09375668266232669,-0.526764619082469
c42,n46,1.0,expedition_express,1,1,1.0,resolu,1.0,2.0,0.3468671561763518,0.12076860430768686,0.27145412026717025,0.7387247839648466,0.15645048532013583,0.6805682456720754,0.7496243583193936,0.9597651092378875,0.050825581787975416,0.050825581787975416,0.5260239998143991
c42,n47,17.0,ne_rien_faire,1,1,17.0,partiel,0.0,2.0,0.273815741028254,0.18734197897738783,0.54571932700042,0.3911646590979278,0.15029251118792755,0.5282767094157351,0.6447489012738905,0.5331621192671441,0.0,0.0,0.3286147219553374
c42,n48,7.0,replanifier_jalon,1,1,7.0,resolu,1.0,3.0,0.4212008860794466,0.7270846957802579,0.14528320466339292,0.6185783983646594,0.14127825433362734,0.7381629182423487,0.4827421501082903,0.8427072969282867,0.08263442177277024,0.08263442177277024,0.2951622072355606
c42,n49,1.0,ne_rien_faire,1,1,1.0,partiel,0.0,1.0,0.013366135062097169,0.3014544139784112,0.7208024236403816,0.3705371603210598,0.2374374905109035,0.5070552528292732,0.11243742723672236,0.6210284415449614,0.0,0.0,-2.0694585200141153
c42,n0,8.0,ne_rien_faire,1,1,8.0,partiel,0.0,2.0,0.3757867607060544,0.32166391666645394,0.5646094401854023,0.6869095960973656,0.09709731828811878,0.39118024557733055,0.7598326794339934,0.6924192729960826,0.0,0.0,-0.19146564413267675
c42,n1,5.0,revue_declaration,1,1,5.0,echec,0.0,1.0,0.12351841206994371,0.40868296216232897,0.5651291095178762,0.23503329561985536,0.9064914533917686,0.635986291534933,0.462717262582786,0.8445392106749064,0.07101163994378579,0.07101163994378579,-0.2482905177302132
c42,n2,11.0,promouvoir_arc_secours,1,1,11.0,echec,0.0,3.0,0.37234399835867765,0.5991254214950732,0.11316914712255406,0.08771944698834704,0.45083140144806205,0.26566156921169587,0.4698930694329109,0.9639374500527201,0.0847811404775453,0.0847811404775453,-0.17711593193887912
c42,n3,8.0,expedition_express,1,0,8.0,en_cours,,1.0,0.4389345784347044,0.2778483323260773,0.6238767221079958,0.3435976734068243,0.7967498229427843,0.5334643231226958,0.7871996813324428,0.9004905567075534,0.06784087113578872,0.06784087113578872,0.6534340464289218
c42,n4,14.0,expedition_express,1,1,14.0,partiel,0.0,4.0,0.09130062283775836,0.44197514062258936,0.5128994392935,0.21221089145820327,0.1834359229220093,0.4793832790875137,0.6978936548995586,0.41636190793658173,0.09287777229911215,0.09287777229911215,-0.7878273295678027
c42,n5,10.0,replanifier_jalon,1,1,10.0,resolu,1.0,4.0,0.06593562660648722,0.3254484378533493,0.7282244208092984,0.523317948719894,0.9079055497426168,0.7100820961941225,0.8045395350511145,0.6984356209761277,0.19,0.19,-0.5608949153817256
c42,n6,1.0,ne_rien_faire,1,1,1.0,resolu,1.0,2.0,0.13371594751072063,0.4707778898504303,0.5812820119583837,0.7765507177681894,0.47984646467630204,0.43084422368244607,0.7215215025946671,0.8867891525877953,0.0,0.0,-0.10217209294345919
c42,n7,6.0,ne_rien_faire,1,1,6.0,partiel,0.0,2.0,0.5436415950035383,0.1082973639513583,0.7361053297231417,0.7225507734022022,0.4695471456778787,0.6306846838460003,0.4288842922294116,0.1699414628903318,0.0,0.0,0.4341189069713757
c42,n8,7.0,boost_capacite,1,1,7.0,resolu,1.0,4.0,0.5393618388946346,0.25206023290421375,0.42281846474847545,0.44749525665703244,0.5780249101884403,0.6257489608146317,0.9880783359284403,0.7710621773053283,0.09404583781437073,0.09404583781437073,3.019258738319298
c42,n9,13.0,ne_rien_faire,1,1,13.0,partiel,0.0,2.0,0.2792384090529799,0.45523299114824495,0.2893572963327154,0.8126723084596823,0.4278904137407143,0.03594110311864939,0.5753698139505252,0.398578211429349,0.0,0.0,-1.418255020927322
c42,n10,9.0,ne_rien_faire,1,1,9.0,partiel,0.0,1.0,0.5594942667014874,0.052449481466454506,0.44478576593377406,0.13794504131908958,0.9494218772741717,0.7785771760888721,0.4827193684979419,0.9888899974555552,0.0,0.0,-0.8355341065738432
c42,n11,9.0,expedition_express,1,0,9.0,en_cours,,2.0,0.344223699608586,0.39102487561716337,0.31856002335225503,0.580134693657986,0.25368555994181874,0.5241934695963693,0.9135835843602611,0.5217167544439478,0.09287777229911215,0.09287777229911215,1.3842742068612481
c42,n12,5.0,ne_rien_faire,1,1,5.0,partiel,0.0,2.0,0.16140401353760697,0.3772009874000813,0.19923497555644018,0.26427777551273623,0.2496100068029302,0.5490037955912733,0.9239236094791552,0.38297653269837234,0.0,0.0,0.30735645770647374
c42,n13,0.0,promouvoir_arc_secours,1,0,0.0,en_cours,,2.0,0.5565587948715871,0.6190981636037951,0.7202948819885769,0.6871114543791637,0.521295763332475,0.548774708356222,0.6324302133304335,0.7077308538587512,0.06507160887649192,0.06507160887649192,2.0959444008110806
c42,n14,17.0,expedition_express,1,1,17.0,resolu,1.0,0.0,0.21169013678257653,0.49616161644222584,0.82639343002879,0.48507985349453636,0.14091538814720125,0.7713948749707843,0.5724441804341435,0.8838325864287805,0.18,0.18,-0.15258667924975766
c42,n15,13.0,ne_rien_faire,1,1,13.0,partiel,0.0,3.0,0.20045010575604974,0.5657161527375781,0.7335674301507191,0.4395969473998144,0.3102572193221431,0.6207930175726366,0.501187164214172,0.5664243440473159,0.0,0.0,-0.5177427132996092
c42,n16,12.0,revue_declaration,1,1,12.0,partiel,0.0,2.0,0.1520351396614754,0.1887780773663014,0.6290860426400456,0.8822475240322175,0.8090008319554827,0.2512838683156755,0.7192726867329425,0.9924971494911408,0.09844224846172875,0.09844224846172875,-0.4607488839034529
c42,n17,9.0,ne_rien_faire,1,1,9.0,partiel,0.0,2.0,0.09859915561681201,0.14449632110243396,0.6425737215461182,0.46446448147031555,0.4325900288321157,0.40741503600430456,0.496381439450792,0.2448704812054153,0.0,0.0,-0.3014658059006945
c42,n18,11.0,ne_rien_faire,1,1,11.0,partiel,0.0,1.0,0.2924477316461011,0.057090220087186484,0.4917000464479468,0.16042729013096077,0.5501011301280364,0.3455178484788894,0.651463079900182,0.4933274698516907,0.0,0.0,0.4900506058228476
c42,n19,16.0,boost_capacite,1,1,16.0,resolu,1.0,4.0,0.3633369597045933,0.5273060163445128,0.4864239009887696,0.23476140604308313,0.5480296598309998,0.7937327460600138,0.45797899179508966,0.6857728407196964,0.09404583781437073,0.09404583781437073,-1.0109491616815305
c42,n20,13.0,promouvoir_arc_secours,1,1,13.0,resolu,1.0,1.0,0.23082562628544764,0.6043327476893956,0.5814384581303255,0.7691886664571919,0.3998902030472715,0.7342344184684483,0.17151066591453706,0.8880200162252424,0.09375668266232669,0.09375668266232669,-2.7508685384305194
c42,n21,7.0,ne_rien_faire,1,1,7.0,partiel,0.0,0.0,0.07203423283966447,0.521607017062107,0.805304346436333,0.7806351538770113,0.6022117835926871,0.4445379561869164,0.11352240894933768,0.13152302739301305,0.0,0.0,-1.9791966482638377
c42,n22,13.0,expedition_express,1,1,13.0,resolu,1.0,1.0,0.15213318973216763,0.24447430088615518,0.2630215210864007,0.40521878827092295,0.32317645045991766,0.6702547068432626,0.7320423863057886,0.34152236826598814,0.10748598928679363,0.10748598928679363,0.3636138455150053
c42,n23,4.0,promouvoir_arc_secours,1,1,4.0,echec,0.0,4.0,0.1418403353434742,0.28072952870974643,0.22714944472429435,0.8030916405119037,0.5107963571698598,0.5049722441971851,0.06780971587445034,0.969105893838327,0.0847811404775453,0.0847811404775453,-0.9831334072665927
c42,n24,17.0,ne_rien_faire,1,1,17.0,resolu,1.0,1.0,0.14626612638349087,0.2936231004155388,0.43735645053665123,0.6384601620804997,0.37680601876781294,0.4479077971201711,0.6512298959571438,0.7168097497542362,0.0,0.0,-0.8519682316441103
c42,n25,11.0,ne_rien_faire,1,1,11.0,echec,0.0,4.0,0.06123235081446181,0.45796919530425123,0.9023336195683938,0.4805952316490192,0.5975492127890534,0.5073104802110512,0.6598483092583528,0.8862477027201813,0.0,0.0,-0.5406560420837262
c42,n26,2.0,boost_capacite,1,1,2.0,resolu,1.0,0.0,0.504883929918504,0.3906288254906485,0.47162578034328567,0.4225549354613472,0.38625000246245617,0.6966674892376464,0.36375511210241507,0.5906062403651551,0.19,0.19,1.6658645706505975
c42,n27,8.0,ne_rien_faire,1,1,8.0,resolu,1.0,2.0,0.2550871196639209,0.07632998528206254,0.5180865095599795,0.29735239687220644,0.5940083532448307,0.7071045969100196,0.3025651811438227,0.4539488127023909,0.0,0.0,-0.6027867188818916
c42,n28,11.0,ne_rien_faire,1,1,11.0,resolu,1.0,2.0,0.028023645471178846,0.20128683890902568,0.18399594604620803,0.848655580982215,0.7539080069565636,0.6155449647686823,0.7214655533020118,0.5886292158369163,0.0,0.0,0.12091316508450911
c42,n29,14.0,boost_capacite,1,1,14.0,resolu,1.0,1.0,0.07408960485690214,0.17709427447976198,0.010388403385615112,0.4157015915722756,0.4907233080292583,0.6073471906828829,0.409424290410175,0.5610833505414231,0.19,0.19,-1.4513636944645338
c42,n30,2.0,expedition_express,1,1,2.0,partiel,0.0,2.0,0.04910149098455549,0.5119995774512104,0.6507955557480513,0.3292920796430342,0.41937021386182605,0.361029057667215,0.5611434308407582,0.7506369827024348,0.09287777229911215,0.09287777229911215,0.891800267977785
c42,n31,5.0,ne_rien_faire,1,1,5.0,partiel,0.0,0.0,0.04450290473179942,0.2818049822316438,0.4776013209949527,0.9437356966243219,0.6922909506728883,0.20985577425987662,0.13567451879637074,0.5250298176724808,0.0,0.0,0.19777496892494528
c42,n32,8.0,replanifier_jalon,1,1,8.0,resolu,1.0,4.0,0.29070059213002597,0.3801553172450157,0.7383401358557989,0.8122768204635589,0.5907608176265398,0.5994355470488523,0.25166911987867024,0.8542370791484144,0.19,0.19,0.12833669327132785
c42,n33,4.0,boost_capacite,1,1,4.0,resolu,1.0,0.0,0.23638136019829864,0.39652526607336036,0.18213871242533816,0.46851995779893013,0.3294619304806256,0.8405670103772334,0.5919139069209997,0.4770496609161052,0.19,0.19,2.590712047005243
c42,n34,2.0,ne_rien_faire,1,1,2.0,partiel,0.0,4.0,0.08456999395231285,0.2636406610925575,0.9196269663857487,0.28335308053547226,0.46223153972247105,0.8757861891141544,0.31819193764430465,0.40643835283677,0.0,0.0,0.42486431902949084
c42,n35,8.0,ne_rien_faire,1,1,8.0,partiel,0.0,4.0,0.07405388422388999,0.3917401390073071,0.968041893813044,0.622332752546742,0.48321413057491475,0.7396504562555686,0.08647379676149101,0.6428204004287575,0.0,0.0,-0.8531814159572958
c42,n36,1.0,ne_rien_faire,1,1,1.0,resolu,1.0,3.0,0.1297546838785111,0.38115707516795533,0.6494945768157923,0.46835637577848904,0.43123413558647317,0.4690542108461976,0.45856771587702566,0.5721207135255437,0.0,0.0,0.14145506145484504
c42,n37,12.0,ne_rien_faire,1,1,12.0,resolu,1.0,2.0,0.08570843638154735,0.2211844523275212,0.5807983321034887,0.7098249355327155,0.7794289570731278,0.8295344889394028,0.3153247640674141,0.8187561747879772,0.0,0.0,-0.114578421190076
c42,n38,4.0,ne_rien_faire,1,1,4.0,resolu,1.0,1.0,0.055453404128450304,0.23959348267540137,0.29745618844816646,0.13593020350109147,0.819587985759426,0.7301806915915041,0.4292907187377454,0.5319580478840722,0.0,0.0,0.9421447037749875
c42,n39,12.0,revue_declaration,1,1,12.0,partiel,0.0,2.0,0.15445832759926653,0.3369504043918837,0.49032554724532845,0.6111562366602221,0.7130996987849217,0.623823023435891,0.5570748398997856,0.5827377974547343,0.05249761951415173,0.05249761951415173,0.6926958801549928
c42,n40,4.0,ne_rien_faire,1,1,4.0,partiel,0.0,1.0,0.029027813458822535,0.21702923867541993,0.9048034164750007,0.09435556299324446,0.39756695150427457,0.7435087793692439,0.7447089383193793,0.7423735924007975,0.0,0.0,1.836563156725276
c42,n41,7.0,ne_rien_faire,1,1,7.0,resolu,1.0,2.0,0.22082073235170904,0.07697031881899372,0.17729189567534945,0.5070343388226395,0.32133090569328066,0.31036886119475054,0.15938378710772608,0.7006506444783837,0.0,0.0,0.7880164915909778
c42,n42,2.0,revue_declaration,1,1,2.0,resolu,1.0,3.0,0.27879707972996925,0.9093343914106673,0.3768739295501281,0.7246531733351137,0.5618266374381958,0.5889964680243793,0.14318333972336914,0.8610446265669512,0.05249761951415173,0.05249761951415173,-2.0297206937973007
c42,n43,0.0,boost_capacite,1,1,0.0,resolu,1.0,3.0,0.10679198312703245,0.1711666940876465,0.4195526832820025,0.5928296721942365,0.48031238503129897,0.8148050396666549,0.6954437689733298,0.9080397412243991,0.10810334108612218,0.10810334108612218,-0.22711899610957198
c42,n44,1.0,expedition_express,1,1,1.0,partiel,0.0,0.0,0.24960293844232762,0.38320294985545583,0.5646584613089921,0.38235914826793216,0.30977021282596007,0.7001038009101148,0.43736313723325476,0.18109997558057234,0.10748598928679363,0.10748598928679363,0.4441806779635122
c42,n45,6.0,promouvoir_arc_secours,1,1,6.0,partiel,0.0,4.0,0.16796394619540417,0.23638289046918745,0.9064503425627063,0.5590486465019776,0.35545782564463235,0.21755753009984735,0.6825993988704807,0.853463086038493,0.06507160887649192,0.06507160887649192,0.41770691225965845
c42,n46,15.0,ne_rien_faire,1,1,15.0,partiel,0.0,3.0,0.19687649951797362,0.13021847725307525,0.49899532499175436,0.2506139398778302,0.7289948761645937,0.6857793830128321,0.6027373812528677,0.3079602809213396,0.0,0.0,-0.04674961876162104
c42,n47,15.0,replanifier_jalon,1,1,15.0,echec,0.0,2.0,0.1490381943686775,0.6086188756419233,0.7591797731108982,0.6394828160371824,0.6060868516575754,0.8255223204260804,0.7371823814858031,0.9289450767642434,0.07586754174215447,0.07586754174215447,0.9564882058816429
c42,n48,11.0,replanifier_jalon,1,1,11.0,echec,0.0,3.0,0.19547758336380938,0.720916036823875,0.6533467615894961,0.13412346704652087,0.43442252901178663,0.24882947888871088,0.7680932773019284,0.8910003775567614,0.19,0.19,0.2250293427931281
c42,n49,12.0,ne_rien_faire,1,1,12.0,resolu,1.0,3.0,0.01007298584638095,0.1815539546048974,0.23891212770953504,0.2568776454102003,0.24544115281284293,0.7011020269244437,0.47866773887274994,0.3792113126613356,0.0,0.0,-0.7842789701501717
c42,n0,16.0,promouvoir_arc_secours,1,1,16.0,resolu,1.0,4.0,0.4426491167658803,0.31945891697301226,0.4368144457771964,0.47772039821006557,0.39521825623094514,0.5385114835773972,0.7501891933172955,0.3589640529660085,0.08604221741899593,0.08604221741899593,0.2086953767945552
c42,n1,15.0,replanifier_jalon,1,1,15.0,resolu,1.0,1.0,0.4083617621906519,0.5507382666216634,0.8584875183063351,0.585699124266706,0.7462461351011779,0.38393216772560074,0.3899628841852219,0.2723213590461364,0.11280496606787029,0.11280496606787029,-0.6550399676083479
c42,n2,16.0,promouvoir_arc_secours,1,1,16.0,partiel,0.0,0.0,0.10082593071272598,0.24599732623060336,0.16594527265091655,0.3341435396852462,0.6413809021905165,0.4915609546667915,0.5900258415006464,0.5864453629137241,0.09375668266232669,0.09375668266232669,-0.3232031141499935
c42,n3,0.0,boost_capacite,1,1,0.0,partiel,0.0,2.0,0.17755420039471012,0.27096884648707714,0.5117080912724611,0.6972365342262465,0.7042336687283206,0.714786734573413,0.9717644418480663,0.8375865681870077,0.09404583781437073,0.09404583781437073,1.3255206417068321
c42,n4,9.0,ne_rien_faire,1,1,9.0,partiel,0.0,3.0,0.3054557053186584,0.7109104097154207,0.43815383383166523,0.43796419811677545,0.6613495682229033,0.31878720753148704,0.6744175143944976,0.4110530844121106,0.0,0.0,0.28410171858332084
c42,n5,5.0,ne_rien_faire,1,1,5.0,resolu,1.0,2.0,0.22071055945611634,0.6128895669996492,0.690310029784141,0.0565397688249399,0.8961860137138342,0.9195063497148082,0.027800922483740005,0.549637221734205,0.0,0.0,-1.3953277174766614
c42,n6,13.0,ne_rien_faire,1,1,13.0,partiel,0.0,4.0,0.07917804795418176,0.2714863368438028,0.9581226435387434,0.7979663367960643,0.7865726497051653,0.6496527945418644,0.6091555860357781,0.2908484255822121,0.0,0.0,0.5539455854087943
c42,n7,15.0,promouvoir_arc_secours,1,1,15.0,echec,0.0,1.0,0.3526544226053263,0.12001869695036796,0.4853425092126064,0.39267079228317936,0.7187954297500582,0.8628817931252981,0.5954806643352061,0.7358928000270293,0.11114874117773832,0.11114874117773832,1.235861853572062
c42,n8,3.0,ne_rien_faire,1,1,3.0,resolu,1.0,1.0,0.39611034926802047,0.10662858331194101,0.5897373306823347,0.8835179154149518,0.716281253826036,0.7638467309056821,0.6383129136883477,0.8880835297372789,0.0,0.0,0.2793523569229108
c42,n9,6.0,replanifier_jalon,1,1,6.0,resolu,1.0,2.0,0.050593468264290814,0.27810370033614695,0.3896616316858091,0.5404188204028791,0.7030033466885115,0.5520298221109785,0.4953354267454466,0.8474441642898088,0.19,0.19,-0.6252371502319849
c42,n10,12.0,promouvoir_arc_secours,1,1,12.0,echec,0.0,2.0,0.1639362890849316,0.5419125236333809,0.743504806328838,0.696750423218506,0.6048553569369881,0.15131999911638216,0.6934235594708438,0.8381649497383287,0.06507160887649192,0.06507160887649192,1.8170624912852062
c42,n11,6.0,ne_rien_faire,1,1,6.0,echec,0.0,3.0,0.6214266628536013,0.3335170760398521,0.6120003700597348,0.34650275338362724,0.2619652973273418,0.4948369264413934,0.8290986919906341,0.5010434356650204,0.0,0.0,1.3564493417967336
c42,n12,12.0,ne_rien_faire,1,1,12.0,echec,0.0,3.0,0.03852644517880758,0.3220791148830913,0.4523813052656283,0.4512468831643018,0.16912694716204008,0.6958529970435525,0.844649073217481,0.4388676898430749,0.0,0.0,1.6791385837254285
c42,n13,10.0,ne_rien_faire,1,1,10.0,partiel,0.0,1.0,0.030881556728167062,0.04456977850261165,0.2731147228876699,0.612037350386037,0.43609800287039013,0.3353632255994536,0.5315791434389037,0.7955028274706177,0.0,0.0,-0.6831414924748023
c42,n14,9.0,revue_declaration,1,1,9.0,echec,0.0,4.0,0.24341492989439684,0.7829303627244657,0.6495699614943076,0.49698939299016925,0.8020105298878096,0.7053621527812225,0.6748753137114925,0.6175348306810131,0.05249761951415173,0.05249761951415173,-0.2957459650008244
c42,n15,13.0,ne_rien_faire,1,1,13.0,echec,0.0,1.0,0.33699388802420693,0.40691444272525257,0.5723890237914473,0.3870444448134196,0.6490985514879163,0.248657150744121,0.7543653261238484,0.7579810270896664,0.0,0.0,-0.4255785375295558
c42,n16,8.0,replanifier_jalon,1,1,8.0,partiel,0.0,4.0,0.4599635365075785,0.11516005037763193,0.4741315962086867,0.658805814726729,0.15397390737079983,0.5515991866726944,0.23032203973571802,0.4145968624117386,0.19,0.19,0.509889959118474
c42,n17,9.0,ne_rien_faire,1,1,9.0,partiel,0.0,4.0,0.2246568484827539,0.6966090281967715,0.7237382086036728,0.34744203210105346,0.3672536650235419,0.4845265718154381,0.6436727094479966,0.8572205853585892,0.0,0.0,-0.054391460108357964
c42,n18,4.0,revue_declaration,1,1,4.0,resolu,1.0,0.0,0.43631911838623555,0.2391464699082512,0.4164672751794084,0.24093215678818997,0.8972188904754169,0.8912713422066578,0.6276167164933512,0.8534914921178378,0.07101163994378579,0.07101163994378579,0.7025590603901424
c42,n19,3.0,ne_rien_faire,1,1,3.0,partiel,0.0,0.0,0.15329942679226904,0.3184660655441681,0.21179690949676563,0.25830218714475117,0.4899748478084097,0.7980582537629932,0.33715852198748547,0.7934634704739132,0.0,0.0,0.06619023295116529
c42,n20,7.0,boost_capacite,1,1,7.0,echec,0.0,4.0,0.06486774215541892,0.5121348642695619,0.7891896563621136,0.32046396056316834,0.3354292661012563,0.8988584969166025,0.4095494430737913,0.7169966784181784,0.09404583781437073,0.09404583781437073,1.0429854785546744
c42,n21,9.0,ne_rien_faire,1,1,9.0,partiel,0.0,1.0,0.19770870967537024,0.1920460614902814,0.7519397730564403,0.7197472497752845,0.06997012499979267,0.7358873555192437,0.48661278549411463,0.9472586779382014,0.0,0.0,-0.13540592897001374
c42,n22,5.0,ne_rien_faire,1,1,5.0,resolu,1.0,0.0,0.3286225841519064,0.25389644475422246,0.3035699292744333,0.5424063622670746,0.6346743651817432,0.7289759472639101,0.7115496874998855,0.7344508191996743,0.0,0.0,2.2703540189958162
c42,n23,15.0,expedition_express,1,1,15.0,partiel,0.0,1.0,0.6718328491890696,0.5865251385536226,0.19410486064440555,0.4651706125607031,0.3472809481443954,0.3020662249758448,0.664468431302695,0.9494030123931956,0.06784087113578872,0.06784087113578872,0.5948520556367152
c42,n24,7.0,ne_rien_faire,1,1,7.0,partiel,0.0,1.0,0.09482827632842576,0.15172021631551494,0.4959977508835048,0.42382511680414725,0.30534968389811357,0.3818727509713174,0.6322399877484862,0.7860779358207777,0.0,0.0,0.6342943148991564
c42,n25,15.0,promouvoir_arc_secours,1,1,15.0,resolu,1.0,1.0,0.22174785063382377,0.540452243652939,0.2939943689389025,0.1405056724805392,0.3447785453832637,0.5666115947884338,0.5043852313373155,0.7422414431566688,0.11114874117773832,0.11114874117773832,0.15408937268444403
c42,n26,9.0,ne_rien_faire,1,1,9.0,partiel,0.0,0.0,0.44792218723847554,0.6698465196526893,0.4781463710948183,0.8785431437719228,0.1869090586433558,0.8949265878147044,0.5117928448297229,0.11083816952841945,0.0,0.0,0.2842868498005876
c42,n27,9.0,promouvoir_arc_secours,1,0,9.0,en_cours,,3.0,0.18658726735570771,0.688630213363864,0.33717292039005586,0.1280545918469088,0.31015365802759304,0.569813078537959,0.24048538416805584,0.7564870352465438,0.08604221741899593,0.08604221741899593,-0.6342127533316837
c42,n28,2.0,expedition_express,1,1,2.0,partiel,0.0,4.0,0.0872922199123307,0.18917281250985474,0.7177716637455531,0.48659084716120166,0.7929134098515186,0.6393381554370098,0.7424067189755075,0.7441301674637804,0.09287777229911215,0.09287777229911215,1.0995380495795548
c42,n29,10.0,replanifier_jalon,1,1,10.0,echec,0.0,1.0,0.5262267199839255,0.3439670224525343,0.48673307618265305,0.8766251800166879,0.6476384403369965,0.6554716573745012,0.2947112191457546,0.9593746059867462,0.06948979284705413,0.06948979284705413,-0.24355805789997048
c42,n30,12.0,replanifier_jalon,1,0,12.0,en_cours,,2.0,0.2664389275099272,0.4597928603013083,0.08506552798215884,0.5658533783864449,0.10434113842861728,0.7540577636172184,0.6796355986334432,0.46090244632980176,0.08263442177277024,0.08263442177277024,0.8649944980129365
c42,n31,6.0,ne_rien_faire,1,1,6.0,echec,0.0,2.0,0.5349586477441205,0.5606338943646394,0.5946756535319733,0.568082312423325,0.4532559421051252,0.1443443563653833,0.35295843668438537,0.9320789806502774,0.0,0.0,-0.8268184141313695
c42,n32,8.0,ne_rien_faire,1,1,8.0,partiel,0.0,2.0,0.35184988166410064,0.07652714577404769,0.5026070867588408,0.5684516109664848,0.2736830854661808,0.34983087134868757,0.535795319751869,0.54890900199319,0.0,0.0,-0.32173747503936484
c42,n33,6.0,ne_rien_faire,1,1,6.0,partiel,0.0,4.0,0.5156218079843741,0.41915831412595983,0.8130968937768324,0.260349330993482,0.39790444596951047,0.25502546509808766,0.336349298514516,0.3390075494070744,0.0,0.0,-0.14412086726331363
c42,n34,15.0,boost_capacite,1,1,15.0,resolu,1.0,3.0,0.2201102795953763,0.6107875719348652,0.2696845593807642,0.8727339964640399,0.6563535275188792,0.6368638078015624,0.7210723428540342,0.679472354032479,0.053075940557296836,0.053075940557296836,0.9663335722830166
c42,n35,12.0,ne_rien_faire,1,1,12.0,partiel,0.0,4.0,0.16047900013840374,0.11803421122248012,0.8120496077444491,0.19796866176708403,0.32042812720946984,0.6933984060774336,0.8621918489827842,0.8087571654156287,0.0,0.0,-0.3233903024906173
c42,n36,11.0,revue_declaration,1,1,11.0,resolu,1.0,3.0,0.27493998161281635,0.8061969537888788,0.3295925657163884,0.6371761602425647,0.8926483035146665,0.2364883175374326,0.4273437241978134,0.503694609840384,0.05249761951415173,0.05249761951415173,-0.4080337002356401
c42,n37,7.0,ne_rien_faire,1,1,7.0,resolu,1.0,1.0,0.37741193248922655,0.2954343178989297,0.14403054312175476,0.2809164961406794,0.264411289614475,0.6908118566427871,0.2361000776999535,0.48894744520806993,0.0,0.0,0.027709136475492058
c42,n38,15.0,ne_rien_faire,1,1,15.0,partiel,0.0,0.0,0.5471250591440148,0.1307131005720074,0.429973876148968,0.34160907486440406,0.5683426463359246,0.3230995789397261,0.6348224683970806,0.7260663555087026,0.0,0.0,-0.3972234178902861
c42,n39,4.0,promouvoir_arc_secours,1,1,4.0,partiel,0.0,0.0,0.05387916871029095,0.36928301312572437,0.8167993892334079,0.6307637117566962,0.4023093053695636,0.41581431842659033,0.3056908445148452,0.7162333242263625,0.09375668266232669,0.09375668266232669,0.09963695371965775
c42,n40,3.0,revue_declaration,1,0,3.0,en_cours,,3.0,0.3068175820451925,0.8445858279214852,0.15258802313016034,0.2956438542717136,0.43509235569775023,0.9413101232568597,0.33492022926810333,0.3999792944202589,0.08598823526196597,0.08598823526196597,1.3522569305032375
c42,n41,17.0,expedition_express,1,0,17.0,en_cours,,3.0,0.2796851259172109,0.08810255421185824,0.3850772356819064,0.269444666050198,0.737090532826464,0.16808280180200122,0.7993817249041604,0.44895633139102614,0.09287777229911215,0.09287777229911215,1.252854632742249
c42,n42,5.0,boost_capacite,1,1,5.0,echec,0.0,2.0,0.5922592768808087,0.42688307873134607,0.5109357381454892,0.5941205555848453,0.849076207602015,0.589327501803106,0.35818046208822824,0.91826906633798,0.18,0.18,0.23256808788156588
c42,n43,13.0,ne_rien_faire,1,1,13.0,partiel,0.0,1.0,0.27191680601469354,0.3860764048270922,0.5571148907192817,0.36588062725147974,0.884000257635129,0.5386640680535821,0.34676508314626364,0.5816308569089491,0.0,0.0,-0.40235930209475596
c42,n44,14.0,promouvoir_arc_secours,1,1,14.0,echec,0.0,3.0,0.1822888778806813,0.13479124466180797,0.7828797276024583,0.4870902601274973,0.737565904704743,0.793125109526968,0.6414640820557342,0.9065826814222612,0.06404247067908966,0.06404247067908966,1.3090861780270555
c42,n45,15.0,ne_rien_faire,1,1,15.0,resolu,1.0,0.0,0.2364760315192332,0.06487106149498373,0.4863614269877867,0.5350019656760155,0.4490527278126041,0.6086403482891992,0.17621125914710972,0.2069702668960095,0.0,0.0,-0.5022810979206874
c42,n46,11.0,revue_declaration,1,1,11.0,resolu,1.0,4.0,0.1182166815270082,0.2916499157268999,0.941263454804722,0.21598382057009563,0.8232557647183042,0.44315305185546205,0.38428649383910385,0.9836151353691527,0.09844224846172875,0.09844224846172875,0.06554344403886825
c42,n47,9.0,ne_rien_faire,1,1,9.0,resolu,1.0,4.0,0.32116091087045984,0.031281445202844906,0.20625391059124412,0.4166697160973799,0.24051611545280713,0.7108847474705301,0.4563001766033297,0.8941972383318414,0.0,0.0,1.1581672192528318
c42,n48,8.0,ne_rien_faire,1,1,8.0,echec,0.0,4.0,0.4451390686812189,0.9417637238813191,0.2897462815849455,0.7689017671680314,0.09098520539304907,0.5629344636623531,0.39536337813782607,0.3345824551997084,0.0,0.0,0.09438238723785385
c42,n49,8.0,ne_rien_faire,1,1,8.0,partiel,0.0,0.0,0.36382312035077974,0.2808595822704217,0.4785493806318595,0.6995115280379257,0.5876465984921138,0.19010826108350512,0.6906779454138775,0.484171391382825,0.0,0.0,-0.8826912742676064
c42,n0,14.0,promouvoir_arc_secours,1,1,14.0,resolu,1.0,3.0,0.3273403138604924,0.42467894854733196,0.23105822231682108,0.589892748823662,0.7350443192361256,0.8671753998720307,0.7217801937926431,0.9482602475117077,0.06404247067908966,0.06404247067908966,0.1684348786553963
c42,n1,17.0,ne_rien_faire,1,1,17.0,echec,0.0,1.0,0.14078434733911419,0.6758470579219479,0.4057556604451727,0.8699946682446381,0.4202890828681825,0.8071758530505817,0.9625432563602497,0.5923739281273593,0.0,0.0,1.8616113961891692
c42,n2,4.0,ne_rien_faire,1,1,4.0,resolu,1.0,4.0,0.3202471784420472,0.253317884076566,0.396763029011721,0.7488996714208669,0.6364648411402589,0.4025205117121182,0.3824495167892021,0.37276289145229685,0.0,0.0,-1.1218979834993328
c42,n3,17.0,ne_rien_faire,1,1,17.0,partiel,0.0,0.0,0.07358968454302312,0.40662843190680775,0.4377200779669621,0.43419925112959307,0.7642184459625333,0.4117587669326768,0.41695224736526204,0.4868314207189461,0.0,0.0,-0.7515258102286696
c42,n4,12.0,ne_rien_faire,1,1,12.0,partiel,0.0,2.0,0.10987964972158694,0.43926491726606204,0.5412590639809111,0.6756342068625789,0.27175845964425954,0.4393334546195152,0.5743641483736914,0.31371069647436933,0.0,0.0,-1.4041626672867922
c42,n5,13.0,ne_rien_faire,1,1,13.0,partiel,0.0,0.0,0.5324267659856832,0.308419565397125,0.46973568351621825,0.6195876476294212,0.46409233959764984,0.543797082406749,0.31148218379663467,0.25612698719819305,0.0,0.0,-0.020052307387361495
c42,n6,5.0,ne_rien_faire,1,1,5.0,resolu,1.0,1.0,0.5213102215328621,0.1591764949639303,0.7095616512748677,0.4294658654587038,0.5682578023164968,0.15881304667826723,0.46661079063348004,0.7800647704795256,0.0,0.0,-0.06805386555686935
c42,n7,14.0,expedition_express,1,1,14.0,partiel,0.0,3.0,0.7860907100412099,0.46183807954255873,0.9162362804430977,0.6257208479610797,0.745218151502282,0.7930062429951451,0.18797466715231037,0.4294781674487472,0.09287777229911215,0.09287777229911215,-0.6766444469225316
c42,n8,5.0,ne_rien_faire,1,1,5.0,partiel,0.0,4.0,0.0799781527397656,0.5245118495597085,0.7463700789749629,0.36436258490304446,0.34057296089629197,0.36018688438679414,0.28589796920364796,0.2663122780344978,0.0,0.0,-1.2884576803139354
c42,n9,14.0,revue_declaration,1,1,14.0,partiel,0.0,4.0,0.31172656727319975,0.5433144090894495,0.5492844841118825,0.1412578105515173,0.6177899059627784,0.20822301949318645,0.6426693692880175,0.8665679106678528,0.05249761951415173,0.05249761951415173,0.6254569770500426
c42,n10,7.0,ne_rien_faire,1,1,7.0,partiel,0.0,2.0,0.4169788444486547,0.3207376402458027,0.6236911120565466,0.19320425184240278,0.10550985920126899,0.9113570908526455,0.4176314447853988,0.5276343608335338,0.0,0.0,-0.41949964836019105
c42,n11,13.0,expedition_express,1,1,13.0,resolu,1.0,4.0,0.19024483481640542,0.19511305495610157,0.6446153104439104,0.3495686669445288,0.7018498990442126,0.8474532764611538,0.437746116645528,0.9613369798848744,0.05026139694364532,0.05026139694364532,0.17945820123303444
c42,n12,1.0,replanifier_jalon,1,1,1.0,echec,0.0,4.0,0.7513112773650809,0.45797961575978263,0.5186653619438,0.46460821719030915,0.9077481223839792,0.8295315896965588,0.16639619093177666,0.9057527694528122,0.06732604454191315,0.06732604454191315,0.5686133127273804
c42,n13,6.0,ne_rien_faire,1,1,6.0,echec,0.0,0.0,0.19582063071323305,0.19368721315406517,0.23405309723603493,0.7329465407838395,0.12071259539431749,0.3275388792231731,0.748983166459475,0.9765902751006807,0.0,0.0,1.21270022743478
c42,n14,13.0,ne_rien_faire,1,1,13.0,partiel,0.0,3.0,0.0933493810861432,0.406642955496851,0.676338106640807,0.6782365329605015,0.36708449316072367,0.3428433014532832,0.3149120075689058,0.4900711124566947,0.0,0.0,-0.2665579820911631
c42,n15,0.0,ne_rien_faire,1,1,0.0,echec,0.0,2.0,0.17040817724720966,0.3041489093729726,0.6972301022067763,0.6223423405946032,0.9335738342595902,0.294327430502987,0.3627156630789994,0.4462915627241319,0.0,0.0,-0.25658981735551334
c42,n16,8.0,replanifier_jalon,1,1,8.0,partiel,0.0,4.0,0.32539297053105626,0.19042003638474223,0.6697008865988722,0.5701254225660861,0.7530615518977912,0.5824104902450279,0.38569990148673433,0.9799271252053308,0.06732604454191315,0.06732604454191315,-0.8115570658606606
c42,n17,14.0,boost_capacite,1,1,14.0,partiel,0.0,2.0,0.1478349722947879,0.2098732298194351,0.6723217739177166,0.19932663420620889,0.649390972350086,0.8207801445367018,0.6302318838766089,0.96216613357695,0.10810334108612218,0.10810334108612218,0.44073683242350803
c42,n18,16.0,expedition_express,1,1,16.0,partiel,0.0,1.0,0.37510309340194753,0.3590850625995187,0.5418181591596851,0.6842706944702305,0.6789381629434286,0.35863106919693544,0.6248329367857102,0.9551911351935695,0.06784087113578872,0.06784087113578872,0.07699607570227468
c42,n19,11.0,ne_rien_faire,1,1,11.0,partiel,0.0,1.0,0.20476646956863997,0.34671736732729774,0.44422764691858946,0.4700128972370486,0.5110258276285754,0.5542560408049969,0.25109353969218173,0.41062918062352405,0.0,0.0,-0.7534300910976153
c42,n20,7.0,ne_rien_faire,1,1,7.0,partiel,0.0,0.0,0.014783928535674366,0.44848966990062544,0.7327585838846571,0.5896664944480963,0.6910891762692195,0.4211819957372785,0.4016488604963928,0.7274850656449442,0.0,0.0,-1.203107283464119
c42,n21,6.0,revue_declaration,1,1,6.0,partiel,0.0,2.0,0.34151899249238526,0.5312988280057845,0.6944437230204038,0.5676458083184759,0.2625258191821247,0.633309327770155,0.1368969474563339,0.5184181653222202,0.05249761951415173,0.05249761951415173,-1.3209290337940653
c42,n22,12.0,boost_capacite,1,1,12.0,partiel,0.0,3.0,0.1124196555459708,0.7363623331232605,0.7910021270008624,0.5286486925874565,0.19834396434684257,0.18176768410598299,0.4065783784950936,0.4703915846947955,0.053075940557296836,0.053075940557296836,-1.5450470927310622
c42,n23,7.0,boost_capacite,1,1,7.0,echec,0.0,2.0,0.3376117444706165,0.4822838756356269,0.16620867237282755,0.8006015947302707,0.6258027461371706,0.39295741698300013,0.2586259553141883,0.29985365837508926,0.053075940557296836,0.053075940557296836,-0.625583305053603
c42,n24,9.0,revue_declaration,1,1,9.0,resolu,1.0,1.0,0.612635473716264,0.7480994799279745,0.8201840486339332,0.797908816217695,0.19360838862190252,0.6499592869973995,0.8568821952163178,0.7670377003040028,0.07101163994378579,0.07101163994378579,0.21583124954218258
c42,n25,13.0,revue_declaration,1,1,13.0,partiel,0.0,4.0,0.5474951274063206,0.5754623491792022,0.3002101034359816,0.5292631541585281,0.7417334644783614,0.5918569630722972,0.4610502427651598,0.9806692996238469,0.09844224846172875,0.09844224846172875,1.3070867299828213
c42,n26,16.0,replanifier_jalon,1,1,16.0,resolu,1.0,3.0,0.08462757014961167,0.49766441989946986,0.6961531613600684,0.9644141548665913,0.7409186036550333,0.5148265721257441,0.4998535709288237,0.7592601593814089,0.19,0.19,0.08607115522595093
c42,n27,9.0,ne_rien_faire,1,1,9.0,resolu,1.0,0.0,0.08080466119028083,0.42260706297704037,0.4336931604861538,0.6856136295704299,0.5708367245023306,0.8317916376067055,0.5262257307662922,0.9941523358151674,0.0,0.0,-0.20336591380330263
c42,n28,1.0,expedition_express,1,1,1.0,partiel,0.0,0.0,0.21585589949830292,0.4456327850692382,0.7986107265562863,0.8314438643699747,0.7928391348371873,0.40232911712584196,0.1689896542197323,0.8536286195917825,0.18,0.18,0.733614316555785
c42,n29,16.0,ne_rien_faire,1,1,16.0,echec,0.0,4.0,0.8009928173208347,0.46996265546015825,0.11747681913016103,0.3667748552824881,0.6941454494115796,0.25897234582618317,0.4661473386053807,0.38058232334913455,0.0,0.0,0.8393786107273942
c42,n30,3.0,boost_capacite,1,1,3.0,resolu,1.0,4.0,0.38196275572315863,0.8391184750068313,0.33258395094539167,0.1669246957085711,0.8119431810207782,0.4278408226193424,0.4645188317272601,0.5326984248687289,0.053075940557296836,0.053075940557296836,0.1445949988166503
c42,n31,10.0,ne_rien_faire,1,1,10.0,partiel,0.0,1.0,0.11379031039305548,0.3382316451011525,0.7654391524269698,0.5958147797604881,0.5587396821624032,0.7950645380099733,0.5460432057595056,0.5166794610605621,0.0,0.0,0.12324656316852935
c42,n32,16.0,ne_rien_faire,1,1,16.0,resolu,1.0,0.0,0.3484340383485395,0.3298896856435127,0.55702336673993,0.18725877995970358,0.5556625923035027,0.2209850343489985,0.11997010168059828,0.8823970127501468,0.0,0.0,-1.6141573056803147
c42,n33,16.0,ne_rien_faire,1,1,16.0,partiel,0.0,3.0,0.5435135965358217,0.1955092486866435,0.7692836456679759,0.48574198582796874,0.21964645712520817,0.6323162287614,0.45079176332892884,0.6191862608231794,0.0,0.0,-0.3373160199249129
c42,n34,11.0,ne_rien_faire,1,1,11.0,resolu,1.0,4.0,0.27548899539224037,0.2176977599853335,0.8723578422304263,0.5330360615383974,0.5588263234106684,0.16022031855869706,0.3456617521977256,0.6800760061510912,0.0,0.0,-0.9489090947288857
c42,n35,12.0,expedition_express,1,1,12.0,resolu,1.0,1.0,0.18866729969655366,0.21381342369952627,0.43610632587387826,0.2409515787394114,0.6103134221928269,0.586804270292006,0.48352663999467727,0.7326258243582316,0.18,0.18,-0.536286853646666
c42,n36,9.0,revue_declaration,1,0,9.0,en_cours,,4.0,0.0922736509532883,0.2005560893593219,0.5327163275369654,0.7236756372546362,0.509183033029392,0.6632274004158146,0.5138164662558277,0.7144948066451714,0.05249761951415173,0.05249761951415173,0.40378010556833094
c42,n37,17.0,ne_rien_faire,1,1,17.0,partiel,0.0,0.0,0.32166290137613496,0.095577956976434,0.25774198913201973,0.49801180012034857,0.8513570084167617,0.5070676521123955,0.25806865842551086,0.7815953539514793,0.0,0.0,-0.16114035557721754
c42,n38,7.0,ne_rien_faire,1,1,7.0,echec,0.0,4.0,0.16419341150303682,0.4649279637810033,0.14829534569775968,0.3954796470185714,0.5044950802159406,0.4030628558251441,0.2791079653394923,0.742452546609067,0.0,0.0,-0.6054353901675267
c42,n39,3.0,expedition_express,1,1,3.0,echec,0.0,3.0,0.3490027553644619,0.5026210140824581,0.19332636731373468,0.6289036011733209,0.9149623844571854,0.6742915374633779,0.578925909499247,0.8816332410915022,0.09287777229911215,0.09287777229911215,-0.5772857982761456
c42,n40,17.0,replanifier_jalon,1,1,17.0,partiel,0.0,2.0,0.654150950405836,0.6270510424410121,0.15709563448120628,0.16491846960467238,0.6712474621338829,0.48216235374543437,0.8080342139182523,0.9116947408857634,0.06732604454191315,0.06732604454191315,1.0560693046288212
c42,n41,8.0,promouvoir_arc_secours,1,1,8.0,echec,0.0,1.0,0.34482052552595266,0.5502303337021505,0.49103068720120285,0.21866318177350677,0.8460522364581508,0.33698669948465,0.13667478305967087,0.8792044048477415,0.09375668266232669,0.09375668266232669,0.957001337220767
c42,n42,13.0,boost_capacite,1,1,13.0,partiel,0.0,3.0,0.21337215281165645,0.8847208855435668,0.7526887503928852,0.5036049057171259,0.10162684043885761,0.6935667169176601,0.7749484746521847,0.6938633019194855,0.053075940557296836,0.053075940557296836,0.6046796784495133
c42,n43,13.0,ne_rien_faire,1,1,13.0,resolu,1.0,1.0,0.07621435821538927,0.36209384148719204,0.2918954280637772,0.5732225627027615,0.9289039440037378,0.8914071614638626,0.294229897843893,0.4615061634931299,0.0,0.0,-1.3704135371646244
c42,n44,10.0,ne_rien_faire,1,1,10.0,echec,0.0,3.0,0.3695696926728257,0.4652492697290654,0.5487776508463436,0.6265605511452406,0.08722272641350973,0.46571860105729923,0.3674761268850227,0.9900944619302798,0.0,0.0,-0.3119370816167377
c42,n45,14.0,boost_capacite,1,1,14.0,echec,0.0,2.0,0.3233775808315672,0.30558293055964686,0.8210182229576891,0.41103289611764143,0.42374269021912014,0.09813475324273624,0.3568195436496383,0.6000318641099551,0.053075940557296836,0.053075940557296836,-0.8066618416914857
c42,n46,0.0,replanifier_jalon,1,1,0.0,echec,0.0,0.0,0.46566844315883477,0.5126495123613305,0.28923219395089406,0.6663139835902896,0.5143102904804387,0.19065776010818553,0.1767387191047056,0.9630840415491039,0.06948979284705413,0.06948979284705413,-1.0299603168785927
c42,n47,4.0,revue_declaration,1,0,4.0,en_cours,,3.0,0.37745308173515774,0.2890769458645312,0.6516081220209193,0.2761341574028268,0.49835976993979164,0.5566636245214858,0.35999976410500056,0.7746746573681772,0.05249761951415173,0.05249761951415173,-0.18985599353931815
c42,n48,17.0,ne_rien_faire,1,1,17.0,resolu,1.0,0.0,0.22579457885412893,0.11143270349221357,0.2559909526793441,0.3219595099414075,0.43798291403606787,0.7485300119429228,0.7221997308399782,0.6304434386743496,0.0,0.0,0.8943595009968339
c42,n49,17.0,revue_declaration,1,1,17.0,echec,0.0,1.0,0.30872889437310774,0.5037376829897477,0.3815034333124779,0.8192559349305091,0.6289917705794571,0.28868498917952906,0.8532794250553785,0.38607509286150904,0.07101163994378579,0.07101163994378579,1.650107280704318
c42,n0,9.0,ne_rien_faire,1,1,9.0,echec,0.0,1.0,0.399261380818506,0.6282904496606927,0.7997269694116846,0.7198816365386276,0.9086700077354257,0.5410524681493954,0.20023491300346744,0.5697683573793257,0.0,0.0,-1.3981274253143212
c42,n1,12.0,ne_rien_faire,1,1,12.0,resolu,1.0,2.0,0.2024410552176322,0.19089167307197402,0.12267272692694639,0.3738952596365156,0.9031600247441949,0.36514803409140084,0.4360377970136671,0.8848290037860883,0.0,0.0,-0.5470296310818551
c42,n2,16.0,promouvoir_arc_secours,1,1,16.0,resolu,1.0,1.0,0.5909945500708145,0.24238266034774603,0.8272296255169497,0.7990741717451556,0.3551844120119284,0.573777344122381,0.7778637608472108,0.9157028976787076,0.07121226987735195,0.07121226987735195,0.6960643235571914
c42,n3,3.0,boost_capacite,1,1,3.0,partiel,0.0,0.0,0.2545025848476745,0.5289689151277122,0.08944626208609267,0.6723805064574705,0.5614641382760108,0.8980603695415587,0.40176064779543125,0.5683304473576501,0.19,0.19,0.7765140697304047
c42,n4,1.0,revue_declaration,1,0,1.0,en_cours,,2.0,0.4563667650841321,0.31548459546169094,0.5130287988162513,0.22714941411324072,0.6525963645372814,0.9586115224839642,0.3557314253637757,0.628996885653102,0.08598823526196597,0.08598823526196597,0.8265443512376528
c42,n5,13.0,promouvoir_arc_secours,1,0,13.0,en_cours,,3.0,0.12602151766860992,0.2656768866809309,0.7481917775328002,0.31945448127946036,0.7991768961687877,0.390051585274887,0.5774569718406194,0.9966321904283573,0.0847811404775453,0.0847811404775453,0.029211845984525864
c42,n6,13.0,expedition_express,1,1,13.0,resolu,1.0,1.0,0.574651265573674,0.5172207689270956,0.7076826883425146,0.7697691788801613,0.6023122675395693,0.8254930228064484,0.3278771186768276,0.726260156991833,0.10748598928679363,0.10748598928679363,1.4195777027214749
c42,n7,4.0,ne_rien_faire,1,1,4.0,echec,0.0,4.0,0.15381337673415682,0.14442096524333317,0.5744464383764886,0.16788424608341848,0.10216796362585465,0.8776249813872031,0.838275300594453,0.9294784294346954,0.0,0.0,-0.12111667276996285
c42,n8,13.0,ne_rien_faire,1,1,13.0,resolu,1.0,3.0,0.32381555064604484,0.37283760884613093,0.600346696960745,0.4834205128561157,0.7602554734289997,0.18576626324975748,0.5386614721781761,0.47588369520343826,0.0,0.0,-0.7978891236018695
c42,n9,17.0,ne_rien_faire,1,1,17.0,echec,0.0,1.0,0.31866880801859143,0.1411009035501407,0.8451001188852633,0.6648725970275905,0.3097804868735357,0.8382621299152653,0.7094160536031573,0.7855608807428102,0.0,0.0,0.8949354317186841
c42,n10,8.0,boost_capacite,1,1,8.0,resolu,1.0,1.0,0.14756451152586594,0.48953667763217446,0.45633693844154294,0.3924120354450285,0.2601694296857203,0.6144531040363835,0.3684891423215788,0.27880265087051226,0.19,0.19,1.1244692993319578
c42,n11,13.0,ne_rien_faire,1,1,13.0,resolu,1.0,3.0,0.10391941932582631,0.3019202803548844,0.847277887508562,0.3257949676678714,0.45507720575826466,0.610443566739523,0.494715119990649,0.7907057989882216,0.0,0.0,1.0993218715655906
c42,n12,4.0,ne_rien_faire,1,1,4.0,resolu,1.0,4.0,0.42539891701369703,0.09776502686249913,0.6597895575398354,0.42203141003602446,0.7056454671693847,0.5895115682986546,0.5381184241562563,0.5832142990798527,0.0,0.0,1.8501809830102098
c42,n13,11.0,ne_rien_faire,1,1,11.0,partiel,0.0,0.0,0.20184647851334814,0.3124942984609341,0.14364057527327437,0.5006268680166597,0.7168098091161014,0.49544730671335724,0.479305804039023,0.616467784026134,0.0,0.0,0.009463442006027917
c42,n14,14.0,boost_capacite,1,1,14.0,partiel,0.0,3.0,0.6030632795122671,0.2566128448955532,0.4517702732022627,0.5510629261355402,0.47377863803709425,0.47038520284147,0.34211045422276126,0.4587434579769658,0.053075940557296836,0.053075940557296836,0.11841715234734615
c42,n15,14.0,ne_rien_faire,1,1,14.0,partiel,0.0,1.0,0.05992115158523107,0.3409351724131814,0.4679133233099816,0.8897627914180744,0.4788471198012472,0.78056100096268,0.46309574852148605,0.5689962204458536,0.0,0.0,-1.8132315892683262
c42,n16,9.0,replanifier_jalon,1,1,9.0,partiel,0.0,2.0,0.06473664182575925,0.3602588944848268,0.4109102972138813,0.3570362008364267,0.5791160398446763,0.2600232912558009,0.24868566335565281,0.3321864503659833,0.19,0.19,-0.9248112108366662
c42,n17,9.0,promouvoir_arc_secours,1,0,9.0,en_cours,,2.0,0.14998990256819045,0.39832911488236966,0.7058605183004212,0.3812943029502793,0.2195745654726265,0.1951946826947533,0.621913000629511,0.8368281471056565,0.06507160887649192,0.06507160887649192,-0.35843821778752444
c42,n18,16.0,ne_rien_faire,1,1,16.0,echec,0.0,3.0,0.3510226579896516,0.011287342844798862,0.3171296282227218,0.5655545000518762,0.733764329809398,0.4431060139007714,0.33004978783468275,0.6779720506259161,0.0,0.0,1.1616308341328674
c42,n19,6.0,ne_rien_faire,1,1,6.0,echec,0.0,0.0,0.047571523436798095,0.33316074001179136,0.6551771197728254,0.3998007143673201,0.7012861831532345,0.7118796973702496,0.2185152437021752,0.6962919626618774,0.0,0.0,-0.41780009241028576
c42,n20,17.0,ne_rien_faire,1,1,17.0,partiel,0.0,3.0,0.3929204280164149,0.2085269377266278,0.20644587568117334,0.8221734056547652,0.22314164550357257,0.8848163665434752,0.38993372942224236,0.9311671787970273,0.0,0.0,0.8029584478176572
c42,n21,5.0,ne_rien_faire,1,1,5.0,resolu,1.0,3.0,0.46479311081252955,0.2490919015942059,0.412774159847492,0.28751456071302434,0.7094543603750537,0.16655340724756726,0.11483063652198156,0.5978980135157214,0.0,0.0,-0.9892839036093412
c42,n22,12.0,replanifier_jalon,1,1,12.0,partiel,0.0,3.0,0.12586810201409612,0.2470172180657611,0.3572508057481857,0.5110645228459515,0.4884705654485073,0.6363372031242817,0.7953883995794593,0.823110604145211,0.08263442177277024,0.08263442177277024,1.0442909064723875
c42,n23,8.0,ne_rien_faire,1,1,8.0,partiel,0.0,4.0,0.08331585002953584,0.46230978058513506,0.7702995026173103,0.7304337942531716,0.816432488630962,0.09212491276192564,0.2753838680418778,0.4261937482274274,0.0,0.0,-0.7959526497547513
c42,n24,11.0,ne_rien_faire,1,1,11.0,partiel,0.0,3.0,0.03481820958497168,0.43951840640952516,0.23363040278383704,0.3933382633862952,0.7061383208148054,0.12300130516854219,0.07397701108833592,0.8403275590833975,0.0,0.0,-1.3689890894662535
c42,n25,1.0,revue_declaration,1,1,1.0,echec,0.0,1.0,0.46001487815485753,0.5425115134107881,0.688387743310271,0.42211783563833805,0.5561460753309018,0.5817148790970716,0.3136014810467399,0.6844143504841844,0.07101163994378579,0.07101163994378579,-0.5072872238247617
c42,n26,14.0,ne_rien_faire,1,1,14.0,partiel,0.0,4.0,0.15240527706988882,0.2548812559082497,0.26061872829702193,0.23515940406646785,0.7484723133111424,0.7597889386315267,0.6039494561853546,0.9685039772783461,0.0,0.0,0.5166199195153283
c42,n27,8.0,ne_rien_faire,1,1,8.0,partiel,0.0,4.0,0.2526561848037351,0.326620006102783,0.2649793615675864,0.38434455061775386,0.5829529985487156,0.35210358592993746,0.45209712851752004,0.5653235065349526,0.0,0.0,-1.100145703099228
c42,n28,17.0,replanifier_jalon,1,0,17.0,en_cours,,1.0,0.0518418099769076,0.6960748926449347,0.3870617187956984,0.7321528750383928,0.6497083966186218,0.5193249645607908,0.5711936564808221,0.7319456501153919,0.11280496606787029,0.11280496606787029,-0.8030984448725699
c42,n29,6.0,revue_declaration,1,1,6.0,resolu,1.0,1.0,0.04947558153926386,0.5018488797510207,0.6802775704386186,0.3583010469050389,0.6399159164058815,0.6247123586014433,0.39985593343156456,0.16523672895760852,0.07101163994378579,0.07101163994378579,0.9835935362089947
c42,n30,7.0,ne_rien_faire,1,1,7.0,resolu,1.0,2.0,0.476381532714985,0.5232273531630004,0.5711404105148171,0.5059461446351157,0.6473372382710663,0.23796089113485258,0.4125919494648353,0.7759149467689167,0.0,0.0,-0.025284432971983684
c42,n31,0.0,ne_rien_faire,1,1,0.0,partiel,0.0,4.0,0.2523925290493543,0.06096238756506047,0.21931826008996685,0.7058042522060763,0.21656239831753252,0.060326852165076904,0.38598278320161317,0.7956462272768666,0.0,0.0,-0.4848086421305571
c42,n32,1.0,ne_rien_faire,1,1,1.0,echec,0.0,0.0,0.12993034305080217,0.22314587512480588,0.6573059454775945,0.20240660897765278,0.5152566318713925,0.8027774047856487,0.7760025142214142,0.5453889604142529,0.0,0.0,0.9082847083940186
c42,n33,7.0,ne_rien_faire,1,1,7.0,partiel,0.0,0.0,0.15135746054063276,0.2762038378456804,0.12424255766700054,0.5409410946868081,0.34307330133065417,0.2523900794575146,0.4813777653320794,0.9949253734187608,0.0,0.0,-0.5467208018004469
c42,n34,0.0,expedition_express,1,0,0.0,en_cours,,1.0,0.05283105846352692,0.7291323682894857,0.8292589157265234,0.5625341107543896,0.39166351364806684,0.5777035946095539,0.17810145174531336,0.6890374906130028,0.18,0.18,-1.2562543732075009
c42,n35,3.0,ne_rien_faire,1,1,3.0,partiel,0.0,1.0,0.22969016099660858,0.31460810749688717,0.3130656630522615,0.7480681393938552,0.4342104015488197,0.2469075149483997,0.262148403288467,0.7640841574244873,0.0,0.0,-1.896087132351497
c42,n36,7.0,ne_rien_faire,1,1,7.0,echec,0.0,2.0,0.22689492954734,0.38247063370700984,0.5940113333905682,0.5118730070479656,0.8805231956253117,0.38070085644912827,0.6627530906717122,0.7222932538353278,0.0,0.0,0.062230199766312486
c42,n37,0.0,ne_rien_faire,1,1,0.0,partiel,0.0,2.0,0.27899864106577305,0.16590425168010928,0.23230534826555693,0.5583787378786704,0.3241925334700144,0.2577039139102882,0.36260355519405046,0.4524998067363252,0.0,0.0,-0.27147827944018005
c42,n38,0.0,ne_rien_faire,1,1,0.0,partiel,0.0,3.0,0.17446778234282412,0.11711930217734509,0.29393162511325394,0.4237563215797755,0.3559716069976023,0.4773903373133946,0.7880703258616727,0.8107670084528584,0.0,0.0,1.3333542044242366
c42,n39,16.0,ne_rien_faire,1,1,16.0,resolu,1.0,0.0,0.1852964808617232,0.586541330119781,0.4717207929825095,0.2523233688101012,0.5470980324991168,0.6669407330078133,0.3786686984925626,0.9807180551732337,0.0,0.0,-1.4601104512439522
c42,n40,13.0,revue_declaration,1,0,13.0,en_cours,,3.0,0.5821847419835128,0.15813340781673701,0.677486623855698,0.6031641454571433,0.24857171747773116,0.24082774735262602,0.4185719286799169,0.7978515498588001,0.05249761951415173,0.05249761951415173,0.8326252459884407
c42,n41,14.0,ne_rien_faire,1,1,14.0,partiel,0.0,2.0,0.05769966816462515,0.2849220010538333,0.5417753405985409,0.4609423111738978,0.2395646842997126,0.4102331036757342,0.17591199714865335,0.5139239141174933,0.0,0.0,-0.610369518645963
c42,n42,6.0,revue_declaration,1,1,6.0,echec,0.0,4.0,0.20080701561708122,0.5181876519122042,0.3464315246043795,0.4949854001383585,0.3206064348515506,0.3284119636834309,0.9001380213598561,0.393039713868309,0.05249761951415173,0.05249761951415173,1.247054827419892
c42,n43,5.0,ne_rien_faire,1,1,5.0,partiel,0.0,1.0,0.3487760112901475,0.09839749459745213,0.5098338201670198,0.45739667788650507,0.08896835369942445,0.0997626434332086,0.6581157079453955,0.7644351124985512,0.0,0.0,1.5501503581239684
c42,n44,17.0,ne_rien_faire,1,1,17.0,resolu,1.0,1.0,0.38083886170927495,0.5136993587950004,0.33736272025722686,0.6048149918800455,0.30736263613998843,0.8015008307313908,0.678349856257632,0.45456792839357263,0.0,0.0,0.3093028586501879
c42,n45,15.0,promouvoir_arc_secours,1,1,15.0,echec,0.0,1.0,0.22948191833595014,0.4842332605197083,0.4275451282324166,0.6197597301736822,0.8684253179147728,0.72683203088788,0.9202625324182302,0.8776940606115694,0.09375668266232669,0.09375668266232669,1.998938456911886
c42,n46,15.0,ne_rien_faire,1,1,15.0,resolu,1.0,4.0,0.10618475316764109,0.19218918085574258,0.38407345163766654,0.6364831862700495,0.8229982069537832,0.6766500834827277,0.6194053136018197,0.5353338451917665,0.0,0.0,-1.0328450948551118
c42,n47,17.0,ne_rien_faire,1,1,17.0,resolu,1.0,2.0,0.4100135093839353,0.1439073813416889,0.657917276588947,0.37458085783436257,0.7771341872596027,0.40555215965284863,0.716105840871342,0.2241717560430993,0.0,0.0,0.4143224231097917
c42,n48,9.0,expedition_express,1,1,9.0,echec,0.0,4.0,0.4059892657686362,0.5642356689226576,0.3361072781551463,0.7381209457944855,0.4399038277969633,0.11547627537565285,0.6295246625822413,0.9080370925199897,0.050825581787975416,0.050825581787975416,0.0943477957679032
c42,n49,15.0,boost_capacite,1,1,15.0,echec,0.0,4.0,0.046039513701006445,0.7394855456932744,0.4533384409203236,0.309771134303872,0.6744448714636564,0.6413046302878561,0.5471576548661453,0.9727532306978317,0.18,0.18,0.5487575210956949
c42,n0,6.0,ne_rien_faire,1,1,6.0,partiel,0.0,4.0,0.4588763844573134,0.07077376291706694,0.5512780896060017,0.4347227822927317,0.7597740522544553,0.6583174554394768,0.3400101458746658,0.39206921764377695,0.0,0.0,0.462765566655474
c42,n1,10.0,ne_rien_faire,1,1,10.0,resolu,1.0,2.0,0.49278155973896676,0.35312441872263406,0.5396751391549667,0.7351038643628828,0.49085446911925734,0.676057750648089,0.6668807960466798,0.7097238947248186,0.0,0.0,1.1711798809417702
c42,n2,12.0,ne_rien_faire,1,1,12.0,echec,0.0,0.0,0.3018979353013812,0.3913318911943171,0.5160431754196275,0.15087907658747116,0.5772423856811528,0.28292642467625984,0.31927848004060344,0.9942388129585868,0.0,0.0,-1.4214986230668059
c42,n3,11.0,revue_declaration,1,1,11.0,resolu,1.0,3.0,0.28773655308260526,0.20273300579105594,0.2717556984400312,0.769478222228147,0.6898803589950748,0.42999136472196253,0.5487934358145604,0.9997527550183847,0.09844224846172875,0.09844224846172875,0.5468313927178283
c42,n4,5.0,ne_rien_faire,1,1,5.0,partiel,0.0,2.0,0.22580668268772602,0.21505063728194798,0.14243763067307366,0.3403950687460065,0.4362699497173887,0.05388049251618125,0.4729480869991335,0.1466072860348992,0.0,0.0,-1.1225794042227504
c42,n5,1.0,ne_rien_faire,1,1,1.0,partiel,0.0,3.0,0.2025173185402393,0.10768945018684399,0.6986505853992413,0.6123176342320868,0.37709005170092746,0.2033769179003499,0.322598211773507,0.3077983359480163,0.0,0.0,-0.630498212395249
c42,n6,11.0,ne_rien_faire,1,1,11.0,partiel,0.0,3.0,0.307711700753864,0.3697565749042937,0.5652827450964053,0.6580448827560004,0.5363097187625622,0.5812247000639932,0.8119781563816619,0.464405476098381,0.0,0.0,1.1632508336734766
c42,n7,1.0,ne_rien_faire,1,1,1.0,resolu,1.0,3.0,0.033241504442413916,0.4029240614036298,0.42662700356356315,0.6705889414041866,0.17354614854030906,0.5606267834529486,0.14111713499258297,0.7669652891097054,0.0,0.0,0.21024395034615107
c42,n8,10.0,replanifier_jalon,1,1,10.0,resolu,1.0,3.0,0.5121221237286073,0.1834310122622068,0.3377786334395981,0.6390742404331122,0.7882009681768942,0.6996425625129413,0.5341209196018484,0.7550168528337018,0.19,0.19,-0.23469367388890328
c42,n9,2.0,ne_rien_faire,1,1,2.0,partiel,0.0,3.0,0.2564894931111404,0.5969434163374477,0.5172178726008594,0.7478811997377524,0.38679945360513107,0.30053496288758774,0.7165139052766768,0.5423755724281042,0.0,0.0,0.12513398999349662
c42,n10,0.0,ne_rien_faire,1,1,0.0,partiel,0.0,3.0,0.4712773487434754,0.09115864980962972,0.46732488073122574,0.5039949543641805,0.4442222143464042,0.602740594389788,0.44085611948029746,0.5108916920494692,0.0,0.0,0.2151078486831431
c42,n11,11.0,revue_declaration,1,1,11.0,resolu,1.0,4.0,0.13980556245493855,0.6878480637250044,0.37941307697066634,0.35783603859582264,0.3781090378350647,0.6718456163374071,0.5860296252852699,0.457538526669515,0.08598823526196597,0.08598823526196597,-0.22181693999613705
c42,n12,6.0,ne_rien_faire,1,1,6.0,partiel,0.0,1.0,0.10636679784772875,0.39931120169761886,0.3308993580868182,0.23404469992680435,0.7573836721810018,0.5156292538693992,0.30161183966546967,0.7548720575516438,0.0,0.0,-0.389607558932269
c42,n13,16.0,boost_capacite,1,1,16.0,echec,0.0,0.0,0.1334563517769657,0.6868815006672925,0.25012074715615207,0.5599391221596095,0.3724279751367014,0.7091017011243417,0.41260623907844407,0.8609029109714176,0.19,0.19,-0.025061679896874772
c42,n14,10.0,expedition_express,1,1,10.0,resolu,1.0,3.0,0.5177508248854781,0.12397056015401847,0.4803199422691847,0.7785359118374535,0.3648817951868724,0.2555875207591201,0.24155614213800006,0.6464003533928708,0.09287777229911215,0.09287777229911215,0.6769361625280106
c42,n15,10.0,promouvoir_arc_secours,1,1,10.0,resolu,1.0,2.0,0.12334817962715497,0.2770161403391654,0.8524495942744056,0.5617680893892952,0.3741721027058034,0.5384833934420369,0.49134331159501743,0.9879460172503677,0.0847811404775453,0.0847811404775453,0.6654630599404283
c42,n16,7.0,ne_rien_faire,1,1,7.0,resolu,1.0,4.0,0.06915839075820902,0.4665062248653059,0.47909008835887845,0.7290959380486989,0.48676659403106964,0.730073723446428,0.638908793469498,0.3760980555946714,0.0,0.0,0.6222571763685552
c42,n17,0.0,replanifier_jalon,1,1,0.0,partiel,0.0,1.0,0.20020243370562435,0.5946865561818859,0.40608545950518066,0.16198526176221534,0.09219650860434726,0.6514301748691342,0.37597166892825035,0.8779989306165953,0.05036857131959023,0.05036857131959023,-0.27056720289595637
c42,n18,10.0,promouvoir_arc_secours,1,1,10.0,resolu,1.0,4.0,0.3414191676871547,0.7832075688561214,0.40111786422108187,0.3292699883080215,0.16462247797842844,0.4401270259406071,0.6467373387614832,0.8364911517069773,0.08604221741899593,0.08604221741899593,0.3681396946198165
c42,n19,4.0,ne_rien_faire,1,1,4.0,partiel,0.0,4.0,0.36334328136380223,0.3708960319155611,0.43151889919065184,0.5567703459311614,0.4400660935063638,0.6909540448799293,0.47530806821795346,0.9096745381535647,0.0,0.0,-0.6821705616055828
c42,n20,17.0,ne_rien_faire,1,1,17.0,partiel,0.0,2.0,0.3096199762697154,0.3225913469451691,0.43939803858455284,0.09092073299840076,0.6973006924020808,0.353210591870219,0.6573764776504001,0.2772485632491306,0.0,0.0,-0.032202670691162116
c42,n21,1.0,ne_rien_faire,1,1,1.0,partiel,0.0,2.0,0.37004259940800094,0.45067946642292406,0.41724939229450214,0.5182106289366187,0.43990612674032853,0.6515303820435403,0.33859963590728026,0.2997841751800036,0.0,0.0,0.24862109330910104
c42,n22,8.0,expedition_express,1,1,8.0,partiel,0.0,0.0,0.6552652979891483,0.7958775137421399,0.3706795397362962,0.35011244391592516,0.3942055463727723,0.650533466086109,0.8210726714031323,0.8400013173964149,0.10748598928679363,0.10748598928679363,1.2012584230900383
c42,n23,16.0,ne_rien_faire,1,1,16.0,echec,0.0,2.0,0.15100863157052197,0.7757675774772381,0.6319069293383794,0.5453930044366946,0.32972455534152373,0.39020957246207894,0.5195387681058845,0.8727247774726963,0.0,0.0,-1.7534079562948328
c42,n24,9.0,revue_declaration,1,1,9.0,resolu,1.0,3.0,0.13490687956991862,0.47499118651274924,0.5538345030674107,0.7717465192694941,0.712144951828757,0.303979975775789,0.5062072120328501,0.8914126750929637,0.05249761951415173,0.05249761951415173,0.30867352133898046
c42,n25,6.0,ne_rien_faire,1,1,6.0,partiel,0.0,4.0,0.19799451991365036,0.34882576951142613,0.6796685420821266,0.20745387516957003,0.35491331501650447,0.14993664370966928,0.05964536217968885,0.8696148396365886,0.0,0.0,-0.4934175414305184
c42,n26,14.0,revue_declaration,1,1,14.0,resolu,1.0,3.0,0.6118969091666187,0.43391751427538444,0.3496765030048641,0.3285412966601373,0.3435352136652836,0.6948786301174762,0.5245161979371152,0.8848512215909762,0.08598823526196597,0.08598823526196597,2.4710658712463065
c42,n27,0.0,boost_capacite,1,1,0.0,echec,0.0,3.0,0.2843812341399519,0.5595684293167544,0.5505899991980839,0.7069008892781424,0.9050821282119733,0.5774096307394688,0.6000019064738337,0.4636591126529314,0.053075940557296836,0.053075940557296836,0.5506196030071424
c42,n28,0.0,replanifier_jalon,1,1,0.0,echec,0.0,0.0,0.2130033094962825,0.6063324958674423,0.3891072733372934,0.33592797155156573,0.7763952306141145,0.2544369909736863,0.4289291188126623,0.6717831845051333,0.11280496606787029,0.11280496606787029,0.6201925158895125
c42,n29,4.0,ne_rien_faire,1,1,4.0,partiel,0.0,3.0,0.09284308933229521,0.42663549670731366,0.7283238877861633,0.9038020999839365,0.28265297182206744,0.30356365911042743,0.3259620254958312,0.69028926537849,0.0,0.0,-1.6510910775919205
c42,n30,10.0,revue_declaration,1,1,10.0,partiel,0.0,0.0,0.1974619919105015,0.26685250783834563,0.5433212870064907,0.6864616564855684,0.8468854609112377,0.798912769080041,0.3813133140124348,0.530651642392415,0.07101163994378579,0.07101163994378579,-0.008186518518193818
c42,n31,5.0,ne_rien_faire,1,1,5.0,partiel,0.0,2.0,0.27420262380182236,0.08479359800281161,0.15631723580765092,0.46898833849704563,0.17316806396535447,0.46464548327105126,0.2928647944885169,0.3889463911632657,0.0,0.0,0.7631738568736397
c42,n32,17.0,ne_rien_faire,1,1,17.0,partiel,0.0,2.0,0.2545981771894568,0.18196710311553313,0.7556442737357175,0.4605934058656742,0.5389275102112306,0.10615893134098356,0.7215707566463369,0.3084396366094917,0.0,0.0,-0.2351482572792114
c42,n33,13.0,boost_capacite,1,1,13.0,partiel,0.0,1.0,0.3993138728829951,0.7707243078074772,0.5797721568790034,0.7536426795792313,0.5858183795301803,0.10722275778280228,0.7215337489584366,0.3155596073086921,0.06576450329934143,0.06576450329934143,0.5400485307830025
c42,n34,16.0,boost_capacite,1,1,16.0,partiel,0.0,0.0,0.7334060014265054,0.25262031933902546,0.7035254556699579,0.6724113943438623,0.36011520297762145,0.2245482721617844,0.3404820815977777,0.8936963248334698,0.06576450329934143,0.06576450329934143,0.5884975802020581
c42,n35,3.0,ne_rien_faire,1,1,3.0,partiel,0.0,1.0,0.37558038066285554,0.20947995619245396,0.8557459650405654,0.6982058401314053,0.5351854572660325,0.7337541885492109,0.8843179261703108,0.5746600340550427,0.0,0.0,-0.4155235586699422
c42,n36,7.0,expedition_express,1,1,7.0,echec,0.0,0.0,0.15806904172781508,0.867483077488703,0.7290104245855155,0.6592717945853557,0.2420100518345754,0.5520577334079958,0.7842479264827827,0.5291031891567259,0.18,0.18,1.5036668425452
c42,n37,14.0,ne_rien_faire,1,1,14.0,partiel,0.0,2.0,0.39542244168444546,0.2797133274403574,0.42393003623928993,0.34433503053927,0.25078919839598535,0.16937636205408446,0.015693219062214315,0.6423796517615801,0.0,0.0,-3.004767110823251
c42,n38,3.0,revue_declaration,1,1,3.0,resolu,1.0,1.0,0.19412497064796178,0.8032599567562059,0.5736916401588028,0.09600054065076616,0.7794184247766262,0.6753947602495248,0.5518704340113934,0.278821763148635,0.07101163994378579,0.07101163994378579,-0.1052001740573319
c42,n39,10.0,ne_rien_faire,1,1,10.0,partiel,0.0,3.0,0.1840481051916825,0.2888731108456842,0.49684010694741365,0.3873881541499733,0.3659137232379929,0.8367937842663649,0.5259830241637575,0.23119299012829134,0.0,0.0,-0.21804235260789873
c42,n40,8.0,ne_rien_faire,1,1,8.0,partiel,0.0,0.0,0.05424916734781775,0.5767677457737771,0.9137317448676278,0.4233628944042191,0.6050432004237103,0.347696800252027,0.921296367590785,0.7000639812029438,0.0,0.0,0.32415090879794217
c42,n41,14.0,ne_rien_faire,1,1,14.0,resolu,1.0,1.0,0.15148257944718543,0.17670144136703902,0.5217399315616427,0.11121976173916844,0.34689930372627376,0.16406864968022852,0.12692397011902648,0.6079977290376383,0.0,0.0,-1.7773982366325314
c42,n42,4.0,revue_declaration,1,1,4.0,resolu,1.0,3.0,0.32579605771110776,0.22858018601253838,0.6458363405683938,0.7333865017534775,0.7371368724521755,0.8196699075463149,0.7776255150742076,0.9291410737108141,0.19,0.19,1.8506289038387806
c42,n43,9.0,ne_rien_faire,1,1,9.0,resolu,1.0,3.0,0.09733925963832989,0.0986871098535202,0.7260446241678712,0.5987002126230527,0.39670765068620756,0.28768709529463055,0.2084564931793226,0.6752525020747084,0.0,0.0,-1.2165451618966308
c42,n44,6.0,replanifier_jalon,1,1,6.0,partiel,0.0,0.0,0.12299871809708056,0.07785460103143556,0.4652422098079403,0.4019415157194244,0.9629008031643558,0.07471081574988113,0.19107179394941246,0.9053789185980091,0.06948979284705413,0.06948979284705413,-1.39977955133853
c42,n45,2.0,ne_rien_faire,1,1,2.0,resolu,1.0,3.0,0.3205953733312515,0.2833096649933122,0.4250378230053862,0.06795710291809996,0.09141474410513113,0.8641007297968174,0.6809448225500927,0.7290688245915701,0.0,0.0,0.6361954155155876
c42,n46,1.0,revue_declaration,1,1,1.0,resolu,1.0,4.0,0.35999641641729235,0.4303137189178913,0.43504816671232766,0.7332117234647105,0.4155249149337355,0.6224350286565821,0.3830071880659124,0.7310978649401702,0.05249761951415173,0.05249761951415173,-0.02239529483195027
c42,n47,1.0,ne_rien_faire,1,1,1.0,resolu,1.0,0.0,0.33992557777549093,0.21783098151061045,0.4379357496491569,0.5373220209082114,0.4848791596851676,0.10845016211884126,0.6018168338294628,0.474551055323391,0.0,0.0,0.4030725852433745
c42,n48,6.0,ne_rien_faire,1,1,6.0,resolu,1.0,1.0,0.0893258980936345,0.1547007583451363,0.5111873954444681,0.45323437114134413,0.40727657244718246,0.3610749948136062,0.7548830097533737,0.3497659612135574,0.0,0.0,0.6586214764467406
c42,n49,5.0,revue_declaration,1,1,5.0,partiel,0.0,1.0,0.14927593005098566,0.8255866349688469,0.13769022802936928,0.6613459813280586,0.4537310999614161,0.10255876698083481,0.7141333269610627,0.7821481058556351,0.07101163994378579,0.07101163994378579,-0.6713890005289123
c42,n0,15.0,ne_rien_faire,1,1,15.0,partiel,0.0,0.0,0.003420784606218198,0.1181415716999269,0.9308797837087394,0.24977842046198423,0.2612428584349871,0.6773973932765732,0.13258309620342543,0.5954282866025339,0.0,0.0,0.10036548229181774
c42,n1,7.0,boost_capacite,1,1,7.0,partiel,0.0,4.0,0.17728266938348955,0.2307889893866664,0.2484439591601674,0.11384269207092823,0.3171511652863959,0.7899887538969416,0.7117454140870364,0.5015648234265595,0.09404583781437073,0.09404583781437073,0.09091048218839826
c42,n2,2.0,boost_capacite,1,1,2.0,resolu,1.0,4.0,0.4245111787647933,0.7652429180145841,0.6490514105313907,0.4331639907933318,0.7661290869007396,0.9332573593703182,0.5506185654305562,0.3395158647701134,0.09404583781437073,0.09404583781437073,-0.30213206405669357
c42,n3,11.0,ne_rien_faire,1,1,11.0,resolu,1.0,1.0,0.06738943554881696,0.27653120695249234,0.3959116102989613,0.4613571259846668,0.502120892820908,0.14141723980278667,0.6602672484068177,0.9733611178776856,0.0,0.0,-1.3773160291553435
c42,n4,10.0,revue_declaration,1,1,10.0,resolu,1.0,1.0,0.12438509090208258,0.2966102688005536,0.20250383387069124,0.6079731623920106,0.6513905363388228,0.9054286147657157,0.708788903358832,0.45173558330024,0.08275544669906046,0.08275544669906046,1.2345806245197577
c42,n5,8.0,boost_capacite,1,0,8.0,en_cours,,2.0,0.16273422277597732,0.48517039687222874,0.2696451554337527,0.18263062969996105,0.35533032384214014,0.4905199295502249,0.8981284974091517,0.8831291182123929,0.09404583781437073,0.09404583781437073,-0.06519773366227477
c42,n6,15.0,promouvoir_arc_secours,1,1,15.0,echec,0.0,2.0,0.3927742081916195,0.6243055314783775,0.5923326781183149,0.4450767203904677,0.9218518024370874,0.4780292825068016,0.22896876830993343,0.8526928012792565,0.06507160887649192,0.06507160887649192,0.45115728633454893
c42,n7,0.0,ne_rien_faire,1,1,0.0,partiel,0.0,1.0,0.19405767036916177,0.3060979771912205,0.7986290523681557,0.21650209475126428,0.22282260222782094,0.5870235875353396,0.7287566217170185,0.8893789205096772,0.0,0.0,-0.05705326661674215
c42,n8,16.0,ne_rien_faire,1,1,16.0,echec,0.0,1.0,0.38434416259719767,0.1486603189804503,0.36142809335050113,0.4681240027782923,0.4793409890538003,0.880823523790272,0.6981599230863594,0.48305562739200697,0.0,0.0,-0.8981851609733302
c42,n9,1.0,ne_rien_faire,1,1,1.0,echec,0.0,3.0,0.38578090991600406,0.4447124881864259,0.7232724476682215,0.2199122975431609,0.7306067860831594,0.2868228995264169,0.29195724591589817,0.9981902967428085,0.0,0.0,-0.1406051585480868
c42,n10,5.0,replanifier_jalon,1,1,5.0,echec,0.0,3.0,0.45317018414458,0.9170379457426234,0.25203478340163465,0.18011017148105754,0.18516434148188646,0.4014096445146673,0.48012242512691444,0.676138878761551,0.08263442177277024,0.08263442177277024,1.371741412845305
c42,n11,3.0,ne_rien_faire,1,1,3.0,partiel,0.0,0.0,0.29509995684836327,0.5371812704643921,0.5251487660173478,0.46708296376691455,0.9568627028728465,0.4603454188396728,0.18104852617294445,0.3776563766420967,0.0,0.0,-2.308045045109305
c42,n12,17.0,ne_rien_faire,1,1,17.0,partiel,0.0,3.0,0.11215989472195802,0.277494065035862,0.7352209523939743,0.3528220943879034,0.194914911991265,0.7428501418476036,0.35248435504182835,0.5229024759240474,0.0,0.0,0.28440774477161945
c42,n13,14.0,ne_rien_faire,1,1,14.0,partiel,0.0,3.0,0.6647313332647935,0.5025232811970105,0.3605753737532626,0.7041943202997941,0.33722670035315827,0.7131502089953791,0.09206580155112824,0.6327741849523957,0.0,0.0,-1.9521822785190883
c42,n14,8.0,boost_capacite,1,1,8.0,echec,0.0,1.0,0.05067760646684192,0.510539943038376,0.4936581656699588,0.5858784274466811,0.6793239924475705,0.5390417833981673,0.7316584135404685,0.796473845615162,0.06576450329934143,0.06576450329934143,0.4108187875695538
c42,n15,9.0,replanifier_jalon,1,1,9.0,partiel,0.0,2.0,0.0967722767476976,0.564992140536818,0.8284229014486355,0.728120141803732,0.7693214736714206,0.2231503572716282,0.16318402029189294,0.6651644725085364,0.19,0.19,-0.923383944883049
c42,n16,2.0,revue_declaration,1,1,2.0,partiel,0.0,2.0,0.4422739871519105,0.2416649911124721,0.7301245460287952,0.8850116989117429,0.8723363170058345,0.5712025734021521,0.5186112353221243,0.7405367404585653,0.05249761951415173,0.05249761951415173,1.1991869528418129
c42,n17,1.0,expedition_express,1,1,1.0,partiel,0.0,1.0,0.2998579706566685,0.8659619497680326,0.4308901857891843,0.6981851649657583,0.6561798621448828,0.7604337808673143,0.6213542865336682,0.7563572250442305,0.10748598928679363,0.10748598928679363,-0.26250209853781115
c42,n18,5.0,ne_rien_faire,1,1,5.0,partiel,0.0,3.0,0.2878723219207987,0.5054721908851331,0.2461630526337143,0.5460003072599539,0.20836281403678542,0.8159468892633749,0.09078681492885805,0.607027613473468,0.0,0.0,-0.9486880797910089
c42,n19,17.0,ne_rien_faire,1,1,17.0,partiel,0.0,1.0,0.1815616345028271,0.7128903294712997,0.7227649733012976,0.5047548460294742,0.5018631609888733,0.3886781144492797,0.18500090177607115,0.962682515078844,0.0,0.0,-1.3510532852338901
c42,n20,13.0,expedition_express,1,1,13.0,resolu,1.0,4.0,0.213093624860627,0.2541836479329446,0.8272642079590425,0.7043465080138901,0.8263930234877537,0.8261926950080877,0.9757339582568325,0.7284410901850681,0.09287777229911215,0.09287777229911215,0.5987984273772555
c42,n21,2.0,ne_rien_faire,1,1,2.0,resolu,1.0,4.0,0.47112283902191215,0.20044103219737133,0.49684491340153164,0.6218574760620279,0.2584718376516628,0.4800709824748879,0.37662016006381654,0.41522662951977,0.0,0.0,-0.8114204508183542
c42,n22,2.0,boost_capacite,1,1,2.0,resolu,1.0,4.0,0.6918603785310828,0.6647710409567362,0.9110138172214036,0.6694106662753531,0.6322695918528163,0.577810488461283,0.3525955953697468,0.8764562197448263,0.053075940557296836,0.053075940557296836,0.17743805952829916
c42,n23,4.0,ne_rien_faire,1,1,4.0,partiel,0.0,2.0,0.41054666983144,0.5943427399156956,0.1859933803068585,0.6107456968530389,0.5855364034286993,0.38708120679019586,0.3770187924336167,0.635990529847589,0.0,0.0,-2.337347735564454
c42,n24,2.0,ne_rien_faire,1,1,2.0,partiel,0.0,1.0,0.2255428722279579,0.4416751924190346,0.6018632548851237,0.620767120492506,0.6819558824232166,0.6152708783659963,0.3349215977837293,0.17930001792013722,0.0,0.0,-0.8856452067076411
c42,n25,7.0,expedition_express,1,1,7.0,echec,0.0,3.0,0.33745047744291073,0.028406638787798134,0.1446103198609138,0.0918923422294074,0.8994289485940479,0.5125922103151862,0.4312384419033891,0.978316112193582,0.050825581787975416,0.050825581787975416,0.9457166336430531
c42,n26,14.0,promouvoir_arc_secours,1,1,14.0,partiel,0.0,0.0,0.47503771880106727,0.7363850021848107,0.6544530433724322,0.34495384465949686,0.3502129571535763,0.6057709784129456,0.26573492244310654,0.13916402392309088,0.09375668266232669,0.09375668266232669,-0.3075024613479983
c42,n27,9.0,ne_rien_faire,1,1,9.0,partiel,0.0,2.0,0.17314551845222975,0.35457586308272404,0.1949142385430144,0.701505702602407,0.9585162903770185,0.4173902729866152,0.22821411745385378,0.8764153077856207,0.0,0.0,-1.7408205365392047
c42,n28,11.0,ne_rien_faire,1,1,11.0,partiel,0.0,3.0,0.21765518621344526,0.30577665671192933,0.6118898998913179,0.19926901180778603,0.695930742123335,0.6250726574329187,0.5462142065816658,0.6258602447886721,0.0,0.0,-0.12351623626648778
c42,n29,5.0,promouvoir_arc_secours,1,1,5.0,resolu,1.0,1.0,0.22708900938393786,0.2643076680508779,0.8649234610105325,0.4251688676931208,0.8225644282631775,0.13241707878051812,0.5734219773294613,0.8435995612573248,0.09375668266232669,0.09375668266232669,2.297318543878326
c42,n30,16.0,expedition_express,1,1,16.0,echec,0.0,4.0,0.26020969622791945,0.521696996083423,0.531286838721771,0.3495931972737203,0.36110097797009516,0.5329105986402233,0.34673505545495953,0.6803430225675552,0.19999999999999998,0.19999999999999998,0.33096725738961064
c42,n31,0.0,revue_declaration,1,1,0.0,partiel,0.0,4.0,0.1968420591070492,0.8264799604115328,0.6693245419916231,0.7955858746187202,0.7492254903113568,0.6276061142217528,0.7442242839679598,0.5490911963486169,0.05249761951415173,0.05249761951415173,-0.6658774589719132
c42,n32,7.0,ne_rien_faire,1,1,7.0,partiel,0.0,1.0,0.3579496757735041,0.5297661873841357,0.8437582231988932,0.15500662068900078,0.14055710923500847,0.7947733701691284,0.1773648046206649,0.5257545924204612,0.0,0.0,-1.0520131318413448
c42,n33,8.0,ne_rien_faire,1,1,8.0,resolu,1.0,4.0,0.1675223900172244,0.07126903003791882,0.4572464452113771,0.8968009869403739,0.4097990523388311,0.5130928354435631,0.24640574732264126,0.4894359366463743,0.0,0.0,-1.1320289939754984
c42,n34,13.0,ne_rien_faire,1,1,13.0,resolu,1.0,1.0,0.1013585376400168,0.38225837441246135,0.6816049968628959,0.1570930841044859,0.9295472005314144,0.32464477115772683,0.22373438094307938,0.6069519586824246,0.0,0.0,-1.3543455914558546
c42,n35,2.0,replanifier_jalon,1,0,2.0,en_cours,,0.0,0.3386869652433966,0.47968380762114265,0.3244779555647165,0.4762211380281633,0.4768570508067646,0.4632750972805243,0.451956336906509,0.9621133457069423,0.06948979284705413,0.06948979284705413,0.14931220106574264
c42,n36,0.0,ne_rien_faire,1,1,0.0,partiel,0.0,1.0,0.24851474102245427,0.5539160493241752,0.616284485026243,0.20051907960005172,0.5717921509177534,0.35358192284438306,0.38273897495234716,0.28818724898222225,0.0,0.0,0.15298216397099423
c42,n37,14.0,ne_rien_faire,1,1,14.0,partiel,0.0,4.0,0.40020749253327487,0.17545913673541594,0.7810593136871399,0.5787930490465899,0.49953001721237345,0.7020235884945527,0.3053724305941575,0.9128486101816381,0.0,0.0,0.14591227730310377
c42,n38,8.0,expedition_express,1,1,8.0,echec,0.0,1.0,0.3781125426546258,0.6248311781167348,0.2784549510339174,0.4356255589510704,0.4315959438777723,0.7385473115813164,0.5804300894044839,0.8600719169445116,0.10748598928679363,0.10748598928679363,0.3786472248660607
c42,n39,15.0,ne_rien_faire,1,1,15.0,echec,0.0,2.0,0.01086166539608466,0.5415516488699904,0.2716841562915462,0.17527140011998096,0.10834487019812707,0.27608312118246037,0.6389217853881441,0.5517147778447488,0.0,0.0,-0.5272727289159511
c42,n40,13.0,promouvoir_arc_secours,1,1,13.0,partiel,0.0,0.0,0.22641535284529699,0.6722780810288769,0.5784992715801438,0.4222174981674146,0.7527360269385655,0.6117579960707815,0.3811863606387617,0.5450090431740815,0.09375668266232669,0.09375668266232669,0.3631675579283053
c42,n41,2.0,ne_rien_faire,1,1,2.0,echec,0.0,2.0,0.5608110644337825,0.1305306902769807,0.43781403749999115,0.3281548033072518,0.4416078935162593,0.5601053912612061,0.5753327657374767,0.48386225246332176,0.0,0.0,0.8385442257691069
c42,n42,1.0,expedition_express,1,1,1.0,echec,0.0,0.0,0.14891287518112523,0.5091374801163414,0.2787833590452917,0.5113692504250839,0.845107672250003,0.663565974451559,0.8386928157400043,0.4276766868596509,0.18,0.18,1.0097178942507894
c42,n43,17.0,ne_rien_faire,1,1,17.0,echec,0.0,4.0,0.14616643203716173,0.1027515456589888,0.41929057980246415,0.7710598202980034,0.20059795154690407,0.6626010154551998,0.614842937815429,0.9235881201967286,0.0,0.0,1.8103934413728178
c42,n44,17.0,ne_rien_faire,1,1,17.0,partiel,0.0,0.0,0.6069811852063675,0.5719586850826416,0.506704128956775,0.7588766581364679,0.581283737743782,0.34270452423430775,0.10958268625790087,0.8939296828060532,0.0,0.0,0.19596465406869468
c42,n45,12.0,revue_declaration,1,1,12.0,partiel,0.0,4.0,0.18076273850663516,0.6870461595394995,0.46338177922243756,0.45641568293219414,0.12288751594221752,0.40929565896518716,0.8092295792083435,0.8514250869059712,0.05249761951415173,0.05249761951415173,0.7458120809626764
c42,n46,7.0,promouvoir_arc_secours,1,0,7.0,en_cours,,0.0,0.5715868518091095,0.08199970967857557,0.20376577242351124,0.7890576066895169,0.5294839475410725,0.45994388191684715,0.5211055361006364,0.7588332269183632,0.09375668266232669,0.09375668266232669,0.8802726256967539
c42,n47,17.0,ne_rien_faire,1,1,17.0,resolu,1.0,4.0,0.215576879052487,0.39805422709598204,0.717859257861263,0.8663242875470941,0.38917023780126975,0.23708691244766397,0.5931270759343024,0.9428718606047015,0.0,0.0,-0.19999008602938245
c42,n48,16.0,ne_rien_faire,1,1,16.0,partiel,0.0,3.0,0.26995799033622375,0.5259356626208334,0.6016154664597823,0.24206257655631827,0.42057321736784026,0.5867586958862919,0.2604417673241692,0.7168470060868143,0.0,0.0,-1.1906887332447542
c42,n49,2.0,ne_rien_faire,1,1,2.0,resolu,1.0,2.0,0.22272534821175619,0.5473613289451291,0.2474034755996159,0.3686559416406687,0.35084065709913975,0.4614021147503791,0.17633313568839423,0.8715071803645585,0.0,0.0,-1.3947667752236783
c42,n0,12.0,ne_rien_faire,1,1,12.0,partiel,0.0,1.0,0.10006937764993322,0.5051547796949444,0.8853926289756937,0.6560529420579501,0.527112335280034,0.2781563087317167,0.7594436399222823,0.26501763339060785,0.0,0.0,-0.011459059229068612
c42,n1,15.0,boost_capacite,1,0,15.0,en_cours,,1.0,0.42047360009055734,0.7018188874579504,0.6479545685652419,0.5952567046921411,0.4832412285439688,0.5236710647241227,0.5899563183253365,0.7305788797638452,0.06576450329934143,0.06576450329934143,0.09073661244855219
c42,n2,16.0,revue_declaration,1,1,16.0,echec,0.0,0.0,0.13442778247225776,0.40656505785277897,0.8002338978101701,0.7153232606978264,0.32830292949028395,0.17833762528459263,0.8558520760395388,0.881337935665763,0.07101163994378579,0.07101163994378579,0.7930326949796227
c42,n3,14.0,ne_rien_faire,1,1,14.0,echec,0.0,2.0,0.3684713208944374,0.14228674405668218,0.8114180343846633,0.41661793502176697,0.6831509675879424,0.4088949835435039,0.8403630471130473,0.9700345234388142,0.0,0.0,0.8462968103330701
c42,n4,2.0,replanifier_jalon,1,1,2.0,echec,0.0,3.0,0.06571111774773986,0.6466145800407009,0.5463742900955292,0.8057560008036884,0.33089335980256196,0.27076914314093625,0.5383399426650591,0.9308702955159254,0.06732604454191315,0.06732604454191315,-1.0724904695910227
c42,n5,3.0,replanifier_jalon,1,1,3.0,resolu,1.0,3.0,0.18033078503728525,0.39477385500927775,0.4902613604347456,0.5661165740165875,0.8862500399685773,0.39093612617195145,0.39631230511830196,0.6755753678248357,0.19,0.19,0.23552847056822646
c42,n6,1.0,promouvoir_arc_secours,1,1,1.0,partiel,0.0,0.0,0.1743171675894834,0.6113522265090711,0.3543795006731467,0.30920100592093785,0.4276900874899998,0.7454845575181496,0.2559531352324873,0.8166207056567198,0.11114874117773832,0.11114874117773832,-1.0064037834261543
c42,n7,14.0,ne_rien_faire,1,1,14.0,echec,0.0,1.0,0.1556718171077731,0.7034760557329607,0.5386198595855873,0.8023296627745152,0.0556480826257871,0.06885345609026074,0.3606695331596246,0.969322706826399,0.0,0.0,-2.624548362012445
c42,n8,9.0,revue_declaration,1,0,9.0,en_cours,,4.0,0.13270663101165386,0.6605752142181917,0.4327593203029415,0.5127430891243132,0.5776529620267685,0.31376057038976773,0.18979077375114278,0.7611340143710102,0.05249761951415173,0.05249761951415173,-0.47768023366001344
c42,n9,8.0,ne_rien_faire,1,1,8.0,partiel,0.0,4.0,0.17468961027582527,0.7413028835120566,0.26845511349018264,0.7461687298862522,0.13915939320910994,0.2912940733011495,0.6092376047361312,0.4507395076216795,0.0,0.0,0.7840354627426219
c42,n10,10.0,promouvoir_arc_secours,1,1,10.0,resolu,1.0,3.0,0.27536097862933834,0.33079960008812076,0.12755752542894216,0.482152681206375,0.4670158097138266,0.6526844000731766,0.9612648163313708,0.6722661343300801,0.08604221741899593,0.08604221741899593,-0.022832931533111722
c42,n11,3.0,expedition_express,1,1,3.0,partiel,0.0,0.0,0.3569649241030296,0.1912705859315696,0.05500385326743563,0.9120537358892323,0.3401039979573761,0.16739359159262476,0.9064016274960285,0.9653847545728896,0.06784087113578872,0.06784087113578872,0.6813724409621655
c42,n12,1.0,replanifier_jalon,1,1,1.0,resolu,1.0,3.0,0.23149314491569115,0.5370041711227024,0.692770494650179,0.7614283266166565,0.2780163358410626,0.24433124588938765,0.5162988276653006,0.3907449195426241,0.19,0.19,1.094738498522262
c42,n13,15.0,ne_rien_faire,1,1,15.0,partiel,0.0,1.0,0.3024359849229741,0.4013202116240314,0.9490727061714652,0.6816540283915911,0.5745442876378,0.5583888262363463,0.6245125615803202,0.10197907765213485,0.0,0.0,0.7372799267084471
c42,n14,0.0,expedition_express,1,1,0.0,resolu,1.0,3.0,0.03993241822791549,0.5440865274014711,0.11576337144271406,0.4969163253384868,0.4440923779382664,0.7056266662844052,0.30479572979967845,0.2851122013508449,0.19999999999999998,0.19999999999999998,0.20204206308850547
c42,n15,4.0,boost_capacite,1,1,4.0,echec,0.0,2.0,0.5234777837990564,0.26309357513027765,0.7199005284644671,0.3929421217794981,0.8394434133514124,0.5915656507735414,0.774666802608025,0.9991357453634225,0.18,0.18,0.6433928856391402
c42,n16,3.0,ne_rien_faire,1,1,3.0,partiel,0.0,0.0,0.6164521651789249,0.3513837438857541,0.477677939547077,0.6450818891223478,0.12695349239989218,0.2741144599648543,0.5357908311959672,0.6686806637001911,0.0,0.0,0.32285744113273285
c42,n17,17.0,ne_rien_faire,1,1,17.0,partiel,0.0,0.0,0.07891248831635649,0.07982017725257796,0.5611185203702399,0.44958866707767337,0.5202626307563445,0.2581813880476375,0.6541408669852375,0.5088800401335816,0.0,0.0,0.2935876634805206
c42,n18,3.0,replanifier_jalon,1,1,3.0,resolu,1.0,3.0,0.10052643416051242,0.6612687164471298,0.3008587575542212,0.6457922164034792,0.7723689541680371,0.5065813945988275,0.8023253877238434,0.7212851413221798,0.19,0.19,0.10535125506669421
c42,n19,6.0,ne_rien_faire,1,1,6.0,resolu,1.0,3.0,0.6963278336165276,0.23089781426110007,0.4680537861792268,0.37038838825093795,0.5329417864829349,0.11584118517021862,0.5733790644755485,0.7711346670013328,0.0,0.0,0.9686471322243424
c42,n20,17.0,ne_rien_faire,1,1,17.0,partiel,0.0,4.0,0.06197629817653761,0.17629248704345812,0.2548578656072172,0.8642109260593531,0.5771341405890094,0.7177897925916885,0.253011293218877,0.5658317070832518,0.0,0.0,-2.6783232781601773
c42,n21,2.0,expedition_express,1,1,2.0,partiel,0.0,2.0,0.26400676122218486,0.27293848047790725,0.6984388590883772,0.40525055752626415,0.6917297596118739,0.7809001900652704,0.8532906574835105,0.408324774201524,0.19999999999999998,0.19999999999999998,0.8441546769854624
c42,n22,0.0,ne_rien_faire,1,1,0.0,partiel,0.0,2.0,0.043850547269741746,0.34825295249480076,0.9141442208625883,0.22279710345065343,0.7336935408570916,0.512935378871961,0.541001753944389,0.7229041452986471,0.0,0.0,-0.9049508344104177
c42,n23,3.0,revue_declaration,1,1,3.0,resolu,1.0,0.0,0.9118883006966065,0.42530057725664683,0.582346898594991,0.8838741749071475,0.656328000939048,0.5206529521189722,0.7318175554202451,0.6441733304525318,0.07101163994378579,0.07101163994378579,-0.1020571608896994
c42,n24,2.0,ne_rien_faire,1,1,2.0,resolu,1.0,1.0,0.6219263119110447,0.40389968425782746,0.7617217810574345,0.4924687159058402,0.44487621699668295,0.4764461855099481,0.4145846643511756,0.45997998355123193,0.0,0.0,0.8444505406695912
c42,n25,15.0,revue_declaration,1,1,15.0,resolu,1.0,4.0,0.2748231886320095,0.24600994934903464,0.054766091329968895,0.5972249051371817,0.5568766064041267,0.7900210274518856,0.14346962298361432,0.25571718721150444,0.08598823526196597,0.08598823526196597,-0.057888116707014076
c42,n26,17.0,boost_capacite,1,1,17.0,resolu,1.0,2.0,0.434232290469471,0.12822597391001134,0.03925239606739667,0.11928145688472096,0.16795405086657483,0.8862667828101765,0.8450397393223369,0.3180284391690916,0.09404583781437073,0.09404583781437073,1.8834477473814686
c42,n27,17.0,revue_declaration,1,0,17.0,en_cours,,4.0,0.6714380713727884,0.5035816429997786,0.5211811530676832,0.37368959910230526,0.7781159553597103,0.5164264206851011,0.3461320856623241,0.6437596949506472,0.05249761951415173,0.05249761951415173,1.536340681325616
c42,n28,12.0,promouvoir_arc_secours,1,1,12.0,echec,0.0,2.0,0.19412609919523915,0.34400484691774785,0.7991217772749629,0.496740732345678,0.4968431365208749,0.18360026614954075,0.7060139823777978,0.7519428571865562,0.06507160887649192,0.06507160887649192,0.5108478045373731
c42,n29,3.0,ne_rien_faire,1,1,3.0,partiel,0.0,2.0,0.28225376528636853,0.24053234541432852,0.582207942477341,0.6918146175827035,0.9514663453522076,0.1757685571720313,0.1360853907623248,0.7741036651832968,0.0,0.0,-1.833607942897416
c42,n30,1.0,promouvoir_arc_secours,1,1,1.0,resolu,1.0,3.0,0.13108867864919632,0.8345739628130315,0.43158847451660404,0.22254956874335213,0.3670086140009081,0.941406760635588,0.2911982212860545,0.8280470742283689,0.08604221741899593,0.08604221741899593,0.7111177332122194
c42,n31,5.0,ne_rien_faire,1,1,5.0,echec,0.0,3.0,0.25845029879054343,0.37794005051503515,0.7054372449179841,0.6661221132076475,0.3065468495370675,0.3546875933149311,0.6346839502607649,0.955626832335649,0.0,0.0,0.7604925616184048
c42,n32,1.0,ne_rien_faire,1,1,1.0,resolu,1.0,0.0,0.4076906311410923,0.38442178442832536,0.18852934230924862,0.4157826828627395,0.3565043333195655,0.3988415913004169,0.7870473130514466,0.9268275086999457,0.0,0.0,-0.6690732457751116
c42,n33,13.0,expedition_express,1,1,13.0,partiel,0.0,0.0,0.3052470528764748,0.10222371403759128,0.5879240229848337,0.5260831937729813,0.6071550973649875,0.5617302441374952,0.48818180823395513,0.7286938216788971,0.18,0.18,-0.08852804305844483
c42,n34,7.0,ne_rien_faire,1,1,7.0,resolu,1.0,2.0,0.5044141429171936,0.29448879453379734,0.4780621285928843,0.8339698599517379,0.7535936390184922,0.410029439259286,0.31127509508438567,0.7379135806435161,0.0,0.0,-1.8405449356207904
c42,n35,17.0,expedition_express,1,0,17.0,en_cours,,1.0,0.12142209417589986,0.46805015174246134,0.5465735681774087,0.23592292150609082,0.4671733807575768,0.5496300814798792,0.6444828035634514,0.8067115531189629,0.10748598928679363,0.10748598928679363,-0.42643275005916104
c42,n36,17.0,revue_declaration,1,0,17.0,en_cours,,0.0,0.10291503620424879,0.41403075815108625,0.7221220103123497,0.5816258145277841,0.519912062502682,0.050001958279775535,0.2945429203125654,0.8137847305057442,0.07101163994378579,0.07101163994378579,-1.9105478703164689
c42,n37,14.0,ne_rien_faire,1,1,14.0,partiel,0.0,1.0,0.08741548149887422,0.1272376384968641,0.570708963019991,0.7592399064759799,0.07301898049008279,0.2251882842494176,0.7573474522431471,0.7892134885994437,0.0,0.0,-0.5731085040975935
c42,n38,2.0,boost_capacite,1,1,2.0,partiel,0.0,0.0,0.11306924873812965,0.3590258407289886,0.6174514821323976,0.14073352173885897,0.3585787014445375,0.6697890078411024,0.6856090402923318,0.8204842628430952,0.19,0.19,-0.0618515996550541
c42,n39,5.0,ne_rien_faire,1,1,5.0,resolu,1.0,2.0,0.14314481330742107,0.10838530641489287,0.6936936200156428,0.46300020311775203,0.31396606036547536,0.4054265804316508,0.04650785279543136,0.6302708034652581,0.0,0.0,-0.4525606451350539
c42,n40,5.0,ne_rien_faire,1,1,5.0,resolu,1.0,4.0,0.23886548151378645,0.32365892308830513,0.987445142478897,0.4047338997436564,0.5738738779324914,0.45511151401529437,0.2735690627823969,0.7928140461674676,0.0,0.0,0.15670497527316296
c42,n41,5.0,revue_declaration,1,1,5.0,partiel,0.0,3.0,0.12151531001372716,0.8603495451077351,0.6465533440865181,0.05514220413142882,0.9218145423480257,0.5198752115483541,0.2816125850372378,0.8595487100437351,0.05249761951415173,0.05249761951415173,0.22622187118555281
c42,n42,4.0,ne_rien_faire,1,1,4.0,partiel,0.0,3.0,0.15991396969660363,0.3188398538848151,0.5689841730699567,0.6905473619661532,0.4617882342495999,0.6795973337268628,0.2320986775473247,0.2976482208791825,0.0,0.0,-0.8339169873509568
c42,n43,12.0,expedition_express,1,1,12.0,echec,0.0,1.0,0.07824340847253937,0.6401274183528574,0.5924538122225395,0.44288666833648055,0.8541277421118136,0.5253703636115452,0.526802212848835,0.9290405434495628,0.06784087113578872,0.06784087113578872,-0.5223613356458922
c42,n44,6.0,replanifier_jalon,1,1,6.0,echec,0.0,3.0,0.44174301898199914,0.570848786068082,0.8137903621251336,0.41007080746254665,0.8380748672394883,0.6179539883340947,0.8158368543165222,0.9268435391171871,0.06732604454191315,0.06732604454191315,1.6541157105511652
c42,n45,12.0,expedition_express,1,0,12.0,en_cours,,2.0,0.1533728953674772,0.2754847028377194,0.27131636132568165,0.8346526726932995,0.5258499750925248,0.5684509589849287,0.3779889431816766,0.6518571877135638,0.09287777229911215,0.09287777229911215,0.6263058663746208
c42,n46,13.0,ne_rien_faire,1,1,13.0,resolu,1.0,4.0,0.49483530726944736,0.3995396499732321,0.6909144873022365,0.45315536884174035,0.542395413366682,0.23233446242199354,0.8930854894962083,0.344336778257636,0.0,0.0,0.4829393428370187
c42,n47,3.0,revue_declaration,1,1,3.0,resolu,1.0,1.0,0.5367820811091831,0.36424795687516437,0.3706649607336784,0.7833591859354843,0.5000929498549199,0.57859946904411,0.7815328804975449,0.9520379457386888,0.19999999999999998,0.19999999999999998,1.827725139360348
c42,n48,16.0,ne_rien_faire,1,1,16.0,resolu,1.0,1.0,0.0505476255812406,0.7423188062549881,0.5044837557746971,0.45940700429986975,0.7979684724806416,0.5035124263454955,0.6759067663103188,0.28691814028027435,0.0,0.0,-1.096698760024926
c42,n49,3.0,ne_rien_faire,1,1,3.0,partiel,0.0,2.0,0.3769326276970686,0.6090490294271768,0.21020916020921146,0.43849050895508845,0.6178215848415944,0.19179389489404586,0.34023461675035716,0.4406123463945758,0.0,0.0,-0.14318004335533646
c42,n0,11.0,ne_rien_faire,1,1,11.0,partiel,0.0,0.0,0.05886639718540029,0.4633280569203577,0.560086719754812,0.24236927834867786,0.2365723749195733,0.8479888837267303,0.3281893470927377,0.9589211096586753,0.0,0.0,0.0026825269817555564
c42,n1,0.0,revue_declaration,1,1,0.0,resolu,1.0,2.0,0.05748141002231624,0.6299397841101982,0.6102070744095749,0.5188765479019579,0.7667980473715358,0.8079097953820712,0.20853671193710313,0.6739601196007617,0.08598823526196597,0.08598823526196597,-2.1282245161066413
c42,n2,8.0,promouvoir_arc_secours,1,1,8.0,resolu,1.0,3.0,0.12105906859175683,0.379617365663429,0.484027197852002,0.44500479113878233,0.5195172211254363,0.8550668439715899,0.7752502989368573,0.8181194114574355,0.08604221741899593,0.08604221741899593,0.7973030181353088
c42,n3,8.0,ne_rien_faire,1,1,8.0,resolu,1.0,1.0,0.42646738252205096,0.1327498284994599,0.909391333050197,0.2586512132342754,0.34181951918113984,0.5936290003260731,0.3835949914107427,0.6853058709194144,0.0,0.0,0.9017018542887695
c42,n4,9.0,ne_rien_faire,1,1,9.0,partiel,0.0,3.0,0.3578319342838665,0.6353628530517423,0.9338030917973742,0.2620458102637633,0.2881774835165124,0.6185816598252123,0.5084702120588581,0.9878685022343004,0.0,0.0,-0.26292043460989817
c42,n5,15.0,ne_rien_faire,1,1,15.0,echec,0.0,3.0,0.1215806993695111,0.627401266302915,0.41952799417628106,0.5461270646951621,0.2402356294762162,0.32547300320324196,0.6717845444165355,0.9980122343132317,0.0,0.0,0.07422237240317255
c42,n6,12.0,boost_capacite,1,1,12.0,resolu,1.0,0.0,0.12073451395554964,0.1138228136368313,0.442728590090652,0.1516046524888176,0.505989627634911,0.5849903426399425,0.7829044811934509,0.5489939565507962,0.19,0.19,-2.3166441030233553
c42,n7,15.0,ne_rien_faire,1,1,15.0,partiel,0.0,4.0,0.3240044277929767,0.22928722683437744,0.5451204915893686,0.0753904499621186,0.19775995845850183,0.7598033623982037,0.3312382685585577,0.8231885367741294,0.0,0.0,-1.0174744836370893
c42,n8,9.0,ne_rien_faire,1,1,9.0,echec,0.0,3.0,0.5699031696895652,0.513941967022629,0.46501082212468475,0.280565542334666,0.7420110781536104,0.815717513690693,0.829572718153275,0.40270934076952863,0.0,0.0,0.8072988543242409
c42,n9,5.0,ne_rien_faire,1,1,5.0,partiel,0.0,1.0,0.04116930310422804,0.40967364569474135,0.6783583605174986,0.8475134750571148,0.23125109738007837,0.015964953349391513,0.28216607813233335,0.6282025358091499,0.0,0.0,0.09942922039004687
c42,n10,12.0,ne_rien_faire,1,1,12.0,resolu,1.0,4.0,0.24124615424885365,0.1794481424666579,0.320023824557118,0.3960750762235489,0.5037131612294354,0.41372940943161046,0.3480239886554719,0.9200079218304877,0.0,0.0,-0.9598163434547577
c42,n11,13.0,promouvoir_arc_secours,1,1,13.0,resolu,1.0,2.0,0.18623089647371785,0.5887367064735146,0.3764103056213545,0.6839584556274023,0.9287953588587691,0.6015808916777682,0.6235961991810797,0.8181204467970001,0.06507160887649192,0.06507160887649192,0.6096044177441465
c42,n12,9.0,ne_rien_faire,1,1,9.0,partiel,0.0,3.0,0.24979541116066672,0.19569827918696514,0.38192727290820766,0.3240864811403485,0.1790781537271389,0.9216399123032608,0.4621994171131786,0.7190328688865701,0.0,0.0,1.329703383645332
c42,n13,8.0,ne_rien_faire,1,1,8.0,resolu,1.0,2.0,0.37035225558567114,0.2201168756000471,0.22035800298837946,0.6445402627484267,0.35099545202022364,0.21729759508492816,0.19059599955772755,0.49194950982945435,0.0,0.0,-1.030414391685736
c42,n14,6.0,ne_rien_faire,1,1,6.0,partiel,0.0,4.0,0.12132925654680919,0.1101358000737481,0.34692151505843677,0.2705111533833498,0.5064966780586211,0.424524749009977,0.48418687079133016,0.9795236249025365,0.0,0.0,0.3266738437894006
c42,n15,15.0,ne_rien_faire,1,1,15.0,partiel,0.0,1.0,0.07817868321592493,0.3110716187848225,0.34843697891126546,0.7464865443384575,0.20545967309593424,0.5659964522982491,0.3044981576175615,0.4617905972200385,0.0,0.0,-0.3091762684908668
c42,n16,12.0,boost_capacite,1,1,12.0,resolu,1.0,0.0,0.16529907587960385,0.17853292673692045,0.3040075324130242,0.8298891837270503,0.4009073560471882,0.35757036129327757,0.5014559384948613,0.9076205889012068,0.08115534141178526,0.08115534141178526,0.4638865227360703
c42,n17,1.0,ne_rien_faire,1,1,1.0,echec,0.0,4.0,0.20867560974907426,0.6682046326055685,0.7249418200254405,0.652578629545062,0.6076749249172575,0.7394555957363983,0.24373274478325024,0.9202975662762621,0.0,0.0,-0.47059486074528023
c42,n18,1.0,expedition_express,1,1,1.0,partiel,0.0,2.0,0.4368093993399228,0.4810598908720253,0.33002544072443424,0.40589290680780643,0.6595094331485637,0.6176473881092738,0.7017170329232792,0.40154688770885194,0.09287777229911215,0.09287777229911215,2.6434880291536302
c42,n19,16.0,revue_declaration,1,0,16.0,en_cours,,3.0,0.04204764733902896,0.791378326722334,0.22966833923094873,0.27657933701019893,0.8672941000600175,0.46083635692083313,0.016163777999094,0.8501500614896974,0.05249761951415173,0.05249761951415173,-0.9609107240219464
c42,n20,1.0,replanifier_jalon,1,1,1.0,partiel,0.0,3.0,0.4407332153748971,0.6188301492565883,0.35889087162699546,0.14614238573260804,0.22311196200422706,0.35169218761153903,0.5175387238057004,0.3304890390673211,0.19,0.19,0.4190806457762468
c42,n21,12.0,promouvoir_arc_secours,1,1,12.0,partiel,0.0,3.0,0.21668142301623844,0.34680067694602823,0.48550626129940144,0.14588510096622573,0.7141608458726583,0.09698930578525757,0.9305530180222473,0.8927426973968875,0.06507160887649192,0.06507160887649192,1.008613383974874
c42,n22,2.0,ne_rien_faire,1,1,2.0,resolu,1.0,2.0,0.07792710052737478,0.24536459543775643,0.18552500738434724,0.8485452297759651,0.7194683834362327,0.5602903738231507,0.11001259358673272,0.8769348264161927,0.0,0.0,-2.7133313375236456
c42,n23,14.0,ne_rien_faire,1,1,14.0,partiel,0.0,4.0,0.31012541027179163,0.30418950842241194,0.9165622253328184,0.6544437996150279,0.3699409363611635,0.2976928473698031,0.5804575773867713,0.8929834140036002,0.0,0.0,-0.8978973324153267
c42,n24,4.0,ne_rien_faire,1,1,4.0,resolu,1.0,2.0,0.12026712762725963,0.3931005462256475,0.6825503676446253,0.4576697428623889,0.2869170441911795,0.3825211882703505,0.2381222433071733,0.4475411957928893,0.0,0.0,-0.31007878859534566
c42,n25,7.0,promouvoir_arc_secours,1,1,7.0,partiel,0.0,0.0,0.1019504463293015,0.4846982679888541,0.633318834191778,0.79217786392275,0.3420158656482991,0.5382288586743921,0.4745456908216219,0.9801560120919558,0.07121226987735195,0.07121226987735195,-0.5563415768879527
c42,n26,13.0,ne_rien_faire,1,1,13.0,partiel,0.0,3.0,0.3370898351200783,0.2993894727257085,0.3042051206203875,0.3164920891793468,0.4655449306092563,0.9157092682356546,0.4487047346849928,0.6868110037821396,0.0,0.0,1.351223373869618
c42,n27,12.0,boost_capacite,1,1,12.0,partiel,0.0,3.0,0.04131285266409613,0.562142903872547,0.6380718546945028,0.1841177244197055,0.37812769203538965,0.24454397455070964,0.3602511839558989,0.908629176087655,0.18,0.18,-1.6586356823240163
c42,n28,1.0,promouvoir_arc_secours,1,1,1.0,echec,0.0,3.0,0.23519770263892395,0.5296341749971273,0.2723056610850668,0.900432949265911,0.3382387005363509,0.6387954783250577,0.4985130985705863,0.4826929773975417,0.06507160887649192,0.06507160887649192,-0.39575795115519813
c42,n29,11.0,ne_rien_faire,1,1,11.0,resolu,1.0,2.0,0.21223040377173283,0.7225601256480928,0.45715708497794616,0.5813167214322803,0.11568051364780207,0.18526368432560006,0.6857944062336595,0.7772907003868905,0.0,0.0,0.03668978565213116
c42,n30,7.0,expedition_express,1,1,7.0,resolu,1.0,1.0,0.200656459555691,0.03239300509699204,0.7325294283552465,0.4782987449099806,0.7989953660795597,0.38133729814427597,0.3325365526069153,0.43066424132928743,0.18,0.18,-0.9042344204628956
c42,n31,7.0,ne_rien_faire,1,1,7.0,partiel,0.0,0.0,0.05582058447814632,0.28636742796878734,0.45503505251195736,0.7656114572881129,0.23448500306581604,0.3858957515954457,0.14369980383218814,0.2269514315490276,0.0,0.0,0.08239979680790888
c42,n32,6.0,ne_rien_faire,1,1,6.0,partiel,0.0,3.0,0.2443515072131894,0.5308508653703757,0.2539005092769874,0.745795867134227,0.4528224027613863,0.7258969070837462,0.19833159299062192,0.6132818311297518,0.0,0.0,-1.7154794523967127
c42,n33,12.0,promouvoir_arc_secours,1,1,12.0,echec,0.0,4.0,0.05293677375801024,0.49620853176550084,0.6076212414465522,0.7188507817258982,0.8290208882537577,0.7920903236445259,0.6566701631173923,0.9822788371959964,0.0847811404775453,0.0847811404775453,-0.19678960752158808
c42,n34,9.0,revue_declaration,1,1,9.0,resolu,1.0,2.0,0.16338936249857974,0.7837034594691563,0.8720693677216016,0.7300474437680261,0.18849083545549292,0.744620638791393,0.7416030751791096,0.9189101918217193,0.09844224846172875,0.09844224846172875,-0.41655848165223375
c42,n35,6.0,replanifier_jalon,1,1,6.0,resolu,1.0,3.0,0.32285398058523646,0.4314724367905455,0.30689281746606345,0.31659405241761396,0.0704110251921863,0.31020841437509616,0.5441273163774548,0.7947141603845517,0.19,0.19,0.8336336300369165
c42,n36,17.0,ne_rien_faire,1,1,17.0,resolu,1.0,4.0,0.390541961147582,0.05672573566547038,0.6293973639029893,0.4191145614969811,0.7245288263793609,0.28795391491361916,0.2689993251668092,0.5922856761003852,0.0,0.0,0.1614558207627197
c42,n37,15.0,expedition_express,1,1,15.0,partiel,0.0,0.0,0.22161248798901576,0.49647208130373827,0.8104366857690283,0.46761474681401266,0.8734003254619178,0.34653901174152174,0.969981699335789,0.7694665012511962,0.18,0.18,0.603857835915482
c42,n38,10.0,promouvoir_arc_secours,1,1,10.0,partiel,0.0,3.0,0.1619173582285988,0.7495986648638046,0.34423098370858773,0.4378407096417622,0.5825235509958352,0.3377676019723555,0.324714316702583,0.43361322398704744,0.06507160887649192,0.06507160887649192,-0.775527436419322
c42,n39,3.0,ne_rien_faire,1,1,3.0,partiel,0.0,1.0,0.3164592528723563,0.36649429376750847,0.5919466550577843,0.7926911826640654,0.19406711637433952,0.14469110879463348,0.32058922960441694,0.6711160748208926,0.0,0.0,-0.6276285870913103
c42,n40,14.0,ne_rien_faire,1,1,14.0,echec,0.0,0.0,0.6244772839648765,0.05970071599724725,0.7704163049142781,0.7870136393289116,0.0803026120273114,0.5398990252859696,0.6038095144974848,0.9909872063078886,0.0,0.0,1.7451287832384206
c42,n41,16.0,promouvoir_arc_secours,1,1,16.0,resolu,1.0,0.0,0.5690350796332235,0.6066222820949638,0.3447441434072631,0.4746519888561544,0.32390265437224125,0.4159204897796778,0.3880795638438819,0.6557105366069984,0.09375668266232669,0.09375668266232669,0.4036019052635229
c42,n42,4.0,ne_rien_faire,1,1,4.0,resolu,1.0,1.0,0.2521551463011789,0.17398986018170204,0.22438853811174314,0.09025492157407418,0.8400328899246018,0.5981080048908463,0.5991597039606292,0.38621332774169675,0.0,0.0,-0.37591330223088487
c42,n43,4.0,ne_rien_faire,1,1,4.0,resolu,1.0,1.0,0.26870196605934854,0.22075625612969335,0.6277195267249557,0.42225734485178557,0.2340020679158751,0.712811491133424,0.44409472299294084,0.3110075128554893,0.0,0.0,0.31932220349048757
c42,n44,0.0,ne_rien_faire,1,1,0.0,partiel,0.0,1.0,0.2974438380793562,0.3689225075766684,0.29906714214533314,0.7045206869610251,0.7652766431508783,0.683457317881006,0.3468137062105947,0.815482097686815,0.0,0.0,-0.7443091210002168
c42,n45,16.0,ne_rien_faire,1,1,16.0,echec,0.0,3.0,0.15458006692233148,0.661187010358939,0.48138596132243744,0.5701974843206511,0.5276763676009902,0.3193768127945586,0.07081149092145136,0.9215699968446558,0.0,0.0,-0.8037412665885835
c42,n46,2.0,ne_rien_faire,1,1,2.0,echec,0.0,3.0,0.013011915237069023,0.4015547000195691,0.2884885792943258,0.5689885609505425,0.6801110830063666,0.5729524894756378,0.09651577807147405,0.9432582593145425,0.0,0.0,-2.3125320884794562
c42,n47,11.0,ne_rien_faire,1,1,11.0,resolu,1.0,3.0,0.21885447004718087,0.6168487848891203,0.30513587954731175,0.13518970429061927,0.3215655941519051,0.6854458221453323,0.3548718298969012,0.4822424458583994,0.0,0.0,-0.8446782000890375
c42,n48,11.0,promouvoir_arc_secours,1,1,11.0,echec,0.0,2.0,0.2618292204364866,0.24790244071153417,0.6774328321573554,0.8629156955083623,0.8752962487401388,0.30680445838067505,0.021022554117049237,0.8182869916179304,0.06507160887649192,0.06507160887649192,0.1007761323115619
c42,n49,11.0,ne_rien_faire,1,1,11.0,resolu,1.0,2.0,0.220419679718149,0.3942563120538566,0.4550613025974766,0.8591015962569023,0.1929336083920463,0.7636243889274149,0.9023144873596908,0.5996506767131349,0.0,0.0,0.7941544157996858
c42,n0,9.0,ne_rien_faire,1,1,9.0,resolu,1.0,0.0,0.5553748574362283,0.32301526684982684,0.7812070693479329,0.26249067275338345,0.40627763171319997,0.5082493098799361,0.20691706150510383,0.7495836348485495,0.0,0.0,0.23229395992095045
c42,n1,16.0,expedition_express,1,1,16.0,partiel,0.0,3.0,0.45740124368006563,0.39880483566777725,0.4436881822085742,0.7774778294699589,0.45464242644409825,0.34256932757327946,0.3771906779914315,0.7920941913638414,0.09287777229911215,0.09287777229911215,-0.018776082103213174
c42,n2,2.0,promouvoir_arc_secours,1,1,2.0,resolu,1.0,4.0,0.21543893811010603,0.6236039780368304,0.8574106032365127,0.7488484743823797,0.4527890166687701,0.24279251040177216,0.2451267276139645,0.4221736105616408,0.06507160887649192,0.06507160887649192,-0.38137068523411877
c42,n3,14.0,boost_capacite,1,1,14.0,resolu,1.0,4.0,0.15356667688558873,0.8860825793593229,0.9167910204231254,0.44884003621509216,0.8345987221965041,0.2560921841264789,0.3609124659010058,0.75689359491765,0.053075940557296836,0.053075940557296836,-0.40893224707338693
c42,n4,9.0,ne_rien_faire,1,1,9.0,partiel,0.0,1.0,0.3546158770934661,0.057232708214494034,0.6524654336611295,0.7332811806926975,0.7074421270850011,0.19448828864553222,0.5589707386173004,0.24147994181539387,0.0,0.0,-1.0940498916444736
c42,n5,7.0,expedition_express,1,1,7.0,echec,0.0,2.0,0.17106953296654995,0.3350120474125107,0.267604059695048,0.3876306833145849,0.9243676527344215,0.6765996976203119,0.6117714088221087,0.942196733162564,0.050825581787975416,0.050825581787975416,-1.5911088461086837
c42,n6,16.0,ne_rien_faire,1,1,16.0,resolu,1.0,2.0,0.00945660024469438,0.21887836682651746,0.8205633365370815,0.477157369803109,0.3565078518068628,0.47755894133559773,0.32985572192068313,0.0955773299496446,0.0,0.0,-1.8422375185254878
c42,n7,5.0,ne_rien_faire,1,1,5.0,echec,0.0,2.0,0.3259088451062547,0.5407283153419797,0.4111638623073304,0.4137553552366005,0.7492704961951354,0.9280338852438499,0.11485265271150502,0.505498714246158,0.0,0.0,-1.318529889367233
c42,n8,7.0,ne_rien_faire,1,1,7.0,resolu,1.0,0.0,0.28859688658913474,0.42608873787084384,0.6776378934780636,0.3294190922799942,0.4670040345055164,0.6780148891674007,0.04614596121165301,0.7912912687619644,0.0,0.0,-0.7689623813502607
c42,n9,5.0,replanifier_jalon,1,1,5.0,resolu,1.0,0.0,0.14287094879764942,0.5092188254723438,0.39574375228275227,0.7554632030011738,0.5555395680573407,0.12039164316376526,0.5327594657221031,0.5237122808724157,0.11280496606787029,0.11280496606787029,-0.7257176288055052
c42,n10,9.0,boost_capacite,1,1,9.0,partiel,0.0,4.0,0.32425987415440477,0.30909525855348485,0.6388756814877875,0.29426759307047173,0.67785262464388,0.1820152791748489,0.4306783580722149,0.4518595051085494,0.053075940557296836,0.053075940557296836,-0.2773100918036443
c42,n11,15.0,replanifier_jalon,1,0,15.0,en_cours,,1.0,0.3518399473659824,0.5564055864435155,0.4805313956549413,0.3283686156037068,0.8223323994772486,0.3832645187206637,0.5778116618381899,0.7578214957255528,0.11280496606787029,0.11280496606787029,0.3543559296701885
c42,n12,15.0,boost_capacite,1,1,15.0,echec,0.0,2.0,0.3572510551191079,0.36031101219888756,0.11624563445917059,0.45528636006480794,0.4522743455036863,0.4324736289669284,0.7053745296336839,0.6168465339477178,0.053075940557296836,0.053075940557296836,1.382186878234026
c42,n13,6.0,ne_rien_faire,1,1,6.0,partiel,0.0,0.0,0.16999444643289105,0.08294323169761073,0.6422740950162368,0.3800163478987516,0.18457754008769814,0.49421607912287335,0.9479262992723299,0.7980847913225578,0.0,0.0,0.8546341081115851
c42,n14,7.0,boost_capacite,1,1,7.0,echec,0.0,0.0,0.7675843553428751,0.4603215305218562,0.7655651440940829,0.8326833570212929,0.40447095915847137,0.20353226671216623,0.4202362119549105,0.7877582205585745,0.06576450329934143,0.06576450329934143,1.4110967823796343
c42,n15,17.0,boost_capacite,1,1,17.0,partiel,0.0,2.0,0.5886854002856483,0.276398134409278,0.5760463319673357,0.672400994914391,0.5591223490359112,0.6754987988780861,0.17325787646698732,0.6809650607068773,0.09404583781437073,0.09404583781437073,-0.27211518191151857
c42,n16,5.0,boost_capacite,1,1,5.0,partiel,0.0,2.0,0.5185254690086586,0.25654269836302085,0.8272416694813801,0.7012038152821664,0.21438744962153258,0.6562205718344364,0.7595506140836169,0.798394888134321,0.053075940557296836,0.053075940557296836,1.5370678947392806
c42,n17,9.0,promouvoir_arc_secours,1,1,9.0,echec,0.0,0.0,0.27439789706062373,0.28419973197661247,0.9072713869296924,0.9372294451978732,0.4239151639283927,0.5013776686428838,0.71588442451654,0.9697334235407205,0.07121226987735195,0.07121226987735195,-0.6344654200696704
c42,n18,8.0,expedition_express,1,1,8.0,resolu,1.0,4.0,0.2127764108103902,0.3861801400884028,0.7481496822222296,0.39635227511142634,0.6654676559135828,0.39500913214104144,0.6775523733079439,0.6018755811256765,0.09287777229911215,0.09287777229911215,0.10805580540585005
c42,n19,15.0,ne_rien_faire,1,1,15.0,resolu,1.0,4.0,0.15381676272784023,0.2895855450991749,0.6562070706745622,0.9893045080748367,0.17651444349589526,0.30839470872219416,0.4537844018699206,0.7802566897148976,0.0,0.0,-2.294655741920405
c42,n20,7.0,ne_rien_faire,1,1,7.0,echec,0.0,0.0,0.2640337366946567,0.5156878870287898,0.557215158896142,0.2854137752868197,0.42381870503754454,0.46433968214412197,0.6129787522065849,0.29015673302375805,0.0,0.0,0.07860215671945367
c42,n21,7.0,expedition_express,1,1,7.0,resolu,1.0,1.0,0.3107645926449543,0.7578815841733615,0.46140377432325885,0.24771739641548168,0.8688739219277549,0.4145591232150118,0.7030061658491034,0.830620589907141,0.18,0.18,0.30696710600266125
c42,n22,6.0,ne_rien_faire,1,1,6.0,partiel,0.0,1.0,0.3943436903100106,0.25201061394758567,0.5159832502479006,0.4417927157626797,0.701588186703169,0.5676811770492156,0.7250287248291983,0.7545565145052504,0.0,0.0,0.20737943728865238
c42,n23,12.0,replanifier_jalon,1,0,12.0,en_cours,,0.0,0.4675619427643969,0.43305193070293435,0.6423381000013882,0.10832237835395872,0.19577730919152514,0.5299992663179555,0.27963776200818197,0.8787052818886036,0.11280496606787029,0.11280496606787029,1.523514291081163
c42,n24,9.0,boost_capacite,1,1,9.0,echec,0.0,4.0,0.4286650521091596,0.8490346837456684,0.886716105936355,0.2524756513708509,0.8656532683857313,0.6343687764305842,0.2353986912232205,0.9643110652548129,0.18,0.18,0.7339938165484089
c42,n25,10.0,promouvoir_arc_secours,1,0,10.0,en_cours,,0.0,0.22544064731145821,0.2863924509152049,0.5137960654829954,0.9073373061695288,0.6126134105878654,0.25047652229220385,0.8170875487774141,0.7593598839212402,0.09375668266232669,0.09375668266232669,-0.1996188801225991
c42,n26,12.0,ne_rien_faire,1,1,12.0,partiel,0.0,3.0,0.32033659848305235,0.054078132223795566,0.3445044796108277,0.9432518898228642,0.07958617112473154,0.4676264191412477,0.6351593554651983,0.3565313248117033,0.0,0.0,1.5080981590209275
c42,n27,1.0,ne_rien_faire,1,1,1.0,echec,0.0,4.0,0.34592439364518507,0.42697596544082084,0.26170837755500204,0.3724853565096346,0.11218383469319756,0.42350172281759835,0.7621611590001154,0.8821522254689105,0.0,0.0,0.8463546454538797
c42,n28,17.0,promouvoir_arc_secours,1,1,17.0,echec,0.0,2.0,0.15532674178910455,0.475844497583861,0.35011691840027004,0.33943009874617686,0.3880771819614623,0.04575099392872492,0.8506054100822517,0.9957042270203404,0.0847811404775453,0.0847811404775453,1.1882582449544032
c42,n29,14.0,promouvoir_arc_secours,1,1,14.0,partiel,0.0,3.0,0.3382867194983986,0.6611312569423007,0.4071731337127798,0.4496127375997065,0.6941003616081635,0.6382246638795669,0.4749456570309972,0.9128661372995673,0.0847811404775453,0.0847811404775453,0.6404457421798312
c42,n30,1.0,ne_rien_faire,1,1,1.0,partiel,0.0,3.0,0.20040280980533923,0.08801032416353032,0.20868918256937138,0.8948707477731866,0.35458724586084966,0.5598053153152714,0.31860577967450127,0.9693981961196788,0.0,0.0,-1.1152784415401165
c42,n31,12.0,revue_declaration,1,0,12.0,en_cours,,1.0,0.3443014595292992,0.48199607912429715,0.12983906246754653,0.17425287304559595,0.6939914902286877,0.7262429051469586,0.30553467032258363,0.7382010625516389,0.08275544669906046,0.08275544669906046,0.5447256486968298
c42,n32,7.0,ne_rien_faire,1,1,7.0,resolu,1.0,0.0,0.37880361163500703,0.26994741182956694,0.4368761963646898,0.10835972293947965,0.5680557928747325,0.8975966319676207,0.11245316038465612,0.8176766843885651,0.0,0.0,-0.4716259061415554
c42,n33,7.0,revue_declaration,1,1,7.0,echec,0.0,4.0,0.11404501649001227,0.6979199536463826,0.6484638819968319,0.6948854344091555,0.3842893352913424,0.47543779831653715,0.3802141033669387,0.61603386371992,0.05249761951415173,0.05249761951415173,1.302581423698653
c42,n34,11.0,expedition_express,1,1,11.0,resolu,1.0,1.0,0.2656604063105699,0.3811229418331678,0.9164279862476509,0.20812831885305422,0.8156289348398115,0.639661501765508,0.09004687856653606,0.8226713720132315,0.18,0.18,0.2817980198995854
c42,n35,6.0,promouvoir_arc_secours,1,1,6.0,resolu,1.0,2.0,0.36898967600555155,0.39303831028546793,0.41427073255813335,0.10683456058830802,0.5573302402761041,0.789600606031771,0.3534764868239931,0.6631243483531967,0.08604221741899593,0.08604221741899593,0.5486799168760313
c42,n36,7.0,boost_capacite,1,1,7.0,echec,0.0,3.0,0.3487934144203954,0.4533283689168925,0.7013019589350951,0.6089331709597073,0.4980877156985673,0.5536741295476945,0.5479028286866648,0.9255218635565496,0.18,0.18,1.0823787418560091
c42,n37,15.0,ne_rien_faire,1,1,15.0,partiel,0.0,4.0,0.1714694249464971,0.3823591252637256,0.13926517956739484,0.6029328500021485,0.7453942600053595,0.28421885789850654,0.6842954665229618,0.7535732433257514,0.0,0.0,-1.653977683080567
c42,n38,14.0,promouvoir_arc_secours,1,1,14.0,resolu,1.0,0.0,0.14144631905453214,0.3352257504736092,0.4855297092149208,0.7387630207373139,0.37254900962752474,0.44491305692678385,0.5058188314899563,0.6624794840361773,0.09375668266232669,0.09375668266232669,0.6672891203099502
c42,n39,0.0,revue_declaration,1,1,0.0,resolu,1.0,3.0,0.10072552227862261,0.10540373246458606,0.35043361934669554,0.29505456282369735,0.5809616066744459,0.6616101035228464,0.7014672348334734,0.7352587649782824,0.08598823526196597,0.08598823526196597,0.018348454207665454
c42,n40,16.0,expedition_express,1,0,16.0,en_cours,,3.0,0.3124189747125269,0.3357534900776743,0.21945553117252553,0.5569195572103987,0.384824760828563,0.45788839923734354,0.41674398554618064,0.5342862123629637,0.09287777229911215,0.09287777229911215,0.9110113256086607
c42,n41,0.0,promouvoir_arc_secours,1,1,0.0,resolu,1.0,4.0,0.5742603115079513,0.5980212475839936,0.509633806143124,0.8566816803331673,0.7799157999438597,0.5010643360342446,0.792691501038603,0.7199272451149722,0.06507160887649192,0.06507160887649192,1.0099172728321006
c42,n42,11.0,boost_capacite,1,1,11.0,partiel,0.0,0.0,0.4064703110432273,0.3967901509605797,0.6414422478977454,0.7079802557752211,0.3147018778368452,0.5021604842800566,0.09585916107315086,0.42129895012724605,0.06576450329934143,0.06576450329934143,0.5401982215205109
c42,n43,15.0,replanifier_jalon,1,1,15.0,echec,0.0,4.0,0.40383555626054707,0.809422791365168,0.7905286473878564,0.5592530534731034,0.6708906402625412,0.5308351333866823,0.11871434751190792,0.8015581986113502,0.19,0.19,-0.06685751573154436
c42,n44,8.0,revue_declaration,1,0,8.0,en_cours,,4.0,0.07555348895837256,0.47772440326758986,0.2008211867214861,0.9201274579561419,0.6962823906047174,0.42300633623643885,0.21649570154093503,0.708027943378994,0.05249761951415173,0.05249761951415173,-0.3098371583200057
c42,n45,12.0,ne_rien_faire,1,1,12.0,partiel,0.0,3.0,0.1473245961526137,0.483713011558145,0.7766702074898876,0.6087510354986224,0.18267082377284563,0.7407168495107127,0.7507807920411574,0.4242944320583167,0.0,0.0,0.5405350308980837
c42,n46,11.0,ne_rien_faire,1,1,11.0,partiel,0.0,4.0,0.17434038592742476,0.3649898485689674,0.5991115003869198,0.5186828826829356,0.6737847138010837,0.057693356302929086,0.27033056809622125,0.741173619200687,0.0,0.0,-1.6578019369031196
c42,n47,8.0,ne_rien_faire,1,1,8.0,partiel,0.0,3.0,0.24024518219493157,0.2833701465889074,0.553190130256816,0.6501426780062791,0.2120053448943705,0.2758958771659773,0.9773491758979662,0.7890827794420462,0.0,0.0,0.7185325064814182
c42,n48,17.0,ne_rien_faire,1,1,17.0,partiel,0.0,2.0,0.5493885954965475,0.1610090440743364,0.4607083246832958,0.8022172996667226,0.3523913906373665,0.16138796591197443,0.12784571926289712,0.6230452354658429,0.0,0.0,-0.6971193513102711
c42,n49,5.0,ne_rien_faire,1,1,5.0,resolu,1.0,4.0,0.20358752332693422,0.3614776464392856,0.6513194843585736,0.9682425268654352,0.5280362452375718,0.30977588943745915,0.27013774897211484,0.4841173288640608,0.0,0.0,-1.0413734845154756
c42,n0,0.0,promouvoir_arc_secours,1,0,0.0,en_cours,,1.0,0.2541486402975814,0.3229596198335127,0.09923189688145892,0.1660139736604554,0.44283209018447295,0.1125005261437437,0.5079714875066289,0.9782375142175211,0.07121226987735195,0.07121226987735195,0.042184886362586105
c42,n1,3.0,promouvoir_arc_secours,1,1,3.0,partiel,0.0,3.0,0.21321570562817208,0.6930699913438058,0.46397863349593704,0.5227766576572163,0.7473800294075935,0.7531827928077356,0.5894727022613789,0.34173306521153807,0.08604221741899593,0.08604221741899593,0.47763926650628075
c42,n2,10.0,ne_rien_faire,1,1,10.0,partiel,0.0,0.0,0.1863168404279337,0.0924251113159579,0.4979322149249208,0.394706663933868,0.4968495716024096,0.7123967227203529,0.8284084137129927,0.5641506072753614,0.0,0.0,0.9225309445314293
c42,n3,5.0,ne_rien_faire,1,1,5.0,partiel,0.0,3.0,0.26320440805002565,0.39099042600369655,0.2118261072675497,0.476910149714015,0.16617518683231147,0.7671149153964956,0.2810666340921373,0.7055721045747316,0.0,0.0,-1.327531099843355
c42,n4,11.0,ne_rien_faire,1,1,11.0,echec,0.0,1.0,0.4481328593825384,0.5551007938910164,0.7036450454421811,0.49861962231389023,0.6152292243101606,0.7442115829869759,0.4751637389391406,0.5295496820328323,0.0,0.0,0.4250489876753759
c42,n5,11.0,ne_rien_faire,1,1,11.0,resolu,1.0,1.0,0.13064573862551304,0.37713856343719976,0.555321381961982,0.34974078293350896,0.6066940750562133,0.6934598486221074,0.5071217797568981,0.25904444051728065,0.0,0.0,-0.09642625030235663
c42,n6,17.0,expedition_express,1,0,17.0,en_cours,,0.0,0.03835720743542984,0.19135154332822282,0.23911646534380804,0.5492882935521285,0.5979530155867935,0.6634040831286572,0.6690895992079299,0.8904866606119951,0.10748598928679363,0.10748598928679363,-0.010390218280980912
c42,n7,7.0,promouvoir_arc_secours,1,1,7.0,resolu,1.0,3.0,0.03219199005309399,0.26081101642050925,0.8922211177790523,0.22578759173315327,0.4141140100440362,0.7054528892872756,0.8300183982587613,0.995527775099191,0.0847811404775453,0.0847811404775453,1.650847273344049
c42,n8,7.0,promouvoir_arc_secours,1,1,7.0,resolu,1.0,2.0,0.3478701623623066,0.5002331730554322,0.5598411946791929,0.17314552911537398,0.606483446803945,0.4323237286731431,0.18758415499775685,0.9605852983237755,0.0847811404775453,0.0847811404775453,-0.5417195108885636
c42,n9,11.0,replanifier_jalon,1,1,11.0,echec,0.0,3.0,0.7734454734183254,0.37980002142783165,0.43874185699266577,0.2060323340246179,0.2540389147030908,0.7448443591111478,0.21316575916081554,0.9009333537636139,0.07586754174215447,0.07586754174215447,1.178331185770198
c42,n10,17.0,replanifier_jalon,1,1,17.0,partiel,0.0,0.0,0.2922292922290155,0.2650293628084499,0.04195507026996199,0.04707790789958707,0.5346153212708475,0.3618342895989586,0.22510753518885612,0.5676677157000324,0.11280496606787029,0.11280496606787029,-1.4360179920880771
c42,n11,13.0,boost_capacite,1,1,13.0,resolu,1.0,4.0,0.34188050607992876,0.5202940350329195,0.6373206013356083,0.5452581233590983,0.4504525744429904,0.6296005229526085,0.19927028498094032,0.7272151667035116,0.053075940557296836,0.053075940557296836,-0.35224048897279553
c42,n12,12.0,ne_rien_faire,1,1,12.0,resolu,1.0,2.0,0.08070235294174233,0.1726505929421431,0.14664572464157413,0.3417562449164833,0.2016257077758188,0.7470460666862784,0.37663794740253853,0.5019516878364149,0.0,0.0,-0.46263159214333877
c42,n13,16.0,ne_rien_faire,1,1,16.0,resolu,1.0,3.0,0.5562461071610362,0.13724711875597279,0.34795858835491006,0.8242855965173101,0.6600569395738719,0.17190508508276114,0.5790371595766407,0.6826476561466133,0.0,0.0,0.8616882862383077
c42,n14,14.0,ne_rien_faire,1,1,14.0,partiel,0.0,3.0,0.06330442696174927,0.4624552167188272,0.2224622789819712,0.3332451878425057,0.15245673094798118,0.5829355985748063,0.6676491795419548,0.7637055778912216,0.0,0.0,-0.8451828438369509
c42,n15,13.0,ne_rien_faire,1,1,13.0,partiel,0.0,4.0,0.3901866431262721,0.07298183686924507,0.2847149048491563,0.43183613041854835,0.5300546545487318,0.2534781513876559,0.4461410616537757,0.6089764237939973,0.0,0.0,-1.1432506724754599
c42,n16,6.0,ne_rien_faire,1,1,6.0,echec,0.0,4.0,0.412170504404967,0.4366911762534134,0.6626094480059209,0.8676419574705625,0.1978807428329702,0.43999403616891747,0.7255316509847894,0.8658898109614398,0.0,0.0,0.595326335916071
c42,n17,1.0,promouvoir_arc_secours,1,0,1.0,en_cours,,2.0,0.1581446379578461,0.6529327615167565,0.2986360562617967,0.031732934086002626,0.4448187629500784,0.14148739264060226,0.6825543617071635,0.9500790182599672,0.0847811404775453,0.0847811404775453,0.13885982747959175
c42,n18,6.0,promouvoir_arc_secours,1,1,6.0,partiel,0.0,2.0,0.18507770523384423,0.7390225596588129,0.5419679911273787,0.6807079906391896,0.061862023760391835,0.41274430543007196,0.41980792852893795,0.9758917366410342,0.0847811404775453,0.0847811404775453,-0.006005759392400334
c42,n19,3.0,ne_rien_faire,1,1,3.0,echec,0.0,4.0,0.1796382378728628,0.4948199745639342,0.1135019071303094,0.3588000413757424,0.5875226765155098,0.8365259747287526,0.4548086718561506,0.867729114181609,0.0,0.0,-0.5543711777871315
c42,n20,3.0,ne_rien_faire,1,1,3.0,resolu,1.0,0.0,0.6504608098893546,0.42904920512952766,0.5982856558909193,0.9468687912201835,0.47773525936036715,0.2657568539858839,0.8995026138987602,0.4784439546591887,0.0,0.0,2.125750535399124
c42,n21,11.0,boost_capacite,1,1,11.0,echec,0.0,4.0,0.1768228810778364,0.8037969193912875,0.7897517636787366,0.3240935189859006,0.6507438151926388,0.7039319077369213,0.39931938879013296,0.6856448747177215,0.053075940557296836,0.053075940557296836,-0.5330304634990096
c42,n22,14.0,expedition_express,1,0,14.0,en_cours,,2.0,0.3835316008271986,0.45133406676176113,0.6420290031570458,0.36297698633322445,0.259201423807659,0.4737282588033449,0.7438381820570378,0.20211727485699904,0.09287777229911215,0.09287777229911215,1.3096971381253777
c42,n23,13.0,revue_declaration,1,1,13.0,resolu,1.0,2.0,0.13389424752156592,0.4015404891441226,0.5170670636165945,0.4918012275112699,0.51122593416389,0.2892114825737366,0.20529045865774498,0.8116508192277817,0.05249761951415173,0.05249761951415173,-0.4766854868853362
c42,n24,6.0,ne_rien_faire,1,1,6.0,partiel,0.0,0.0,0.07496673603017422,0.3964762183353147,0.40443593268324474,0.41421353567728275,0.48268515547374596,0.3355528153135606,0.4164495030445946,0.5173268372039537,0.0,0.0,-1.9090624422375306
c42,n25,12.0,ne_rien_faire,1,1,12.0,partiel,0.0,3.0,0.3688461939031636,0.24768168101335256,0.6838838121335592,0.704230885375068,0.27168094932476977,0.39120684801809963,0.8378596370640754,0.4701964938474076,0.0,0.0,-0.48887667151043956
c42,n26,9.0,promouvoir_arc_secours,1,1,9.0,resolu,1.0,0.0,0.6203172336164188,0.814872564937442,0.6831726746261142,0.573432065013631,0.8561390827497383,0.4336383383554475,0.15980067202185097,0.22822413232593172,0.09375668266232669,0.09375668266232669,-0.5325872534330344
c42,n27,6.0,ne_rien_faire,1,1,6.0,echec,0.0,0.0,0.027949000044225455,0.761355245678803,0.7405870917302075,0.25844898441081415,0.31701482522461816,0.27853249335979213,0.8026748213574323,0.635938700196157,0.0,0.0,-0.185984329375466
c42,n28,8.0,expedition_express,1,1,8.0,partiel,0.0,0.0,0.29696103253057554,0.5911578597237068,0.7539641797218366,0.7531886827993908,0.4583901252761149,0.5469398860058388,0.38146692259505627,0.7135143680984044,0.18,0.18,1.4613520196898375
c42,n29,0.0,ne_rien_faire,1,1,0.0,resolu,1.0,2.0,0.34539988591046134,0.37027809228423403,0.5981282797334194,0.5939186538328464,0.48403446758978846,0.15203997994605153,0.3966425916408386,0.7133540975588715,0.0,0.0,-0.9765499125542909
c42,n30,1.0,ne_rien_faire,1,1,1.0,partiel,0.0,2.0,0.015139525766853077,0.2639672974532529,0.6764715651389289,0.5587488058604383,0.6614536031573087,0.1509515867714697,0.9520035092694016,0.8478629014324318,0.0,0.0,0.9361505466061179
c42,n31,6.0,expedition_express,1,1,6.0,resolu,1.0,2.0,0.5089218726681414,0.6192271485229233,0.2983961509328674,0.6484367583649423,0.6293950651517803,0.7258835076569633,0.16725178817292205,0.4928951531639376,0.19999999999999998,0.19999999999999998,0.249682362674868
c42,n32,3.0,boost_capacite,1,0,3.0,en_cours,,1.0,0.3245470350386253,0.5797031243718004,0.5220002065426689,0.3506790885598218,0.24691889520705446,0.6245971886694147,0.37895944981954777,0.7973509801548753,0.19,0.19,-0.18218846089782686
c42,n33,15.0,ne_rien_faire,1,1,15.0,resolu,1.0,0.0,0.27003421941169986,0.09048384815273453,0.6725353493845777,0.7808753923179119,0.53576866141671,0.36717964255826135,0.31830743506684234,0.43407535098083405,0.0,0.0,-1.40686707723397
c42,n34,2.0,replanifier_jalon,1,1,2.0,partiel,0.0,0.0,0.4978428038984608,0.4388015905954406,0.6163544369261833,0.15373178005829705,0.9464157479582398,0.7746815681009589,0.38991605299162335,0.6410550640575466,0.11280496606787029,0.11280496606787029,0.9614149889165344
c42,n35,7.0,replanifier_jalon,1,1,7.0,resolu,1.0,0.0,0.3531629770906758,0.3756884484129922,0.5386879408003745,0.3281723725342817,0.8912539418631508,0.7988416467458025,0.9576488759514415,0.7241171814611012,0.11280496606787029,0.11280496606787029,0.7533653735839765
c42,n36,13.0,ne_rien_faire,1,1,13.0,partiel,0.0,3.0,0.5769289732974715,0.4378242993742981,0.7316266698417545,0.6754393982075235,0.2264955231533672,0.7909998615705408,0.8037080600369153,0.5145767404196903,0.0,0.0,0.6523626647150587
c42,n37,13.0,boost_capacite,1,0,13.0,en_cours,,2.0,0.12924864287718643,0.6656683403958439,0.589024112814233,0.38334587621249433,0.4345302350898265,0.4057682490377363,0.5512402616099004,0.8190376555719935,0.053075940557296836,0.053075940557296836,-0.3813540531396854
c42,n38,8.0,promouvoir_arc_secours,1,1,8.0,resolu,1.0,1.0,0.5740630431398883,0.8385652346798125,0.37081198604443055,0.0867162222664355,0.6212669106018351,0.15914806383497648,0.38687483477110834,0.6070953322485406,0.09375668266232669,0.09375668266232669,0.40716726275392756
c42,n39,6.0,promouvoir_arc_secours,1,1,6.0,resolu,1.0,0.0,0.10851362751476978,0.6972136774067234,0.7397407229871316,0.4100326047442556,0.5685891635254956,0.4178591614681306,0.8491484207933571,0.7632694073446202,0.09375668266232669,0.09375668266232669,-0.24540712860746972
c42,n40,5.0,expedition_express,1,1,5.0,resolu,1.0,0.0,0.4477908993794982,0.673907354532533,0.5814173428392163,0.6844586417387005,0.8356638338699128,0.918843706284357,0.03614932229227382,0.857553394282886,0.10748598928679363,0.10748598928679363,-0.07361898548075763
c42,n41,0.0,ne_rien_faire,1,1,0.0,echec,0.0,2.0,0.6999934156336213,0.24407307878811976,0.8750416569710044,0.8657557438935473,0.7883294748925136,0.5675127010148243,0.5281929514590105,0.9870470007965847,0.0,0.0,0.5486731965720761
c42,n42,17.0,ne_rien_faire,1,1,17.0,echec,0.0,4.0,0.4439571704722013,0.6166313711371345,0.6599440067427826,0.7929241638140768,0.5146110547462139,0.581451120335814,0.4332227293225505,0.4980727993745142,0.0,0.0,0.5728238240949286
c42,n43,3.0,boost_capacite,1,1,3.0,partiel,0.0,3.0,0.45597435834873523,0.3328027889990188,0.1935979458316401,0.7018117951820375,0.5984503354573363,0.2171912925001184,0.11245059249276122,0.8968379715278468,0.053075940557296836,0.053075940557296836,-1.4401136924422686
c42,n44,5.0,promouvoir_arc_secours,1,1,5.0,partiel,0.0,2.0,0.1589328639956814,0.7519582887455993,0.3101952411740261,0.4479922631440843,0.22936268325569534,0.4943007758444656,0.5457686945325125,0.95513734941716,0.06404247067908966,0.06404247067908966,-0.6217840246426095
c42,n45,7.0,replanifier_jalon,1,1,7.0,resolu,1.0,0.0,0.44287357644839087,0.4050396361442624,0.46655286300030024,0.06794597903007878,0.2818185010154883,0.2544257779918457,0.5141649321967336,0.6357618468924299,0.11280496606787029,0.11280496606787029,0.06914658858765525
c42,n46,14.0,ne_rien_faire,1,1,14.0,partiel,0.0,4.0,0.29596381835517144,0.341313363591214,0.6144439491316893,0.6659582963928113,0.3066124455789871,0.39680838416178515,0.151185247678413,0.564694037003364,0.0,0.0,-0.7253345307110866
c42,n47,13.0,boost_capacite,1,1,13.0,partiel,0.0,0.0,0.33431511623519194,0.26740588892391076,0.14985487443559734,0.5037701066929724,0.7324043050344445,0.4890170771301893,0.454648864704309,0.8430789666371913,0.06576450329934143,0.06576450329934143,0.9196491079748534
c42,n48,15.0,revue_declaration,1,1,15.0,resolu,1.0,0.0,0.09486436401147258,0.6453655410200968,0.29236274224590464,0.9387256862467863,0.610726926803853,0.6277078742495963,0.4988897893057692,0.7999847650392727,0.07101163994378579,0.07101163994378579,0.78154083422218
c42,n49,0.0,ne_rien_faire,1,1,0.0,partiel,0.0,0.0,0.04440197362433583,0.43577487672994164,0.33351219550409567,0.5072599236095199,0.1623155551628995,0.836043458087815,0.7744949086341787,0.601530992440112,0.0,0.0,0.926453888207102
c42,n0,13.0,ne_rien_faire,1,1,13.0,partiel,0.0,4.0,0.5997491098423452,0.08991506873542837,0.28417835026394783,0.33545569893110844,0.3136943067824418,0.8441482220412947,0.13317094563639556,0.6800248176389944,0.0,0.0,1.2494561811509663
c42,n1,1.0,expedition_express,1,1,1.0,resolu,1.0,3.0,0.49005641699835584,0.40329592419801213,0.8412328907446622,0.49062288507269636,0.36392976948092254,0.6356363399828718,0.44235773853096483,0.6546960741737065,0.09287777229911215,0.09287777229911215,1.1302555695509016
c42,n2,9.0,replanifier_jalon,1,1,9.0,resolu,1.0,2.0,0.0632511128619089,0.46504084573011206,0.40370717634548886,0.31200605831619005,0.5005247847881047,0.3727296687065333,0.5810649162249398,0.7736414673882649,0.19,0.19,1.0511434819549583
c42,n3,17.0,ne_rien_faire,1,1,17.0,partiel,0.0,2.0,0.4720046053149301,0.5443213738628359,0.36773492629340765,0.32439807833126416,0.5523699320614169,0.617672272144058,0.5378398355304846,0.4539031754526028,0.0,0.0,-0.7129540958173254
c42,n4,15.0,boost_capacite,1,1,15.0,resolu,1.0,0.0,0.2531712894904678,0.08723990645929593,0.5263640198099944,0.1144242728699316,0.9309116668077575,0.36172782172257356,0.593039859233734,0.14511133717786512,0.06576450329934143,0.06576450329934143,0.7995097343870583
c42,n5,7.0,replanifier_jalon,1,1,7.0,partiel,0.0,2.0,0.15366089443270883,0.4564080046354387,0.5902482146816258,0.6541164600846249,0.1474003028799388,0.7370329932936405,0.6887124873941979,0.7556673800590441,0.08263442177277024,0.08263442177277024,1.271696061718274
c42,n6,3.0,ne_rien_faire,1,1,3.0,partiel,0.0,0.0,0.07766025084289092,0.27848461481839404,0.5227379656393899,0.5611463305088443,0.4725005660037762,0.6432938996612939,0.42087024043221116,0.39864057919390344,0.0,0.0,-0.047986972838513164
c42,n7,9.0,revue_declaration,1,1,9.0,echec,0.0,1.0,0.009183537837091428,0.6072872774516381,0.3361633068642369,0.7241701909760713,0.5498288453390958,0.6854966078318822,0.5522230593682392,0.7233936669502551,0.07101163994378579,0.07101163994378579,0.9581693223758379
c42,n8,16.0,revue_declaration,1,1,16.0,partiel,0.0,1.0,0.38632937456538863,0.2158679091370923,0.16973842420537613,0.23687899240381755,0.09115791186058633,0.1643642071527114,0.37602877242700344,0.5985048788212745,0.07101163994378579,0.07101163994378579,1.42104299846795
c42,n9,16.0,expedition_express,1,1,16.0,partiel,0.0,4.0,0.2188651639499705,0.6887854471958391,0.14292838589876747,0.37246932997861515,0.5666735877328284,0.28063276286799305,0.2842923136375672,0.5010666855597536,0.09287777229911215,0.09287777229911215,-0.6915985689495335
c42,n10,14.0,ne_rien_faire,1,1,14.0,partiel,0.0,2.0,0.2587739644435368,0.5118491163643287,0.7988007266236973,0.14290448122298216,0.32629912850809456,0.5310881585848839,0.27486371400827014,0.6194358154916482,0.0,0.0,-1.1769610923149538
c42,n11,13.0,ne_rien_faire,1,1,13.0,partiel,0.0,4.0,0.20541466578183237,0.31687923035857724,0.6203864413385748,0.8143193025545099,0.2903992215542608,0.7159614951208387,0.2853517585184085,0.7264291083391792,0.0,0.0,0.26559369211705086
c42,n12,9.0,replanifier_jalon,1,1,9.0,partiel,0.0,0.0,0.1142497320217519,0.04959751749647895,0.12497362204479806,0.23248327421743237,0.8648800931633047,0.49187119191125556,0.5429909293969887,0.9077304392456778,0.06948979284705413,0.06948979284705413,-1.2791490436268138
c42,n13,10.0,replanifier_jalon,1,1,10.0,partiel,0.0,2.0,0.5904044090859064,0.6575706533928765,0.2773286872056704,0.5016216224302337,0.6876402389512867,0.7008292236740093,0.5394233403127522,0.5310118472852591,0.08263442177277024,0.08263442177277024,0.4819046230362124
c42,n14,15.0,ne_rien_faire,1,1,15.0,partiel,0.0,2.0,0.2854627199758332,0.5863621623404103,0.04272085190143812,0.28117316003761583,0.5450580826362418,0.27900487119570266,0.6225133979792979,0.9840063589522919,0.0,0.0,0.3375794890934538
c42,n15,7.0,revue_declaration,1,0,7.0,en_cours,,0.0,0.11875133142681728,0.7761712669155088,0.8113448227378062,0.21084083714413246,0.8264475585050065,0.47174329435005147,0.7203761431969453,0.5145001332326017,0.07101163994378579,0.07101163994378579,-0.6597878563595064
c42,n16,9.0,ne_rien_faire,1,1,9.0,partiel,0.0,1.0,0.24000009252042376,0.09406294130804249,0.15502254477319014,0.24209772541829808,0.8445772197265844,0.6363771294933483,0.3254109704608582,0.7420462855977566,0.0,0.0,0.5546399252129177
c42,n17,16.0,ne_rien_faire,1,1,16.0,partiel,0.0,4.0,0.14612512831142302,0.08417585796367047,0.5516186839080006,0.300343776448177,0.30921782170364626,0.5905569327079643,0.605914416825495,0.47761379755633065,0.0,0.0,-0.8435490436936166
c42,n18,7.0,ne_rien_faire,1,1,7.0,resolu,1.0,4.0,0.5242272166010534,0.6229703907535732,0.8978648715085639,0.46849546431747097,0.15981151885981937,0.13031627663762457,0.7412050027822324,0.6496685997218555,0.0,0.0,0.6567223587349286
c42,n19,15.0,ne_rien_faire,1,1,15.0,partiel,0.0,4.0,0.6060383918261053,0.1834653963430689,0.5565407985145859,0.2940413046240056,0.4054585886566958,0.5401307665746444,0.32244484056932066,0.8909142727655982,0.0,0.0,0.0963459863300572
c42,n20,14.0,ne_rien_faire,1,1,14.0,resolu,1.0,1.0,0.22798410797987123,0.13880005623892674,0.5513751697652753,0.594487368509319,0.5663010233447062,0.6236156759675995,0.14217471696837047,0.6718346999569474,0.0,0.0,-0.893586130049369
c42,n21,6.0,ne_rien_faire,1,1,6.0,partiel,0.0,2.0,0.4002953700868572,0.28791095228158353,0.41186822403558765,0.25382305373892744,0.613648404689708,0.3111161474148743,0.1904808766679023,0.7775974251798098,0.0,0.0,-3.0471987013153683
c42,n22,4.0,expedition_express,1,0,4.0,en_cours,,2.0,0.05796090529742895,0.32665684660058425,0.7743244455556506,0.38376630542272605,0.7026014532930757,0.5091613267714665,0.5968105823283804,0.3147349016520342,0.09287777229911215,0.09287777229911215,0.42835856255299165
c42,n23,17.0,ne_rien_faire,1,1,17.0,echec,0.0,1.0,0.3068645770449244,0.36883599878426504,0.48492197275357946,0.4619141452994839,0.275745541759111,0.35745810360750324,0.1962674565828176,0.6769649965266169,0.0,0.0,-0.009180585456383894
c42,n24,12.0,ne_rien_faire,1,1,12.0,partiel,0.0,2.0,0.10762711079602758,0.6593158787376256,0.9438866862173361,0.08689261889385104,0.23781032253204581,0.528650168419116,0.1541087038956829,0.4292557151901609,0.0,0.0,-1.4357970745607866
c42,n25,10.0,ne_rien_faire,1,1,10.0,partiel,0.0,4.0,0.24986247110888046,0.09110388908307557,0.19122290676754344,0.3928211932678184,0.5419986914645651,0.4858215216244547,0.7586301060592814,0.17826873717406108,0.0,0.0,0.9497720410759899
c42,n26,17.0,replanifier_jalon,1,1,17.0,echec,0.0,1.0,0.1529389028957972,0.5487638434646915,0.11934410270329503,0.2779765737807509,0.14192329078694416,0.5658768090707689,0.9478927570197779,0.9690830526709957,0.11968501984040748,0.11968501984040748,1.595215605069659
c42,n27,14.0,expedition_express,1,1,14.0,partiel,0.0,3.0,0.0916335324360579,0.8193095593954953,0.3879636662832699,0.8734153540023109,0.49470305800223097,0.21046483828205217,0.6613359313960877,0.752224012708727,0.09287777229911215,0.09287777229911215,-0.5138902709152983
c42,n28,4.0,ne_rien_faire,1,1,4.0,partiel,0.0,0.0,0.2917034147148021,0.9469453531308244,0.5577584638916749,0.7393224628449251,0.6377104830646887,0.2201227734608186,0.32219573529864703,0.7192383577896672,0.0,0.0,-0.6435958956352945
c42,n29,16.0,replanifier_jalon,1,1,16.0,resolu,1.0,4.0,0.22912837605943648,0.6776946523414299,0.26036725095126717,0.8088779682884858,0.2372041984012838,0.9361734659026756,0.9117978418319009,0.8461040979171639,0.08263442177277024,0.08263442177277024,1.8646881331205525
c42,n30,16.0,ne_rien_faire,1,1,16.0,echec,0.0,1.0,0.16844347543546304,0.5167142347312529,0.9226087679501528,0.15051012337161815,0.30970418824770285,0.7267646729384125,0.21039335309182958,0.7793038102435338,0.0,0.0,0.19913570171040434
c42,n31,5.0,ne_rien_faire,1,1,5.0,echec,0.0,4.0,0.04897325085100909,0.4764014246327742,0.533406036184171,0.8669682022856533,0.5077480173438748,0.17412098539396187,0.27708734497406795,0.7992821924124418,0.0,0.0,-0.6196876074029737
c42,n32,8.0,expedition_express,1,0,8.0,en_cours,,2.0,0.06980656839058635,0.6329511197375955,0.4822733922445098,0.6564813191934991,0.6744564135814755,0.5065172891024383,0.7643527926066868,0.8026406826776002,0.09287777229911215,0.09287777229911215,-0.9365740222842545
c42,n33,7.0,promouvoir_arc_secours,1,1,7.0,partiel,0.0,1.0,0.03252619635973546,0.40976330652447474,0.9253809672835628,0.6677654687911698,0.2561133763675732,0.5050656221069837,0.5246799021474775,0.9458117496568271,0.07121226987735195,0.07121226987735195,0.434847331445194
c42,n34,9.0,boost_capacite,1,1,9.0,partiel,0.0,4.0,0.23439977485202657,0.4723200805747936,0.5096692871708518,0.721802125115093,0.32285288494261327,0.30005246386929263,0.8375190503904651,0.8995341961869555,0.053075940557296836,0.053075940557296836,0.2968642062336938
c42,n35,11.0,promouvoir_arc_secours,1,1,11.0,echec,0.0,3.0,0.3027646833718838,0.6739054072751376,0.10472398841722129,0.6863591346675048,0.8405900055929905,0.4590427305401272,0.4835004933235887,0.18450604850582814,0.06507160887649192,0.06507160887649192,-0.3362293171562485
c42,n36,3.0,ne_rien_faire,1,1,3.0,partiel,0.0,3.0,0.11544430831420767,0.42556409691536684,0.6580758041100669,0.4525588186828257,0.4860341725774621,0.664540625070472,0.43273643451464466,0.24049992589997196,0.0,0.0,0.2762437179505669
c42,n37,1.0,ne_rien_faire,1,1,1.0,partiel,0.0,4.0,0.06680204892328372,0.5458395916449524,0.28060988923061275,0.45447732953557374,0.3331635218390332,0.7922713477201943,0.09532976443215965,0.3241785661712329,0.0,0.0,-1.473334528927488
c42,n38,2.0,ne_rien_faire,1,1,2.0,partiel,0.0,3.0,0.2795902619562477,0.3603079103464677,0.5818954063945139,0.1688699419137523,0.19333491311037332,0.5177321976700926,0.3516742859670928,0.8854467907636118,0.0,0.0,-0.9666195420310839
c42,n39,6.0,ne_rien_faire,1,1,6.0,echec,0.0,0.0,0.2608557633381502,0.2354669867867387,0.4165213600962634,0.320224948494363,0.6892148522438056,0.5955841695178108,0.706999680673634,0.6969992160955314,0.0,0.0,0.6759163267402817
c42,n40,11.0,ne_rien_faire,1,1,11.0,resolu,1.0,3.0,0.03665808086842711,0.36822509138522674,0.6055510318784794,0.4379761161238412,0.4109014269068185,0.18251253302562745,0.9538429293083708,0.8922311475071565,0.0,0.0,-0.7945808798807311
c42,n41,16.0,ne_rien_faire,1,1,16.0,partiel,0.0,1.0,0.05260394700514756,0.5007688731463009,0.7685711448231115,0.31669311119157406,0.24465149744436912,0.4094005637377278,0.7851925190872846,0.621539010359053,0.0,0.0,-1.0785501505226376
c42,n42,16.0,ne_rien_faire,1,1,16.0,partiel,0.0,0.0,0.48792371411215585,0.14847648958679943,0.7738022097537172,0.6836351361305704,0.14352377978044947,0.5637483038022061,0.39111755083526906,0.9779825832110403,0.0,0.0,-0.791954756824722
c42,n43,0.0,ne_rien_faire,1,1,0.0,resolu,1.0,2.0,0.5507257474273595,0.5048371564496924,0.5600592444424042,0.5540687366061302,0.7159726253948205,0.28748879671929745,0.5296745263504049,0.5822351881768004,0.0,0.0,-0.7411134720560902
c42,n44,2.0,ne_rien_faire,1,1,2.0,partiel,0.0,1.0,0.25851486157158854,0.6636263432818073,0.9172760978403103,0.31542888256551505,0.23435076460945958,0.21982609826760235,0.25501920012527174,0.3886838584467171,0.0,0.0,-2.019533756117532
c42,n45,8.0,ne_rien_faire,1,1,8.0,partiel,0.0,2.0,0.13222148916106075,0.14379279272664988,0.6347016613710581,0.3676349716354911,0.40933534596594906,0.4765751719312948,0.8962004407023771,0.5530850340579622,0.0,0.0,-0.888252148821022
c42,n46,8.0,ne_rien_faire,1,1,8.0,echec,0.0,4.0,0.04620102689861425,0.39512046111648697,0.30550336844798354,0.7401701111757898,0.5198487050676781,0.4355781526825649,0.28064564428976346,0.888110597598091,0.0,0.0,-1.268404695027884
c42,n47,5.0,ne_rien_faire,1,1,5.0,partiel,0.0,2.0,0.4648434155369284,0.8359719178383191,0.8976448773622064,0.21293918604512424,0.4915899847436893,0.6562666498777782,0.25967915106515743,0.457677350916817,0.0,0.0,-0.16332141401543315
c42,n48,7.0,ne_rien_faire,1,1,7.0,partiel,0.0,2.0,0.12889767619813033,0.005895414244615494,0.4146139695737925,0.5648179967894551,0.6304491856372944,0.5392189035861706,0.6490452003304144,0.2777099375814554,0.0,0.0,-0.578871347104101
c42,n49,2.0,ne_rien_faire,1,1,2.0,partiel,0.0,2.0,0.109664187313963,0.15119638143369535,0.5337083116894976,0.4479614512930982,0.8066499605853471,0.3105615470057072,0.2881389086914124,0.7378169207013153,0.0,0.0,-0.1275740228878307
c42,n0,7.0,ne_rien_faire,1,1,7.0,partiel,0.0,2.0,0.31625650840469094,0.06569176115894997,0.37606163736877407,0.7378867315903531,0.18090090283800023,0.6222693526956542,0.5769295315940275,0.6340130480974702,0.0,0.0,0.9885705489364813
c42,n1,8.0,replanifier_jalon,1,1,8.0,resolu,1.0,2.0,0.09039425788619548,0.5248268303124145,0.140706965867788,0.633802905355282,0.7575437402801958,0.47069482143415403,0.28833845366913496,0.8693440207107921,0.19,0.19,-0.20540762385732347
c42,n2,12.0,promouvoir_arc_secours,1,1,12.0,resolu,1.0,0.0,0.5721286795670858,0.16695987674664367,0.9169414718501003,0.45013938692842176,0.21275816199728612,0.8700103639017434,0.44714691968629594,0.7819158577139383,0.09375668266232669,0.09375668266232669,2.0416299127014654
c42,n3,0.0,ne_rien_faire,1,1,0.0,partiel,0.0,0.0,0.07242345859353003,0.4182013873189482,0.29357070088222365,0.9135194166610607,0.5195630970977615,0.24620864654342758,0.4190810410569247,0.7440932983818773,0.0,0.0,-0.11595864302696113
c42,n4,2.0,expedition_express,1,0,2.0,en_cours,,4.0,0.595961021440666,0.27106741360521763,0.8087105496341891,0.18723870366586948,0.5275724580098407,0.6051091269896892,0.11279952299374765,0.8158389220528541,0.09287777229911215,0.09287777229911215,-0.10119654362478121
c42,n5,7.0,ne_rien_faire,1,1,7.0,echec,0.0,2.0,0.5481526355471822,0.5867449217060746,0.254721469439127,0.4644395182259019,0.037853189764534376,0.778714856355402,0.13926389411681303,0.5646596959266571,0.0,0.0,0.20725378288449184
c42,n6,6.0,ne_rien_faire,1,1,6.0,echec,0.0,2.0,0.17748114645632732,0.4133480230167805,0.6104042363339898,0.22531635038781708,0.7321995146302785,0.3053642343035972,0.20353267172644593,0.7724657026501812,0.0,0.0,-1.048531561671819
c42,n7,2.0,ne_rien_faire,1,1,2.0,partiel,0.0,2.0,0.2060458468370771,0.26898732716387885,0.8837722926029001,0.19168740902401465,0.235447344004986,0.6535236523450102,0.7421233467270018,0.23164659852222744,0.0,0.0,1.7904980659945018
c42,n8,11.0,ne_rien_faire,1,1,11.0,resolu,1.0,1.0,0.2118027561167477,0.07653777336279956,0.7089600423518115,0.7723565788947638,0.6347691778957177,0.4983806596049045,0.7038438443549844,0.4266243581989658,0.0,0.0,0.5709175353318596
c42,n9,13.0,ne_rien_faire,1,1,13.0,resolu,1.0,0.0,0.46132584471589183,0.46038684368056826,0.11851749507337993,0.9116819087632333,0.9079441439490057,0.40247075588168973,0.25876385476994135,0.8338697809557389,0.0,0.0,-0.8434922012247388
c42,n10,9.0,ne_rien_faire,1,1,9.0,resolu,1.0,1.0,0.09660387638714008,0.2471128005832921,0.28636373671533094,0.2743725518133731,0.592798924133653,0.2127546712698118,0.1903389360941323,0.9446210909139638,0.0,0.0,-2.4370703681948216
c42,n11,0.0,boost_capacite,1,1,0.0,partiel,0.0,2.0,0.31158804663156203,0.32664451706761777,0.8618874458397641,0.5585221322686588,0.8307759479716479,0.52457977449333,0.7179359475802879,0.8009660975817744,0.053075940557296836,0.053075940557296836,1.387566310451509
c42,n12,15.0,ne_rien_faire,1,1,15.0,partiel,0.0,4.0,0.32671198878481406,0.1840763827626317,0.23008605062529186,0.6921583711120073,0.11392029755791167,0.1304629253287138,0.308583393768421,0.6919951740033434,0.0,0.0,-0.1714517243283218
c42,n13,13.0,replanifier_jalon,1,1,13.0,echec,0.0,4.0,0.23917195008814635,0.7770125486621912,0.41163919006748195,0.37077631457251115,0.629806592283984,0.6314347626735579,0.36837236986761346,0.21915158154007114,0.08263442177277024,0.08263442177277024,1.0652180384850574
c42,n14,1.0,revue_declaration,1,1,1.0,resolu,1.0,4.0,0.22568805049184051,0.07850894715469484,0.5072788053890207,0.457252053793055,0.46204692353528043,0.46461152512509857,0.507673828067761,0.6037438329476571,0.05249761951415173,0.05249761951415173,-0.02909772081148452
c42,n15,14.0,ne_rien_faire,1,1,14.0,partiel,0.0,1.0,0.24440450525500726,0.3032960978101429,0.6870467193505059,0.46501666269128183,0.2544377628182543,0.31501064370421555,0.23559114160731925,0.8507027151073233,0.0,0.0,-1.287271413496396
c42,n16,1.0,ne_rien_faire,1,1,1.0,resolu,1.0,4.0,0.35838667872459856,0.4849107687300454,0.5161778352951305,0.5542889712062717,0.6788584993455157,0.33377101591072655,0.6558606304582663,0.8092185064420192,0.0,0.0,0.027483437010480977
c42,n17,1.0,replanifier_jalon,1,1,1.0,echec,0.0,0.0,0.43836619098779817,0.7365115682621693,0.7167944297633156,0.3817585091589784,0.3566808037324117,0.27528530422947434,0.06835645837706775,0.9888901126063588,0.06948979284705413,0.06948979284705413,0.8884128862535542
c42,n18,3.0,revue_declaration,1,1,3.0,echec,0.0,4.0,0.13324546952938304,0.9075304290510204,0.7309820764802143,0.4505249123114347,0.9407636431959904,0.30612649067846737,0.44740767788410724,0.6270967562602013,0.05249761951415173,0.05249761951415173,-1.0604437266847095
c42,n19,7.0,replanifier_jalon,1,1,7.0,echec,0.0,3.0,0.024095335314172243,0.5098823345481135,0.23626842977731008,0.3106501870288818,0.793658359872862,0.9454366191298965,0.5261146262415792,0.608001500457492,0.08263442177277024,0.08263442177277024,0.4403263209940025
c42,n20,11.0,replanifier_jalon,1,1,11.0,partiel,0.0,0.0,0.20165602690329548,0.35379833743062367,0.08951763201470285,0.4550049195273249,0.22761204201319105,0.1860909194140358,0.6789605667191746,0.8418226691120636,0.11280496606787029,0.11280496606787029,-0.4313715421825197
c42,n21,5.0,revue_declaration,1,1,5.0,partiel,0.0,4.0,0.24608829111999342,0.1394031762699508,0.38323107436020615,0.37787625194753144,0.605798167300526,0.7002387851851744,0.902302410105422,0.9714882147569744,0.19,0.19,0.8535326565492181
c42,n22,0.0,boost_capacite,1,0,0.0,en_cours,,3.0,0.26368720100717796,0.23612868065416273,0.43701349232159725,0.4944449865517356,0.8725509016127053,0.424868098539892,0.3400325887899381,0.8603436340917554,0.053075940557296836,0.053075940557296836,0.4525252603487994
c42,n23,8.0,ne_rien_faire,1,1,8.0,resolu,1.0,0.0,0.3286423079472834,0.6670566280420317,0.15843216269627758,0.5387374317439058,0.5284487470554491,0.3789659500528041,0.32801015955402174,0.26024540154701264,0.0,0.0,-1.3730004760320225
c42,n24,9.0,ne_rien_faire,1,1,9.0,partiel,0.0,4.0,0.0714605925367293,0.20842864778873577,0.45190223013099606,0.3139960040412275,0.5321659979084498,0.4738800795146527,0.31916153851501067,0.4710568199362069,0.0,0.0,-1.3336788920139155
c42,n25,16.0,ne_rien_faire,1,1,16.0,resolu,1.0,1.0,0.09444841949079162,0.1305131174983437,0.041210073301904376,0.7181387145996455,0.9657100306690044,0.3682542239839903,0.33388679777180896,0.7218658177053375,0.0,0.0,-0.22122677130486845
c42,n26,1.0,ne_rien_faire,1,1,1.0,resolu,1.0,0.0,0.13883277076606337,0.1806921785056952,0.3235247420200457,0.19023384781918953,0.1667642635343468,0.08373340362879743,0.8512954810418643,0.5347394089592296,0.0,0.0,0.3449062298876284
c42,n27,15.0,ne_rien_faire,1,1,15.0,partiel,0.0,3.0,0.27823677313047035,0.183815361218965,0.5430179292581958,0.35901410357246294,0.5856258845554188,0.9254846562651577,0.8935859098973722,0.7589717036301575,0.0,0.0,0.5349520932100453
c42,n28,9.0,ne_rien_faire,1,1,9.0,resolu,1.0,4.0,0.2163025595165887,0.5729440344250993,0.3148235167840812,0.5693739110920478,0.18128335208740204,0.44549716409022216,0.7461166368482852,0.931654314464108,0.0,0.0,-0.2567735855118824
c42,n29,8.0,ne_rien_faire,1,1,8.0,partiel,0.0,3.0,0.31318962086333346,0.3241024088061877,0.5160704748173249,0.7012981600272856,0.36612750379698,0.38603509450764617,0.7284743243935254,0.17892896512330303,0.0,0.0,0.8988661885909925
c42,n30,1.0,replanifier_jalon,1,1,1.0,partiel,0.0,2.0,0.598519874780172,0.20366958810687577,0.24591470165055335,0.3970783793579388,0.19042034498710517,0.38351301612513583,0.348783824736979,0.9649034393561042,0.06732604454191315,0.06732604454191315,-0.15723830767424274
c42,n31,3.0,ne_rien_faire,1,1,3.0,resolu,1.0,1.0,0.6211696311960099,0.22696923034113586,0.5494315406886834,0.6958077935749717,0.49520550845253547,0.7446289866630501,0.46937703091197774,0.9030809929597148,0.0,0.0,0.6733722019807326
c42,n32,6.0,ne_rien_faire,1,1,6.0,resolu,1.0,0.0,0.10243544877018709,0.6524459909664507,0.34193974837892127,0.4276225217100539,0.4275344349412587,0.4105727886490343,0.10825177886731152,0.917880497906736,0.0,0.0,-1.0005763539193635
c42,n33,0.0,revue_declaration,1,1,0.0,partiel,0.0,4.0,0.3508426138457979,0.21825101226611132,0.29529270763259513,0.5258233485432624,0.30870963838198595,0.6061410697181571,0.1899257756862224,0.9839972502250315,0.19,0.19,0.32288438459980523
c42,n34,7.0,ne_rien_faire,1,1,7.0,partiel,0.0,2.0,0.11106518513488144,0.1161429986883401,0.1701521516044788,0.8598221067873643,0.23569367241108982,0.797709928808923,0.8225441460260268,0.6292109366277626,0.0,0.0,0.3856997573924901
c42,n35,5.0,ne_rien_faire,1,1,5.0,partiel,0.0,1.0,0.5505635358936342,0.5450583791852016,0.22228950334568306,0.2676387873202131,0.45289944119202025,0.48989359576462227,0.27537041509148874,0.852188115541925,0.0,0.0,-1.310041679919021
c42,n36,15.0,expedition_express,1,1,15.0,partiel,0.0,0.0,0.21874865757236092,0.3402226043722913,0.14614351644423215,0.4901833281393496,0.7331561346554936,0.5795933783441917,0.6726323791800031,0.8783186367978493,0.18,0.18,-0.6444007081126668
c42,n37,9.0,ne_rien_faire,1,1,9.0,echec,0.0,3.0,0.5744673505530912,0.5890530354682462,0.2790102617440741,0.2550438012770265,0.4348958217176697,0.8684770933633351,0.21240572446891226,0.997204068220443,0.0,0.0,-0.11765687917268608
c42,n38,3.0,ne_rien_faire,1,1,3.0,partiel,0.0,4.0,0.32695081772982043,0.8380681748237557,0.3724746376566313,0.2467430675672879,0.4774199658941178,0.12927639400365953,0.3366470665369752,0.6910965083239748,0.0,0.0,1.2484451222010553
c42,n39,15.0,revue_declaration,1,1,15.0,echec,0.0,4.0,0.194350346162673,0.8234183354320396,0.5293719669097912,0.23846585170254628,0.6039026347808718,0.6414025904741258,0.37009841334283466,0.8575362137703727,0.08598823526196597,0.08598823526196597,-0.17880409269611008
c42,n40,3.0,boost_capacite,1,1,3.0,partiel,0.0,2.0,0.15028340420494074,0.178294860911361,0.2854810902388912,0.28182772105391846,0.5114192597341213,0.7598042984788321,0.5813487575041447,0.884148694874678,0.09404583781437073,0.09404583781437073,-0.6678713072850605
c42,n41,2.0,ne_rien_faire,1,1,2.0,echec,0.0,4.0,0.23704329373265112,0.85409701134297,0.31736386634345637,0.24705776754813627,0.18480190896596727,0.6910855141447894,0.8868947961302915,0.9900724874594118,0.0,0.0,-0.40080380841272345
c42,n42,17.0,ne_rien_faire,1,1,17.0,resolu,1.0,2.0,0.13628594090455987,0.5397461788146116,0.579242196810141,0.4725408574791008,0.5407521009228861,0.4934696772101419,0.2856935345004701,0.8017350895064828,0.0,0.0,0.13401615752624607
c42,n43,4.0,ne_rien_faire,1,1,4.0,partiel,0.0,4.0,0.07536859723676813,0.5128937572329663,0.6261503513674966,0.24922204649811888,0.579975610572753,0.8384298583636244,0.7595582243261058,0.8345200662656251,0.0,0.0,-1.3022032919395876
c42,n44,17.0,revue_declaration,1,1,17.0,resolu,1.0,3.0,0.6082556059827479,0.5618313643715346,0.4242250169880871,0.7666748304867204,0.4357859917737343,0.598691209612589,0.24189128602108984,0.23806346689034924,0.05249761951415173,0.05249761951415173,-0.0301105426416301
c42,n45,11.0,replanifier_jalon,1,1,11.0,resolu,1.0,1.0,0.12132204373682749,0.6352970180086893,0.39777396804262644,0.6883014810230819,0.7414351185783125,0.8528617124788682,0.6274369307317061,0.6144181822643294,0.05036857131959023,0.05036857131959023,0.3873971433588135
c42,n46,14.0,promouvoir_arc_secours,1,1,14.0,echec,0.0,0.0,0.1735431871133067,0.5343099063779495,0.14136855613294502,0.5520854001222565,0.39977765517931674,0.5545800028786664,0.5712986991271513,0.27692132049267804,0.11114874117773832,0.11114874117773832,1.3215771250369703
c42,n47,3.0,ne_rien_faire,1,1,3.0,echec,0.0,3.0,0.28348541537997135,0.342376374797382,0.29781082684893806,0.4030183567646981,0.6104075997356564,0.2396690483020601,0.46399587809667864,0.6874125742892723,0.0,0.0,-0.24809839212828128
c42,n48,13.0,boost_capacite,1,1,13.0,resolu,1.0,2.0,0.12013743739915964,0.3408165419158429,0.48329497856689463,0.11612384617685562,0.7113786425275056,0.6629473255474817,0.3987023527947409,0.5202437877944793,0.053075940557296836,0.053075940557296836,0.0009216242783645079
c42,n49,7.0,ne_rien_faire,1,1,7.0,resolu,1.0,1.0,0.09501549596682182,0.4716611317221055,0.5427469706601291,0.3282576227663529,0.6829217945213173,0.6116968671007821,0.37146075049099386,0.12170714944329139,0.0,0.0,-0.3672076283491914
c42,n0,10.0,boost_capacite,1,1,10.0,partiel,0.0,0.0,0.29161946187002646,0.6352098992456767,0.8578776992375948,0.19193032405666727,0.5180271898339383,0.8213453873958777,0.4912928391525375,0.7712647763772713,0.06576450329934143,0.06576450329934143,1.5119911073144692
c42,n1,17.0,ne_rien_faire,1,1,17.0,partiel,0.0,1.0,0.23097505586690112,0.29307670182571643,0.7781821194401979,0.4682137131912111,0.4871446150820544,0.11517699763657191,0.26598275575254454,0.5869481636482051,0.0,0.0,-1.2821997224244046
c42,n2,2.0,expedition_express,1,1,2.0,resolu,1.0,4.0,0.7237251712220715,0.7439441249378954,0.6265126561312487,0.37858633264271274,0.46414225948548543,0.6237301991547165,0.40922932711812193,0.5604295969917643,0.09287777229911215,0.09287777229911215,0.9440495384374723
c42,n3,13.0,ne_rien_faire,1,1,13.0,echec,0.0,1.0,0.33696110453422995,0.6373266005493863,0.2446598289655454,0.6356309056765529,0.4328132287325293,0.3935780877445625,0.4207073588541696,0.6430133412473094,0.0,0.0,1.0719094594759446
c42,n4,3.0,boost_capacite,1,1,3.0,resolu,1.0,0.0,0.10240095669438681,0.40240420051423065,0.13712602403651875,0.5788535420807146,0.8180309165215409,0.2877240824624824,0.6985009104745608,0.7232617158848088,0.06576450329934143,0.06576450329934143,-0.010148110308455194
c42,n5,13.0,ne_rien_faire,1,1,13.0,resolu,1.0,1.0,0.0320058264655457,0.41356994505988887,0.31690734305939255,0.1281199823003817,0.28323300750965863,0.4920944369615348,0.7623609314560704,0.3083893732278379,0.0,0.0,0.6915886537624463
c42,n6,17.0,revue_declaration,1,0,17.0,en_cours,,4.0,0.6576277848623912,0.5609702172774649,0.16053158612633228,0.41185436905970063,0.0814444725557462,0.1460150355034852,0.6651769032952025,0.9156439236057738,0.09844224846172875,0.09844224846172875,0.5066601834198944
c42,n7,13.0,ne_rien_faire,1,1,13.0,partiel,0.0,4.0,0.453138604231952,0.33036176423770414,0.1669795831293019,0.2607815088699894,0.4566417149841132,0.33521360511920273,0.7346972368366533,0.6583488690976168,0.0,0.0,0.5745029045379856
c42,n8,14.0,ne_rien_faire,1,1,14.0,resolu,1.0,1.0,0.24583870701136304,0.3888115729671791,0.3265928922561421,0.8476978281222596,0.43366585401963,0.2003672808918184,0.38058968560157047,0.8951394090972834,0.0,0.0,-0.8925443824721981
c42,n9,6.0,ne_rien_faire,1,1,6.0,echec,0.0,3.0,0.6890331234560323,0.12611708720137296,0.803717507048457,0.27768489652685263,0.38311083950548724,0.4205416664738806,0.5567362477209494,0.9522381994075688,0.0,0.0,-0.2869000122027553
c42,n10,4.0,ne_rien_faire,1,1,4.0,partiel,0.0,1.0,0.15616131905485284,0.22378734890342608,0.6923583664292822,0.44736928052781416,0.026891799269619952,0.7252250486032366,0.4196770833003212,0.3075936570637177,0.0,0.0,-1.0867062290689187
c42,n11,0.0,ne_rien_faire,1,1,0.0,partiel,0.0,0.0,0.2960961092691844,0.42674337415452057,0.528484389549927,0.37472851858651024,0.538929731509027,0.14443012559115628,0.5955368236368416,0.2983439978024895,0.0,0.0,-0.520741070876888
c42,n12,17.0,ne_rien_faire,1,1,17.0,echec,0.0,0.0,0.2424715141285095,0.5131779863970508,0.8637285644869866,0.9139717247822211,0.4507303139972724,0.33730213410172555,0.3206195871467606,0.4646997510108176,0.0,0.0,-1.8418379408147452
c42,n13,11.0,ne_rien_faire,1,1,11.0,partiel,0.0,1.0,0.16727313745873534,0.4158171283828574,0.37085810986335654,0.6460592776767707,0.44818199413056964,0.20298416500872082,0.9302513688985604,0.5448225250650551,0.0,0.0,1.2644843382892632
c42,n14,5.0,boost_capacite,1,1,5.0,partiel,0.0,1.0,0.0414969956920913,0.20962047749770607,0.7347964203258835,0.7078750203514768,0.9774635431835269,0.560212948604107,0.9882902356583753,0.983803147460102,0.08115534141178526,0.08115534141178526,0.42056085727129794
c42,n15,13.0,ne_rien_faire,1,1,13.0,partiel,0.0,4.0,0.2830781125947718,0.31243486992542757,0.8779357311096285,0.39369893941087825,0.41716756454366377,0.549473186242917,0.9038595556592471,0.3825635645903983,0.0,0.0,1.7761677337855857
c42,n16,5.0,ne_rien_faire,1,1,5.0,echec,0.0,3.0,0.17720105648624607,0.6034835355375568,0.24444923932668575,0.3191231475400088,0.5151876218908155,0.24423198613811398,0.58006275191825,0.739290690886824,0.0,0.0,-1.4235980749171373
c42,n17,13.0,boost_capacite,1,1,13.0,resolu,1.0,0.0,0.14242239421158062,0.5435079370877887,0.8160577947491763,0.2403940702119272,0.3253339236530538,0.4645467880699788,0.5443972177425761,0.9740315008689967,0.08115534141178526,0.08115534141178526,-0.5072432912395913
c42,n18,13.0,ne_rien_faire,1,1,13.0,echec,0.0,3.0,0.08276280998539112,0.3485805628889207,0.6111423792103085,0.2758035372313462,0.5660601405725748,0.7130241557003534,0.5727490909448425,0.8043373649258133,0.0,0.0,-0.4488902103312118
c42,n19,5.0,ne_rien_faire,1,1,5.0,partiel,0.0,2.0,0.09003737291704508,0.5373693921451805,0.07203014212810589,0.4557957220287854,0.3755712700540767,0.6954431629453155,0.42064947581557044,0.5732681538122315,0.0,0.0,-1.0243594307015853
c42,n20,4.0,expedition_express,1,1,4.0,partiel,0.0,2.0,0.04749215778867386,0.5219987747274636,0.3201964645958454,0.26910379094165543,0.7985983756402157,0.12541557121815122,0.5847521596430895,0.6732343866840753,0.09287777229911215,0.09287777229911215,-0.8233816145229897
c42,n21,12.0,expedition_express,1,1,12.0,resolu,1.0,4.0,0.7540875356692484,0.49685603527917876,0.7628429407300862,0.5784429454253415,0.3406404751754602,0.4790078425209146,0.43429070406953996,0.23690795610559948,0.09287777229911215,0.09287777229911215,1.7694438396784435
c42,n22,2.0,boost_capacite,1,0,2.0,en_cours,,3.0,0.6150315931947044,0.19072346694467215,0.3923730144496989,0.6398796105343947,0.2052118916245667,0.6913602502409966,0.2401651168395638,0.9390867192371505,0.10810334108612218,0.10810334108612218,-0.43175036710283515
c42,n23,12.0,ne_rien_faire,1,1,12.0,partiel,0.0,1.0,0.0817715155645648,0.5760929089492675,0.0642494213383971,0.5555447473545925,0.8903623138727388,0.05622651937026773,0.26910687103070374,0.5889319687875814,0.0,0.0,-0.4677488610561962
c42,n24,14.0,expedition_express,1,0,14.0,en_cours,,3.0,0.5464057509912705,0.16134089866300536,0.6142660139817778,0.6867923588546695,0.5503733157871328,0.7978952133594679,0.8474635983009164,0.7092163582506512,0.19999999999999998,0.19999999999999998,2.49336903343033
c42,n25,12.0,ne_rien_faire,1,1,12.0,resolu,1.0,4.0,0.2460609529899999,0.04701636582484145,0.2061771852680352,0.4362301027747378,0.32967078651669207,0.8708464190169155,0.45969565655284805,0.7659350527800524,0.0,0.0,0.17811406753992598
c42,n26,5.0,promouvoir_arc_secours,1,1,5.0,echec,0.0,0.0,0.36192794748094465,0.2634087285867214,0.12613419175477542,0.9360598584613732,0.7677565579570568,0.22034281215620483,0.4301401959087479,0.9461824823281935,0.07121226987735195,0.07121226987735195,0.740363435875794
c42,n27,14.0,replanifier_jalon,1,1,14.0,partiel,0.0,3.0,0.38954173585812457,0.7712542429250729,0.7729723571069864,0.16607744911823633,0.4015393918697516,0.1893459357327733,0.7745140610213894,0.7617050175624214,0.19,0.19,1.0775326127650025
c42,n28,12.0,ne_rien_faire,1,1,12.0,resolu,1.0,3.0,0.1855989655382847,0.3362090862818337,0.15923554933247452,0.7123161300905498,0.46227864393665574,0.5644011720507713,0.11474786900414453,0.550345635396057,0.0,0.0,-0.364960322075907
c42,n29,5.0,boost_capacite,1,1,5.0,partiel,0.0,3.0,0.4357135736625056,0.3790255104155301,0.8889163989353254,0.5059898615734253,0.2290148016045069,0.3100689178971372,0.4904843884106811,0.8332851009110837,0.053075940557296836,0.053075940557296836,-0.24397301573561242
c42,n30,11.0,ne_rien_faire,1,1,11.0,partiel,0.0,2.0,0.060154219662752945,0.3281177483312272,0.46560164692721046,0.413155657359699,0.4208268779170153,0.20746825222329315,0.6301463099812402,0.49325348346536657,0.0,0.0,-0.8825309593273656
c42,n31,0.0,ne_rien_faire,1,1,0.0,resolu,1.0,4.0,0.4659190138774451,0.29308895024602744,0.36220503272347676,0.685285053128791,0.274660597189366,0.4873202456261898,0.003426876270028813,0.17307437941647327,0.0,0.0,-1.3854771840349924
c42,n32,7.0,expedition_express,1,1,7.0,partiel,0.0,4.0,0.2767353715493913,0.31128766022419035,0.3900892550441357,0.560844547511143,0.09368635563436942,0.3515053495059727,0.8637065606511091,0.8662737779233787,0.09287777229911215,0.09287777229911215,1.6148486160593172
c42,n33,8.0,ne_rien_faire,1,1,8.0,resolu,1.0,1.0,0.09841176133143889,0.32062634327018613,0.44321099596427976,0.22867471731060543,0.34560390707558075,0.213655469538467,0.6817707900569913,0.9007145219348233,0.0,0.0,0.5483588113205722
c42,n34,9.0,ne_rien_faire,1,1,9.0,resolu,1.0,0.0,0.3547798270661941,0.3690847324858885,0.5391859405981015,0.5845178089962876,0.48339817870877116,0.17807108460427182,0.9318103933441693,0.10392896297197884,0.0,0.0,0.87353808749074
c42,n35,10.0,ne_rien_faire,1,1,10.0,partiel,0.0,1.0,0.009010492958207132,0.08659294403290728,0.15647118077048372,0.6145521063229975,0.5877857654169594,0.28162372932713314,0.6331386299338042,0.6174862265769058,0.0,0.0,-1.2805963788179557
c42,n36,5.0,ne_rien_faire,1,1,5.0,partiel,0.0,3.0,0.3803439390535276,0.13327182680407815,0.7336236598430688,0.846111730705143,0.5253517996411007,0.6510981384352835,0.2283355495959293,0.5928007989748485,0.0,0.0,0.3541817433946497
c42,n37,15.0,ne_rien_faire,1,1,15.0,partiel,0.0,2.0,0.46698017308163503,0.24290025508704996,0.1548336497849035,0.690479223603387,0.5127575478442223,0.1628040223384078,0.9057787974153182,0.5531044780745942,0.0,0.0,0.2261820493061072
c42,n38,7.0,ne_rien_faire,1,1,7.0,partiel,0.0,2.0,0.2661198023949681,0.45703102014401636,0.4876181032656571,0.7724405219028057,0.1477013564705859,0.12049133711104802,0.05600799428039659,0.4418633725637905,0.0,0.0,-0.24793618983601995
c42,n39,0.0,ne_rien_faire,1,1,0.0,partiel,0.0,4.0,0.40298054452865767,0.3328286679855336,0.21348581857391666,0.7349236841445823,0.21331229226731385,0.5197546803397205,0.2421628831015987,0.7807737002829682,0.0,0.0,0.17705909763532698
c42,n40,10.0,ne_rien_faire,1,1,10.0,partiel,0.0,3.0,0.5482008413417132,0.3908772841903135,0.0778800312119645,0.6436160762742036,0.40073178766739403,0.7267839536204636,0.089979528011082,0.3154361653222779,0.0,0.0,-0.4853332606353153
c42,n41,1.0,ne_rien_faire,1,1,1.0,echec,0.0,3.0,0.3684407531909394,0.4823408418488953,0.13212347851872544,0.45863889729078466,0.20263764258691228,0.3710204736605794,0.21266997370588622,0.9689810400926592,0.0,0.0,-0.24140112775379663
c42,n42,3.0,ne_rien_faire,1,1,3.0,partiel,0.0,3.0,0.19407847281448362,0.15669469251883192,0.8243783728521753,0.21828053242678472,0.2940123520926881,0.48996240909189437,0.6232705804848736,0.7212973632072955,0.0,0.0,0.9025212138523927
c42,n43,2.0,ne_rien_faire,1,1,2.0,resolu,1.0,2.0,0.2665029886850434,0.15366285620562525,0.41611358585772235,0.5540877576224772,0.3181298610856686,0.7657868665961255,0.16724169344646803,0.8993657837005754,0.0,0.0,-0.5424432382568265
c42,n44,7.0,boost_capacite,1,1,7.0,echec,0.0,2.0,0.27328485957804705,0.5502126621354221,0.17297918466953616,0.371407788662205,0.5359668636664798,0.9064924460336145,0.2390974275371113,0.38789670065882836,0.09404583781437073,0.09404583781437073,2.0080097883807126
c42,n45,17.0,replanifier_jalon,1,0,17.0,en_cours,,3.0,0.062251337853442196,0.7105743402188975,0.42031594029801317,0.5550212225611977,0.8782442042307945,0.3442337530251528,0.6096747246307714,0.4978780159641948,0.19,0.19,-0.8633881215786161
c42,n46,16.0,expedition_express,1,1,16.0,partiel,0.0,2.0,0.5622551610662123,0.31749502187748596,0.3836412334836022,0.9716158680346904,0.5423943964754395,0.5527187118226112,0.49695598254523976,0.9991639721405117,0.050825581787975416,0.050825581787975416,1.3197673315409078
c42,n47,4.0,boost_capacite,1,0,4.0,en_cours,,4.0,0.3811152789482016,0.4726700220082156,0.317067479515981,0.16575958323395343,0.34273800789691594,0.7002065719510071,0.7984529742397337,0.987132218257299,0.10810334108612218,0.10810334108612218,0.4112647666307888
c42,n48,8.0,promouvoir_arc_secours,1,0,8.0,en_cours,,1.0,0.2730829570017972,0.6430733994063126,0.4074336416421036,0.7586839681871329,0.4344163314337087,0.8485708476937267,0.5163534117307531,0.6321249688279481,0.11114874117773832,0.11114874117773832,0.560953006431979
c42,n49,6.0,ne_rien_faire,1,1,6.0,echec,0.0,2.0,0.41551137588771037,0.6558075192756955,0.45618765583985954,0.5883115171387469,0.6087998686520875,0.26899227910580775,0.3272167108594131,0.44552256020935516,0.0,0.0,-1.2756234290142623
c42,n0,9.0,replanifier_jalon,1,1,9.0,echec,0.0,2.0,0.08871109596932865,0.5852115947335765,0.8172537495855816,0.4991129490881879,0.4855684468234437,0.6131797925511806,0.15639433154436955,0.9969416114306151,0.06732604454191315,0.06732604454191315,-1.7019981721109687
c42,n1,0.0,expedition_express,1,0,0.0,en_cours,,4.0,0.2706720153784497,0.27445090164893343,0.20095868996245292,0.7911214093788432,0.8569715124852181,0.28263687241405366,0.5528772120930642,0.9015654159660004,0.050825581787975416,0.050825581787975416,0.6316379337514222
c42,n2,6.0,expedition_express,1,1,6.0,resolu,1.0,4.0,0.11916437039307257,0.4600566433319161,0.6223698935083763,0.8085678439992754,0.17460784964962422,0.9452799126504023,0.26396253748620335,0.9675021982908731,0.05026139694364532,0.05026139694364532,0.4006584742445275
c42,n3,4.0,boost_capacite,1,0,4.0,en_cours,,0.0,0.39004023026025725,0.5186671381612666,0.3761023456475399,0.7638785664925962,0.25653347470344084,0.313162817919721,0.7250304454317626,0.8189784089323723,0.06576450329934143,0.06576450329934143,0.3119621138632817
c42,n4,1.0,revue_declaration,1,1,1.0,echec,0.0,1.0,0.09063980359892192,0.2741226756068432,0.7507310942938092,0.25275885071182275,0.7259223895326453,0.6209500214027831,0.9111133482601675,0.3817594422387496,0.07101163994378579,0.07101163994378579,0.7157170692345579
c42,n5,5.0,expedition_express,1,0,5.0,en_cours,,1.0,0.11568124019448078,0.1640366672954523,0.2088208594370787,0.6721103396939037,0.25782716956692175,0.5769224581105802,0.732538376038567,0.7224487968401843,0.18,0.18,-0.12907091986851782
c42,n6,9.0,ne_rien_faire,1,1,9.0,resolu,1.0,1.0,0.08995880429845347,0.30175457029933833,0.29672282323039484,0.41835603777887725,0.3955739561325621,0.23680377826314128,0.8488213224812289,0.6550511824771231,0.0,0.0,0.32808543679886326
c42,n7,12.0,ne_rien_faire,1,1,12.0,partiel,0.0,2.0,0.7145417147159403,0.7167340834960144,0.6878687910594539,0.7122216564349515,0.2203031588141138,0.4846033430705868,0.27862287838909483,0.9841100536383688,0.0,0.0,0.21228414054618605
c42,n8,13.0,ne_rien_faire,1,1,13.0,resolu,1.0,1.0,0.22517848340705765,0.17346225060235393,0.3422831337205529,0.4754835191599586,0.288393038953387,0.7542024646317075,0.6134872050854665,0.9258619026361555,0.0,0.0,0.8171706945134902
c42,n9,9.0,ne_rien_faire,1,1,9.0,resolu,1.0,3.0,0.5618285152204988,0.04581717756736096,0.16493237653471343,0.3259326480477401,0.420655872516568,0.8486712948337948,0.2457334435676943,0.9092932308540743,0.0,0.0,0.35261155083208723
c42,n10,2.0,ne_rien_faire,1,1,2.0,echec,0.0,3.0,0.1993268095258922,0.4835414120213009,0.2974216287650411,0.16962081057825154,0.5431449032096303,0.5982339988233789,0.3025262456487945,0.37239422496452573,0.0,0.0,0.1252516015590283
c42,n11,0.0,revue_declaration,1,1,0.0,echec,0.0,2.0,0.0617897954372333,0.38555102267373365,0.7114272673674398,0.34766724263874726,0.4533496864054859,0.6060536056428476,0.23744265814720683,0.843882764336982,0.05249761951415173,0.05249761951415173,-0.12387357318060854
c42,n12,7.0,ne_rien_faire,1,1,7.0,resolu,1.0,1.0,0.06635208731623393,0.22751645784983845,0.6393632235273959,0.27032144633947225,0.3087504799308963,0.518555853175498,0.32710018205506064,0.6339468015086125,0.0,0.0,-1.7075773832568029
c42,n13,9.0,boost_capacite,1,1,9.0,resolu,1.0,4.0,0.23352909352940965,0.4349084932844743,0.5240783737529826,0.44249855808568134,0.4962555801120893,0.541288861818783,0.7384982305561482,0.6232918868263148,0.09404583781437073,0.09404583781437073,1.307261459492481
c42,n14,10.0,ne_rien_faire,1,1,10.0,echec,0.0,4.0,0.45796816738013846,0.4170546354215318,0.1527079175248192,0.22224918082058062,0.5100359059602456,0.4132121839893456,0.7039202053310883,0.7665950861062792,0.0,0.0,-0.04588793972382876
c42,n15,10.0,expedition_express,1,0,10.0,en_cours,,4.0,0.6269784776752949,0.5975285265192013,0.08546770469984795,0.6404332106641627,0.3317777648288525,0.22295746714718853,0.5742381756486757,0.47733045413086655,0.09287777229911215,0.09287777229911215,0.35367501358902664
c42,n16,1.0,revue_declaration,1,1,1.0,partiel,0.0,4.0,0.3433996559253538,0.6749497120197021,0.8932626553248674,0.5221640465349526,0.9066311920426531,0.46276810652346007,0.9598951593430208,0.15242906459883007,0.05249761951415173,0.05249761951415173,1.5775497762406243
c42,n17,9.0,ne_rien_faire,1,1,9.0,partiel,0.0,3.0,0.5119307850811351,0.47122775707499087,0.3415398609832437,0.24164151551948676,0.1020742648467289,0.22980606764242675,0.060804144183794734,0.29321749463762237,0.0,0.0,-0.17638765367810805
c42,n18,10.0,ne_rien_faire,1,1,10.0,partiel,0.0,2.0,0.5183879577515622,0.8525533386965501,0.5687806807245649,0.1931686877800166,0.6130942393704366,0.2895173363264438,0.44171553511951595,0.8200052716600624,0.0,0.0,-1.4153389251983934
c42,n19,14.0,boost_capacite,1,1,14.0,echec,0.0,2.0,0.18006384355045357,0.8114436156614466,0.865590753018444,0.7857556043606025,0.4333774623903868,0.730917344520368,0.145042519977201,0.4588190911391467,0.053075940557296836,0.053075940557296836,-0.21520391875792932
c42,n20,8.0,revue_declaration,1,1,8.0,resolu,1.0,1.0,0.2750264164244532,0.6970507405991182,0.9485345257579519,0.5908847507165002,0.5952682526127373,0.14955232952030173,0.5674661545993206,0.39354978405381424,0.07101163994378579,0.07101163994378579,-0.25136261999764264
c42,n21,10.0,ne_rien_faire,1,1,10.0,resolu,1.0,0.0,0.260679441309785,0.19442485755200686,0.6787440939253938,0.6643135641853393,0.7756766037745944,0.3149918301628124,0.4644233045946082,0.40495422073474047,0.0,0.0,-0.9109925915800288
c42,n22,4.0,expedition_express,1,1,4.0,partiel,0.0,0.0,0.440953351088564,0.4368851730488969,0.5088480442467692,0.23544234888472573,0.5643539113011241,0.5219899182870129,0.37605142036470773,0.7355765682698904,0.18,0.18,-0.22936438290036307
c42,n23,15.0,boost_capacite,1,1,15.0,echec,0.0,1.0,0.37838181330562176,0.571837547622583,0.12082550320594573,0.7773016627722527,0.8856019358586303,0.5190913680998099,0.563348215183826,0.929631405552534,0.08115534141178526,0.08115534141178526,1.8472833727633915
c42,n24,10.0,promouvoir_arc_secours,1,1,10.0,partiel,0.0,3.0,0.3245444945274573,0.49394256311609164,0.5981013237176906,0.13636166240398048,0.778465823744519,0.8135705332899387,0.7488616165153599,0.6011789682647597,0.08604221741899593,0.08604221741899593,-0.2961190360215131
c42,n25,5.0,ne_rien_faire,1,1,5.0,partiel,0.0,3.0,0.19261841889206346,0.08764041575869566,0.4429901781007677,0.8247507133336623,0.1480136857122437,0.7223814824509833,0.9155232429887601,0.742972928433235,0.0,0.0,-0.3550913252427159
c42,n26,14.0,expedition_express,1,0,14.0,en_cours,,1.0,0.2936168133349082,0.7253298719582129,0.19168998395018672,0.4316900076033177,0.6879912737848746,0.5595922492430249,0.488488475536417,0.4745696933596924,0.18,0.18,0.29594169505251705
c42,n27,7.0,ne_rien_faire,1,1,7.0,partiel,0.0,1.0,0.41300191069709863,0.19729513833536189,0.3218325932080943,0.27423018823129947,0.541008550436236,0.3413487064401997,0.49499449479019864,0.44503158292880013,0.0,0.0,0.38334188691175863
c42,n28,1.0,ne_rien_faire,1,1,1.0,resolu,1.0,2.0,0.14903835704380505,0.2601366661770581,0.3441396836700843,0.6098197725514439,0.6990725004623525,0.15710293467139597,0.31937056234414213,0.32635892577039255,0.0,0.0,-1.6747289084962231
c42,n29,6.0,replanifier_jalon,1,1,6.0,partiel,0.0,2.0,0.2152661663573426,0.8425041823333375,0.3746494134792876,0.37253302475168154,0.6672096098482452,0.7972322101220483,0.6104469224174591,0.360365367775987,0.08263442177277024,0.08263442177277024,-0.1862469187948479
c42,n30,15.0,ne_rien_faire,1,1,15.0,partiel,0.0,2.0,0.23616487814235448,0.3675470773933147,0.7461927041347785,0.5193604248894513,0.33056406167030195,0.6639346058130933,0.522424835727673,0.589587888426913,0.0,0.0,0.050228600813273794
c42,n31,4.0,promouvoir_arc_secours,1,1,4.0,partiel,0.0,0.0,0.08924620422155323,0.44959899839570133,0.3292568287383649,0.9449935243010803,0.4987812262531198,0.19524726137249038,0.8487549218931395,0.48566336151215067,0.09375668266232669,0.09375668266232669,0.6013600455446472
c42,n32,5.0,ne_rien_faire,1,1,5.0,resolu,1.0,3.0,0.28976738248936923,0.4540448235372488,0.3614481054722219,0.6549564555238876,0.6798217764533485,0.8599638073556628,0.3070251776333823,0.6225104144961652,0.0,0.0,0.6241733881676592
c42,n33,10.0,expedition_express,1,1,10.0,echec,0.0,3.0,0.4889992132069739,0.20834531467558223,0.2988118952157054,0.4054954758886907,0.940532933446991,0.6064430031402634,0.4929396797323787,0.8611866505961671,0.09287777229911215,0.09287777229911215,0.8147480246336166
c42,n34,9.0,ne_rien_faire,1,1,9.0,partiel,0.0,3.0,0.13870648588329787,0.1839161823237361,0.12824742684584997,0.5570936847154242,0.4361260033200877,0.41535506973110486,0.8626369751217348,0.6592741874378499,0.0,0.0,-0.2390697609808634
c42,n35,9.0,ne_rien_faire,1,1,9.0,echec,0.0,4.0,0.2299322954691128,0.3641152556209178,0.700339156643573,0.3298440597849591,0.6314155605320251,0.3645976025750738,0.42059012844813987,0.992860070323218,0.0,0.0,-1.4764971386512489
c42,n36,1.0,ne_rien_faire,1,1,1.0,resolu,1.0,1.0,0.46306712360816016,0.4072316211271161,0.24048293829279288,0.5272071119731675,0.17189133707962354,0.4595981622813178,0.21693111721380023,0.714395356042012,0.0,0.0,-1.0557041343397857
c42,n37,8.0,promouvoir_arc_secours,1,1,8.0,resolu,1.0,4.0,0.5945584592547838,0.18843844256660133,0.5134926741471291,0.35653905779602296,0.17690005134303444,0.20280252436170487,0.48798651081389177,0.9896336316106374,0.0847811404775453,0.0847811404775453,-0.37447067794899547
c42,n38,6.0,ne_rien_faire,1,1,6.0,resolu,1.0,4.0,0.33364611615633977,0.12328231066423659,0.132585579975162,0.3184202262076628,0.46735620360737923,0.7560293087559585,0.8992833719368539,0.4552552010659007,0.0,0.0,0.24334153568530192
c42,n39,7.0,boost_capacite,1,1,7.0,resolu,1.0,4.0,0.06463881809231896,0.5177785091612511,0.249974964962182,0.4393231405824151,0.7740816196972369,0.6027451536083086,0.27145589110206575,0.9599913773549772,0.18,0.18,-1.0044737553777978
c42,n40,10.0,boost_capacite,1,0,10.0,en_cours,,0.0,0.21106245025318585,0.7056816424291131,0.5788415956828243,0.1611275479279238,0.22998142975809285,0.7347510500291156,0.5327402990683036,0.6239330853635455,0.19,0.19,-1.7739702996284858
c42,n41,5.0,revue_declaration,1,1,5.0,echec,0.0,4.0,0.3083302628898461,0.7908603593630611,0.15149850255120742,0.6769337762026009,0.8155606537409428,0.7426764081649216,0.45975524345996255,0.8983735187229762,0.05249761951415173,0.05249761951415173,-0.5962301543273074
c42,n42,4.0,ne_rien_faire,1,1,4.0,resolu,1.0,2.0,0.036430276994537346,0.1663106421794335,0.4581474480105741,0.521699227163504,0.32972067302221986,0.8029365618187767,0.44623048449484287,0.7348549372031816,0.0,0.0,-1.0964827168139695
c42,n43,7.0,ne_rien_faire,1,1,7.0,resolu,1.0,1.0,0.2935738720965949,0.4382203117585874,0.028307380411353684,0.6344428705842904,0.5871530259373817,0.49191425653100634,0.3562578579651176,0.8023644000570781,0.0,0.0,-1.585433645135465
c42,n44,17.0,ne_rien_faire,1,1,17.0,echec,0.0,2.0,0.12016171953166101,0.23405310747776514,0.5528032129193596,0.7306561096534536,0.40459991428627795,0.4282351142541573,0.3516475705573286,0.5071649337832006,0.0,0.0,-1.1966870668294702
c42,n45,10.0,ne_rien_faire,1,1,10.0,resolu,1.0,3.0,0.16323888934473116,0.2663656331801299,0.05292756999907306,0.16371179740162956,0.2984538757987085,0.33052758697475787,0.35407723639614264,0.4731501450981866,0.0,0.0,-0.4562610408569848
c42,n46,3.0,boost_capacite,1,1,3.0,resolu,1.0,1.0,0.13354824160920387,0.15862175358346528,0.6457901336150028,0.5144902397108738,0.5879746470007481,0.731209386424221,0.2867719054431593,0.916100889955198,0.09355254606088138,0.09355254606088138,0.7361639685054326
c42,n47,8.0,expedition_express,1,1,8.0,echec,0.0,0.0,0.0908467627895744,0.6900143190496449,0.17948801201740794,0.6719236124633703,0.19792061788731963,0.0306754711155386,0.5423312846418503,0.9933136231592435,0.06784087113578872,0.06784087113578872,-0.33966198026892125
c42,n48,12.0,promouvoir_arc_secours,1,1,12.0,echec,0.0,1.0,0.4169592070953755,0.4433643310688508,0.8353700555453999,0.053323485754743216,0.5803163100074652,0.5648532050714052,0.4781976373279433,0.8577081660005407,0.09375668266232669,0.09375668266232669,0.7857157097643699
c42,n49,0.0,boost_capacite,1,0,0.0,en_cours,,2.0,0.17671572911816205,0.6109729839964736,0.21593824624239186,0.7916793026775701,0.3167266951799102,0.7327924650543616,0.539895472901296,0.9978710215688344,0.18,0.18,1.3341719745313543
c42,n0,10.0,expedition_express,1,1,10.0,partiel,0.0,1.0,0.25413384709973896,0.19380760043250947,0.26813780074701693,0.20936519293191225,0.35667657584071055,0.27310243379165083,0.7931199995674316,0.7263861374077576,0.18,0.18,-0.6190727150880408
c42,n1,7.0,replanifier_jalon,1,1,7.0,partiel,0.0,4.0,0.4468501216859703,0.8185832505478499,0.8100252619953328,0.8067449947904964,0.8046755096149335,0.6148196101245389,0.5291353460850114,0.7819838460261648,0.19,0.19,-0.195922002471144
c42,n2,12.0,revue_declaration,1,1,12.0,resolu,1.0,3.0,0.19507390707777686,0.6320566935855008,0.34370789629545584,0.5057716684869649,0.6720763712469496,0.4671769913945958,0.2795848627519452,0.896035871854325,0.05249761951415173,0.05249761951415173,-1.5778313222718716
c42,n3,1.0,boost_capacite,1,1,1.0,resolu,1.0,1.0,0.10492884701974936,0.3549759232174357,0.7279669019819096,0.2645095811928658,0.2517327671917787,0.4396757332997608,0.18302926261206773,0.26836024092448785,0.06576450329934143,0.06576450329934143,0.5680944364976779
c42,n4,15.0,ne_rien_faire,1,1,15.0,partiel,0.0,1.0,0.06628921559715249,0.03245138243984126,0.5476993423810979,0.16776773817626336,0.5535017669788862,0.5416696327576443,0.8161351246301745,0.304711988294818,0.0,0.0,0.3028588165097394
c42,n5,16.0,expedition_express,1,0,16.0,en_cours,,1.0,0.036179025297855216,0.738087610296446,0.05998732405283308,0.4810332349717268,0.018050192801422584,0.2120310376906546,0.459307894184207,0.8025415288876148,0.18,0.18,0.08585969119468595
c42,n6,15.0,ne_rien_faire,1,1,15.0,partiel,0.0,2.0,0.49997548867466296,0.24442996507875445,0.6746365841791195,0.22365611103108643,0.49248794408726687,0.3879979268633302,0.542813699049834,0.7172071387478529,0.0,0.0,-0.038878190801113155
c42,n7,15.0,promouvoir_arc_secours,1,1,15.0,resolu,1.0,3.0,0.3961075088567744,0.6508564027172847,0.4188040239110963,0.3148155404342886,0.6843608115684952,0.10711691592009548,0.7587842265941657,0.92047784508748,0.0847811404775453,0.0847811404775453,-0.3875008994896425
c42,n8,3.0,ne_rien_faire,1,1,3.0,partiel,0.0,1.0,0.17177145371953276,0.706457081791445,0.4795193616840612,0.2364241366689677,0.6002787499857208,0.49893431309047315,0.11557955999483951,0.7220994142910991,0.0,0.0,-1.750201483566528
c42,n9,2.0,ne_rien_faire,1,1,2.0,partiel,0.0,4.0,0.35186574808250215,0.5369762326289822,0.5490034723701254,0.33580293104774955,0.340077257979393,0.08603545309735038,0.28015702180785873,0.6829903559381878,0.0,0.0,-1.7918880942498387
c42,n10,6.0,ne_rien_faire,1,1,6.0,partiel,0.0,0.0,0.2352553439355378,0.03645995337890615,0.6262363862661334,0.3557125262106813,0.25041315518936647,0.29634047731388197,0.7969074872915853,0.5861809776251686,0.0,0.0,-0.31776879157166243
c42,n11,17.0,ne_rien_faire,1,1,17.0,partiel,0.0,4.0,0.35939171897598365,0.2105310420253153,0.661740033414093,0.23707929296164876,0.37454097329553254,0.282276981721632,0.6687911170457629,0.2544316490017115,0.0,0.0,0.2662716626239181
c42,n12,14.0,ne_rien_faire,1,1,14.0,resolu,1.0,0.0,0.29768778133242774,0.3984544691422351,0.2686557967121683,0.4040521342836385,0.30135615929142245,0.3227386584482109,0.5419796005778666,0.42234298427709055,0.0,0.0,0.23780304904008598
c42,n13,14.0,ne_rien_faire,1,1,14.0,partiel,0.0,1.0,0.11451791755301802,0.12666389972236755,0.16526766142511046,0.5983606520823597,0.27856751340116903,0.922224635931749,0.3592310448869341,0.8799666635232654,0.0,0.0,-0.7860288903550431
c42,n14,5.0,expedition_express,1,1,5.0,echec,0.0,4.0,0.0727229036123684,0.21300371921220718,0.4475214374302598,0.5917344791744835,0.3613034147619023,0.736293632770241,0.641587455238855,0.7313619756056959,0.19999999999999998,0.19999999999999998,2.0725214315720515
c42,n15,0.0,replanifier_jalon,1,1,0.0,echec,0.0,0.0,0.7143251046633446,0.6643300016978082,0.3670677271889899,0.3380078221639906,0.11331323808521726,0.727404226010199,0.9234567507740142,0.6681246978768641,0.05036857131959023,0.05036857131959023,2.3384780054796326
c42,n16,3.0,ne_rien_faire,1,1,3.0,partiel,0.0,3.0,0.4969680311459621,0.6147495747041954,0.19834396787640537,0.9781768044899133,0.49150773525391933,0.7570446130290405,0.5168335768878505,0.46861675364369604,0.0,0.0,0.8545710234138353
c42,n17,8.0,ne_rien_faire,1,1,8.0,partiel,0.0,2.0,0.5763277096337245,0.08916618395765435,0.49826929306518297,0.48758912036854457,0.7645477513477181,0.5463963786615036,0.37252859684902634,0.7852498042021967,0.0,0.0,-0.7991246311014659
c42,n18,14.0,ne_rien_faire,1,1,14.0,partiel,0.0,3.0,0.15472421167928904,0.22856245791030838,0.3798681525408233,0.6533307620483634,0.7424193662045772,0.5403178266833228,0.20080632213319005,0.8822949646693802,0.0,0.0,-0.3287227510689278
c42,n19,9.0,ne_rien_faire,1,1,9.0,resolu,1.0,2.0,0.11173863033798069,0.30642946972757673,0.533690585402384,0.5615156215205367,0.37735223063264556,0.345959849035517,0.7746339788817759,0.4911768547862054,0.0,0.0,-0.754807635340995
c42,n20,17.0,promouvoir_arc_secours,1,1,17.0,partiel,0.0,3.0,0.5827715743441956,0.3781310825976989,0.1573028323174976,0.21256354641501995,0.5541261166251356,0.5463585479382265,0.658070984298207,0.15944609674303428,0.06507160887649192,0.06507160887649192,1.9857708675318402
c42,n21,10.0,ne_rien_faire,1,1,10.0,partiel,0.0,3.0,0.25096220597138624,0.5516656885090659,0.3343415229764612,0.6802978535628632,0.29805985785754485,0.3846866924230954,0.33325102689534397,0.24339405252941954,0.0,0.0,-1.2541422557306612
c42,n22,10.0,ne_rien_faire,1,1,10.0,echec,0.0,4.0,0.3867953851446909,0.34403929671585,0.81025978243309,0.6112992589669528,0.4586098796283539,0.45093257492556194,0.5493641634129165,0.5540886068139306,0.0,0.0,0.09807580982211139
c42,n23,8.0,promouvoir_arc_secours,1,1,8.0,resolu,1.0,4.0,0.26106406347941646,0.3107012751498122,0.42798153700410335,0.7576820708515917,0.5143688928441496,0.6961363650859631,0.7820071648355671,0.8112908133421501,0.06507160887649192,0.06507160887649192,1.3066515971675328
c42,n24,2.0,ne_rien_faire,1,1,2.0,resolu,1.0,0.0,0.05872262558158018,0.31581124914523645,0.48091488427342416,0.4273642601143937,0.9021804286487255,0.5124465141452006,0.10724620116933946,0.7369029062203774,0.0,0.0,-1.0080767066150962
c42,n25,15.0,ne_rien_faire,1,1,15.0,resolu,1.0,1.0,0.39519687111708857,0.08753436847337269,0.8922161235828597,0.05089159082683872,0.4275302074189858,0.1288862919763936,0.22675778614744968,0.45898168430313385,0.0,0.0,-0.07577155087705756
c42,n26,11.0,expedition_express,1,1,11.0,resolu,1.0,0.0,0.6375014127421766,0.4792345293299844,0.6247189599747573,0.3473907987089613,0.5915510560547309,0.4919420756851675,0.6670334714077313,0.8327125499459656,0.18,0.18,1.1088887989786445
c42,n27,7.0,revue_declaration,1,1,7.0,partiel,0.0,3.0,0.5040130471301034,0.3899918761999307,0.08763953382481077,0.717088404630404,0.23880750751390484,0.7112478798211528,0.5548114115144533,0.6767965141287576,0.05249761951415173,0.05249761951415173,2.1545487702334416
c42,n28,9.0,ne_rien_faire,1,1,9.0,partiel,0.0,4.0,0.6162990424566811,0.11149482276565426,0.46260634816540064,0.2787897752153268,0.6659107226341308,0.37814601762984407,0.8097533068930987,0.265334035143462,0.0,0.0,0.374837706140532
c42,n29,15.0,revue_declaration,1,0,15.0,en_cours,,0.0,0.08905392484262198,0.5027331112305677,0.1940808336819953,0.2774723250397217,0.4921795379701561,0.2182022791291222,0.6347387383630971,0.968076173645348,0.19999999999999998,0.19999999999999998,-0.705288729155573
c42,n30,8.0,expedition_express,1,1,8.0,partiel,0.0,2.0,0.7451299382995861,0.4060605848863325,0.8024506938205828,0.32591271661350696,0.616138176590911,0.6296508816750808,0.3340224360211021,0.6716984962133625,0.09287777229911215,0.09287777229911215,0.8701528523943103
c42,n31,0.0,boost_capacite,1,1,0.0,partiel,0.0,2.0,0.18590952183612405,0.5889631154731033,0.7761445527350141,0.6375802131778124,0.7712822326066394,0.39940118695000365,0.8983654901011431,0.5318415976818008,0.053075940557296836,0.053075940557296836,-0.2318433231010777
c42,n32,6.0,ne_rien_faire,1,1,6.0,echec,0.0,2.0,0.6586455603527038,0.20477791179330318,0.8161309261122115,0.3995850252382004,0.623834863571952,0.4377539939306577,0.1280520456099363,0.3774515727111793,0.0,0.0,1.119687780115159
c42,n33,5.0,replanifier_jalon,1,1,5.0,resolu,1.0,3.0,0.09488732399466733,0.5849711514198583,0.25183991733449024,0.3144106518523134,0.8056103814340404,0.2070020878867638,0.13207466783552047,0.790096519271789,0.19,0.19,-1.1514957495377052
c42,n34,2.0,expedition_express,1,1,2.0,partiel,0.0,3.0,0.20698804049494945,0.37155276200897586,0.6606818080912215,0.12713047886274478,0.2620446277999751,0.5173389788839133,0.35031635513417914,0.8001928679473657,0.09287777229911215,0.09287777229911215,-0.05158213058979144
c42,n35,13.0,ne_rien_faire,1,1,13.0,resolu,1.0,4.0,0.20786381890090747,0.1692870993241204,0.8621140514943829,0.4013512069583439,0.9534621968513121,0.7341935180143813,0.18714303917276345,0.6595674922387033,0.0,0.0,-1.5691353759930715
c42,n36,14.0,promouvoir_arc_secours,1,1,14.0,partiel,0.0,3.0,0.30835752230710933,0.32773195804197314,0.7769239392208148,0.19611452166117227,0.8250931454559872,0.22651906706164388,0.6441112176159393,0.964388394210763,0.0847811404775453,0.0847811404775453,-0.20568021030501563
c42,n37,14.0,promouvoir_arc_secours,1,1,14.0,echec,0.0,2.0,0.8460635653457478,0.6767583850697039,0.48765836631767207,0.3792432220321851,0.2987933558642329,0.3702483017374417,0.7571708547035045,0.844037499599229,0.06507160887649192,0.06507160887649192,2.6374104798459372
c42,n38,15.0,replanifier_jalon,1,1,15.0,echec,0.0,4.0,0.0568721962217398,0.6616271968440947,0.2599505359746698,0.7705023443944534,0.575855291877303,0.6904343367700708,0.687412731416702,0.5811599372933189,0.19,0.19,-0.24212240105272792
c42,n39,1.0,replanifier_jalon,1,1,1.0,partiel,0.0,1.0,0.5251850160198958,0.4835366125346047,0.6363519979732292,0.42515671957868173,0.6511612457865328,0.8932840275089691,0.7395174478036936,0.5210301620591875,0.05036857131959023,0.05036857131959023,2.095612651827571
c42,n40,17.0,ne_rien_faire,1,1,17.0,partiel,0.0,2.0,0.1062040405883579,0.5855375356695159,0.8061784588803427,0.9359218124011903,0.3866419821244737,0.7131768021264675,0.5839547996990007,0.5908579455911623,0.0,0.0,-0.3598577424602741
c42,n41,1.0,ne_rien_faire,1,1,1.0,partiel,0.0,3.0,0.7483210750465022,0.6342913437293088,0.5585298157129456,0.4996362546262396,0.7545635445712939,0.4538756698835831,0.20013924439294498,0.23391097595410362,0.0,0.0,1.0053783779710788
c42,n42,13.0,boost_capacite,1,1,13.0,resolu,1.0,1.0,0.27297193037015843,0.4786720328790319,0.5889655964049755,0.4400292517853727,0.6916387424727496,0.10320338173945662,0.18563018402056958,0.7245688960229189,0.06576450329934143,0.06576450329934143,-0.5907390640044824
c42,n43,0.0,replanifier_jalon,1,1,0.0,resolu,1.0,3.0,0.16378317769228634,0.38694194821286626,0.31008258195860966,0.3777301471467303,0.5447536324388331,0.32041611724943364,0.13789116408373017,0.8010642698427184,0.19,0.19,-0.2783557840689159
c42,n44,8.0,ne_rien_faire,1,1,8.0,echec,0.0,0.0,0.10892533753304905,0.7166458002109899,0.5785995824687404,0.09267775030808072,0.7144662020283059,0.4720402100857786,0.8795356873123107,0.9927338975844454,0.0,0.0,-1.3958753707231892
c42,n45,12.0,replanifier_jalon,1,1,12.0,echec,0.0,3.0,0.36101515994294253,0.08660368104648766,0.8643777118278786,0.4300575754643781,0.5071867500103062,0.5014637860765913,0.6828984028794792,0.8040624441272076,0.19,0.19,2.095382342994193
c42,n46,15.0,expedition_express,1,1,15.0,resolu,1.0,1.0,0.43883177838668036,0.33310224951562567,0.464912740480346,0.5580230916006935,0.9521928300411682,0.3847767109761796,0.3938959366664336,0.7526622051281727,0.18,0.18,0.17479709705972585
c42,n47,13.0,ne_rien_faire,1,1,13.0,echec,0.0,3.0,0.17271913738406053,0.32195191446793175,0.5687709075276325,0.30470341568853704,0.500998143714155,0.5664261741226605,0.09560387266991734,0.6147843151474183,0.0,0.0,-0.7257362837869328
c42,n48,0.0,ne_rien_faire,1,1,0.0,partiel,0.0,1.0,0.002692091832731953,0.34752650581193006,0.824017459552889,0.6174180810095948,0.6572236537043012,0.21962605625314524,0.34427928922728634,0.40333845685745146,0.0,0.0,-1.663933443091601
c42,n49,6.0,expedition_express,1,0,6.0,en_cours,,3.0,0.45001487414876945,0.1812972846105037,0.23144568051869935,0.6526232125531737,0.6050328900204806,0.6936400830725477,0.8731892224775423,0.5359410767086344,0.19999999999999998,0.19999999999999998,1.1383695400729277
c42,n0,4.0,ne_rien_faire,1,1,4.0,resolu,1.0,2.0,0.1784561228904905,0.5992250698359816,0.40259418725097285,0.4554393742264538,0.2680616304052112,0.7622572105366344,0.4022284330849463,0.7534700495518752,0.0,0.0,-1.1607222203995313
c42,n1,10.0,promouvoir_arc_secours,1,1,10.0,resolu,1.0,0.0,0.38809266054079083,0.4055224159867942,0.8133995988251829,0.7059413886145343,0.7444477815588744,0.22282543749219005,0.11157993036220952,0.4557000067007048,0.09375668266232669,0.09375668266232669,-2.885646366793706
c42,n2,11.0,ne_rien_faire,1,1,11.0,resolu,1.0,2.0,0.45254110035132583,0.377290196165896,0.08532219244154983,0.6072523077140575,0.48573606655852936,0.17058361781000936,0.09192805940142143,0.6451089881482955,0.0,0.0,-0.016598526943967573
c42,n3,15.0,ne_rien_faire,1,1,15.0,partiel,0.0,2.0,0.5435624715308964,0.13996047431943712,0.48474747704453736,0.520944406731572,0.5783731809536242,0.43317942932853265,0.4817663075253881,0.7737398324470258,0.0,0.0,0.5486252711875426
c42,n4,5.0,promouvoir_arc_secours,1,1,5.0,partiel,0.0,0.0,0.16045760468132336,0.40180380840122965,0.8064262392616979,0.4161032663793954,0.5665701355493447,0.6311276836430771,0.5265129999578998,0.9989497622409189,0.07121226987735195,0.07121226987735195,1.2741276097020255
c42,n5,5.0,replanifier_jalon,1,1,5.0,resolu,1.0,4.0,0.18814605284093983,0.18665727345459796,0.18976830713200196,0.656936376379238,0.5114193533194507,0.6198833676828477,0.6966859849280523,0.7820627389007905,0.19,0.19,0.41497216451841484
c42,n6,17.0,ne_rien_faire,1,1,17.0,resolu,1.0,4.0,0.4848194741758239,0.6187269749068038,0.5660947371878686,0.6981669713851744,0.19495621074627112,0.15499703645621585,0.4622396882779194,0.5281950773930006,0.0,0.0,0.4051771590340465
c42,n7,2.0,replanifier_jalon,1,1,2.0,resolu,1.0,0.0,0.21509645115783094,0.6471329642454933,0.7920508089281216,0.8508003359315164,0.22397778423752343,0.24169600949892883,0.5001645149237002,0.11835787337691926,0.11280496606787029,0.11280496606787029,0.2548924421066397
c42,n8,9.0,promouvoir_arc_secours,1,1,9.0,partiel,0.0,3.0,0.3962454930488759,0.27356098871495943,0.5604067373460654,0.3750168026767062,0.6124366572095022,0.1861929564068554,0.5813354268148448,0.7921930574119754,0.06507160887649192,0.06507160887649192,-0.3488532434163303
c42,n9,8.0,ne_rien_faire,1,1,8.0,partiel,0.0,3.0,0.4660293544297115,0.4621375169675574,0.6422190620414849,0.45722830679671395,0.33709225339829774,0.1598651746652833,0.5340260963251886,0.9109540427419529,0.0,0.0,-0.14173442538108377
c42,n10,0.0,ne_rien_faire,1,1,0.0,echec,0.0,4.0,0.29279128088758866,0.2959476704450105,0.7370402463904593,0.8289520688102382,0.8027506980085971,0.6433303706250506,0.7932020554427749,0.31761937951232677,0.0,0.0,0.2478854810002432
c42,n11,5.0,ne_rien_faire,1,1,5.0,partiel,0.0,3.0,0.1835892940416358,0.4842350115419591,0.39476752002169396,0.39909458284746774,0.2503973454955936,0.8372014935769617,0.24555418705619617,0.6547900825562696,0.0,0.0,-0.7714884456860893
c42,n12,9.0,expedition_express,1,1,9.0,partiel,0.0,1.0,0.3081762894509566,0.31868638166961016,0.5050887942328387,0.8696285575310838,0.7962286926169834,0.4608249446923871,0.6912214857560258,0.7878199138453682,0.18,0.18,-1.180371351633966
c42,n13,1.0,replanifier_jalon,1,1,1.0,resolu,1.0,4.0,0.04098748580010862,0.7669005649627486,0.46953066152133716,0.46050163590289833,0.543829343735806,0.8017607225516052,0.39375125687910956,0.5655905551837929,0.08263442177277024,0.08263442177277024,-0.07969831600901871
c42,n14,16.0,replanifier_jalon,1,1,16.0,partiel,0.0,2.0,0.39925683563748726,0.5702298846840043,0.6848400157989778,0.5766276299671961,0.874289344249174,0.32553652273964184,0.5319439105533003,0.917616808457318,0.06732604454191315,0.06732604454191315,-0.2595698050175296
c42,n15,3.0,ne_rien_faire,1,1,3.0,resolu,1.0,3.0,0.1392445947531203,0.12708730344945382,0.4965157502307101,0.4293667361622543,0.17533257758645382,0.3355707081485029,0.5725816740975175,0.4010651325415173,0.0,0.0,-0.010658376411400938
c42,n16,4.0,ne_rien_faire,1,1,4.0,echec,0.0,1.0,0.5467640683548765,0.41260229932753867,0.44154459293518256,0.46201037249447496,0.45788332651293534,0.3460801449660535,0.656102329712739,0.5405219903773391,0.0,0.0,1.1852649249501912
c42,n17,5.0,revue_declaration,1,1,5.0,echec,0.0,2.0,0.2669653793639933,0.6157919327566583,0.30621291271332324,0.9780874025525266,0.6245982531782084,0.41160582885650243,0.4137421057727915,0.8958990442025574,0.05249761951415173,0.05249761951415173,-1.8893544515583323
c42,n18,17.0,ne_rien_faire,1,1,17.0,partiel,0.0,3.0,0.17661497649656663,0.5457103810202524,0.5347739479348663,0.5534155870715859,0.8960057268486871,0.4134081759622102,0.49042529264757506,0.6940479401763698,0.0,0.0,-1.250365033099858
c42,n19,3.0,promouvoir_arc_secours,1,0,3.0,en_cours,,4.0,0.21086003029336825,0.5639939663398422,0.6297704106934989,0.3370222305534887,0.9028649308784741,0.3903701075368593,0.4132150240964918,0.4501869014553699,0.06507160887649192,0.06507160887649192,-0.07818684093116246
c42,n20,1.0,expedition_express,1,0,1.0,en_cours,,0.0,0.36249123535159516,0.2703797690006559,0.26584043863892004,0.6039957765670144,0.7655708508779591,0.2573666454564257,0.516221471550024,0.5810511831973195,0.18,0.18,0.30301643823542296
c42,n21,15.0,boost_capacite,1,1,15.0,echec,0.0,1.0,0.17389840129476905,0.9475975126310004,0.6403629112143256,0.8096763441663298,0.8224423764124462,0.2669446069923119,0.28829946719126814,0.931068253815982,0.08115534141178526,0.08115534141178526,-2.0548579537738383
c42,n22,17.0,ne_rien_faire,1,1,17.0,echec,0.0,4.0,0.5146447282904301,0.340866641875143,0.5098474380725069,0.28419389095759306,0.32887759220815965,0.7755382656779836,0.29282299603966927,0.7186366776271598,0.0,0.0,0.2942582878043478
c42,n23,7.0,ne_rien_faire,1,1,7.0,echec,0.0,1.0,0.17941041950496125,0.09652072661016868,0.2571191702479997,0.6555414577899762,0.816529409018358,0.38686552463230717,0.5830558384745391,0.9259378733542414,0.0,0.0,1.0265912996860762
c42,n24,4.0,ne_rien_faire,1,1,4.0,resolu,1.0,3.0,0.29794646131357994,0.33181517026692936,0.6863054832303318,0.23081837912295286,0.7286843821814022,0.7426336348848107,0.12817857746320757,0.3841606623726721,0.0,0.0,-0.721790208588226
c42,n25,5.0,expedition_express,1,1,5.0,resolu,1.0,0.0,0.3995844635871468,0.32558388357512535,0.5989152886659265,0.2771825805661901,0.11806815141163418,0.6860311760629063,0.7636963176557096,0.7062249256606,0.10748598928679363,0.10748598928679363,1.7353293335287638
c42,n26,17.0,revue_declaration,1,1,17.0,resolu,1.0,0.0,0.2010838604782663,0.1001233120223567,0.5352740692537824,0.7145814410192916,0.7059576316444307,0.5174255500840466,0.46075913688338843,0.47013181513028934,0.07101163994378579,0.07101163994378579,-0.34575899189344284
c42,n27,9.0,boost_capacite,1,1,9.0,echec,0.0,2.0,0.6497002004696577,0.29570100103892666,0.2552922807874269,0.45168492036295244,0.69454506470209,0.4681371446457822,0.19038650775563715,0.9002831472051336,0.18,0.18,-0.06935123077159039
c42,n28,7.0,ne_rien_faire,1,1,7.0,echec,0.0,2.0,0.13733156706549002,0.5413196712219834,0.5394960501585472,0.34301853572254265,0.786448070038523,0.1522332881811457,0.5219454287219653,0.8289954929992676,0.0,0.0,-0.9999958213110394
c42,n29,8.0,boost_capacite,1,1,8.0,partiel,0.0,1.0,0.1201881657235957,0.4393166853123639,0.8816273094337439,0.4599771789099031,0.45275768042017284,0.6375079518887581,0.3985638673776497,0.4945261467263321,0.06576450329934143,0.06576450329934143,1.2293486426075715
c42,n30,3.0,ne_rien_faire,1,1,3.0,partiel,0.0,3.0,0.348089522830486,0.4739575685700687,0.5973886328521734,0.4405558572439216,0.45686354466247087,0.46009832636055675,0.45337039065383394,0.3880022536053571,0.0,0.0,-0.9320856464512554
c42,n31,7.0,promouvoir_arc_secours,1,1,7.0,partiel,0.0,1.0,0.6673802660851582,0.5448241589225469,0.31651284826829534,0.5845391854105396,0.35964023529420697,0.8803047944249859,0.9195125013906927,0.911491388835953,0.18,0.18,0.595878116867818
c42,n32,8.0,ne_rien_faire,1,1,8.0,partiel,0.0,4.0,0.1031824624457687,0.10206097563916229,0.5604810989491935,0.6389501338649828,0.619332815438163,0.6103003595446173,0.5083072748850558,0.5027764222265433,0.0,0.0,-0.30255773024923427
c42,n33,6.0,ne_rien_faire,1,1,6.0,partiel,0.0,4.0,0.648462762424487,0.2514196721994218,0.721460334121046,0.6947582395272214,0.1074788186462633,0.0561271611422171,0.3089018070632278,0.9763334244456219,0.0,0.0,0.012920120800287371
c42,n34,7.0,promouvoir_arc_secours,1,1,7.0,echec,0.0,2.0,0.1107201988498083,0.6585283121281739,0.4595433753957543,0.05003072214528367,0.5952338523582117,0.26825785686007814,0.8328024196428429,0.8782221481729765,0.06507160887649192,0.06507160887649192,0.7946832491320461
c42,n35,9.0,boost_capacite,1,1,9.0,echec,0.0,2.0,0.45541930817819426,0.34144120031771363,0.5267474697356395,0.6461369855313173,0.5098241496763994,0.0786612073265133,0.7435564908616942,0.9879884613400964,0.18,0.18,0.040774820871893214
c42,n36,10.0,boost_capacite,1,1,10.0,partiel,0.0,0.0,0.43852052545901404,0.6244574674418784,0.5001454414295734,0.33038001566021774,0.6921813877981798,0.7763012591659716,0.21712614496432764,0.7013454329707155,0.19,0.19,0.10360526268319108
c42,n37,6.0,ne_rien_faire,1,1,6.0,echec,0.0,2.0,0.2500963908759304,0.43545894829559184,0.17540790742784151,0.5923461659898129,0.7587938955705038,0.12253420274505791,0.3232532331182958,0.5838668742635446,0.0,0.0,-1.0231081221974057
c42,n38,11.0,ne_rien_faire,1,1,11.0,resolu,1.0,4.0,0.5648831666171618,0.4897055602071058,0.6553247175828855,0.48541566569926986,0.776126929427381,0.4183966971414662,0.33347913960008996,0.6399824544440381,0.0,0.0,0.22599431426018418
c42,n39,12.0,ne_rien_faire,1,1,12.0,partiel,0.0,3.0,0.5707360049219486,0.18370778364012638,0.410250254880846,0.7496707835375537,0.1798201573433558,0.283460802744021,0.5380158366065897,0.4661791198273601,0.0,0.0,1.3629650640071076
c42,n40,6.0,boost_capacite,1,1,6.0,partiel,0.0,1.0,0.17938103997919877,0.4223574884007723,0.6679038044043735,0.4658782091525109,0.3649555494764607,0.41742497009184565,0.3603281845965693,0.7261559777923883,0.06576450329934143,0.06576450329934143,-1.2974680431910617
c42,n41,6.0,revue_declaration,1,1,6.0,echec,0.0,1.0,0.45180881069705486,0.5073464892374201,0.44691388616272953,0.2847243787277426,0.8332498434015563,0.2354807895419927,0.8516105723318971,0.9910268703457945,0.19999999999999998,0.19999999999999998,0.14998911781196766
c42,n42,11.0,ne_rien_faire,1,1,11.0,echec,0.0,2.0,0.31230915723525654,0.38764291085284586,0.41753733255885955,0.3007588023692764,0.4068044612636905,0.5665070757595493,0.33769060166291115,0.7995256472954072,0.0,0.0,0.614473599070203
c42,n43,13.0,ne_rien_faire,1,1,13.0,resolu,1.0,2.0,0.47548999125815616,0.12336114525532933,0.576883643270602,0.29706206756287784,0.45291310301025445,0.6372350524270292,0.5299091992243017,0.3798183257419195,0.0,0.0,1.445932448838199
c42,n44,2.0,ne_rien_faire,1,1,2.0,partiel,0.0,3.0,0.1507003023175512,0.40628095050590884,0.5528196491363043,0.24839373992446517,0.5318770033062638,0.5220520269674639,0.4418256614762784,0.628743831766264,0.0,0.0,-0.0256727298708522
c42,n45,1.0,ne_rien_faire,1,1,1.0,partiel,0.0,2.0,0.3790394147668091,0.22873780519278866,0.620237283623894,0.8977382626416668,0.3474264108390005,0.8178927888689922,0.6891939807193667,0.42736198244550977,0.0,0.0,1.6085011972209804
c42,n46,13.0,ne_rien_faire,1,1,13.0,partiel,0.0,4.0,0.4675661798761431,0.09920892953296268,0.1327499700240876,0.1840721365898959,0.8144784497755972,0.409392394392603,0.49114544507057584,0.7417866981353102,0.0,0.0,-0.4135632555037835
c42,n47,17.0,ne_rien_faire,1,1,17.0,partiel,0.0,0.0,0.10485598716130665,0.16703464988299954,0.5030483747831852,0.3846553921884575,0.48267410847867603,0.7758082300005845,0.7729612742174837,0.44504668902036737,0.0,0.0,0.04600834236320506
c42,n48,12.0,promouvoir_arc_secours,1,1,12.0,partiel,0.0,4.0,0.29628120801944463,0.4020913245486693,0.04458567620036856,0.653799567492006,0.2107884269091415,0.6989986605700579,0.42414620519439633,0.853094076906321,0.08604221741899593,0.08604221741899593,0.0703828031638924
c42,n49,11.0,ne_rien_faire,1,1,11.0,partiel,0.0,2.0,0.2057598674186186,0.0816984990726048,0.7420404024950502,0.6917207709905744,0.48104901964031943,0.6355201592704834,0.4589464039591469,0.3479694820213088,0.0,0.0,-0.6058686978328249
c42,n0,17.0,ne_rien_faire,1,1,17.0,resolu,1.0,1.0,0.2228430890403965,0.25608754805394796,0.2472879953122061,0.6270914251311099,0.4412555717356863,0.5004531728289916,0.13946525278622465,0.5420974497854935,0.0,0.0,-0.9502140457639443
c42,n1,6.0,boost_capacite,1,0,6.0,en_cours,,3.0,0.12796324808314755,0.5561212159479397,0.73265283513569,0.5114089077320582,0.9347458249588986,0.9327779996236265,0.6171970860348762,0.957600004584335,0.18,0.18,-0.2968220612242505
c42,n2,5.0,replanifier_jalon,1,1,5.0,partiel,0.0,3.0,0.46000438583653847,0.78355887779001,0.1690269735734568,0.720811131296565,0.7208139063394745,0.5894335947982763,0.6489351756909821,0.999292890108712,0.06732604454191315,0.06732604454191315,-0.3100911836631932
c42,n3,2.0,ne_rien_faire,1,1,2.0,resolu,1.0,0.0,0.19284758940338462,0.2666746865744656,0.5153323819347784,0.651849048142513,0.30543921961829534,0.538044160598037,0.21597014113850357,0.1409133431028915,0.0,0.0,0.4725237659063747
c42,n4,8.0,ne_rien_faire,1,1,8.0,partiel,0.0,3.0,0.25209316012480804,0.15107645169821587,0.8562517602900422,0.6687628574593943,0.4658577235178699,0.12400966661881248,0.5181194374352375,0.5137761174271454,0.0,0.0,-0.17555260869966866
c42,n5,1.0,ne_rien_faire,1,1,1.0,echec,0.0,2.0,0.37820895235663604,0.24381488556556205,0.12149658081001015,0.4759221094509467,0.6085250627347498,0.6775926970716262,0.8925859766535857,0.9272340326072918,0.0,0.0,0.725194945079394
c42,n6,11.0,replanifier_jalon,1,1,11.0,partiel,0.0,3.0,0.12359488470568078,0.9462352858344312,0.5475597492975117,0.4553438805819021,0.44163516601760455,0.28295347570880824,0.6656806143909493,0.8880357022311819,0.19,0.19,-1.3765621734569384
c42,n7,11.0,replanifier_jalon,1,1,11.0,partiel,0.0,0.0,0.22797568621263364,0.25692748531518383,0.5703307094043268,0.5655156876174509,0.756255998613721,0.3882400520164562,0.31582013588370583,0.8111414684822709,0.11280496606787029,0.11280496606787029,-0.30654374315472965
c42,n8,16.0,ne_rien_faire,1,1,16.0,resolu,1.0,2.0,0.25289922510123564,0.15875335396580514,0.4673451367445707,0.6918075702845945,0.5015486782156244,0.07235825596941435,0.3865452213287057,0.34791413122799136,0.0,0.0,0.3246022104686197
c42,n9,13.0,ne_rien_faire,1,1,13.0,resolu,1.0,0.0,0.03804074392227781,0.4906497806520533,0.2549801521258777,0.29743703056711013,0.5590561136080467,0.28674043320719794,0.7870393158196548,0.5618881160685607,0.0,0.0,0.025519418881788394
c42,n10,8.0,boost_capacite,1,0,8.0,en_cours,,3.0,0.08508064611715604,0.3313432866577199,0.44749128866300003,0.6858749088609113,0.8288968064846229,0.5466952166647514,0.45518489825703745,0.7285098278547102,0.053075940557296836,0.053075940557296836,0.3731835478356491
c42,n11,4.0,ne_rien_faire,1,1,4.0,partiel,0.0,3.0,0.23073532785448891,0.31928491640068896,0.49378191017473216,0.8220119686778126,0.7789213379567134,0.17680707069928567,0.18527295363092275,0.9465786125066052,0.0,0.0,-0.6569366627623614
c42,n12,16.0,replanifier_jalon,1,0,16.0,en_cours,,1.0,0.06513924408411799,0.39719772974623174,0.4845814437960377,0.2631477651783813,0.754032762984785,0.5592987065737821,0.3278165468857054,0.745022111983427,0.11280496606787029,0.11280496606787029,0.23031473380171186
c42,n13,6.0,replanifier_jalon,1,1,6.0,echec,0.0,3.0,0.2493913521925871,0.8545255542540159,0.5561601375235836,0.3222979497175437,0.49824401550068315,0.708752891098863,0.5074566129993201,0.8904776560298865,0.08263442177277024,0.08263442177277024,1.6101801052797884
c42,n14,4.0,boost_capacite,1,1,4.0,resolu,1.0,2.0,0.09017025280832086,0.6097212336428829,0.23051565871582966,0.5252902849531431,0.6912000440312178,0.5592687570124993,0.5885581164100178,0.7170433435023497,0.053075940557296836,0.053075940557296836,0.7969754354417619
c42,n15,12.0,ne_rien_faire,1,1,12.0,resolu,1.0,4.0,0.1035840998457937,0.1912535551957497,0.48683885020751705,0.4848583378590551,0.14023118419883965,0.7806078215227438,0.5360848562176123,0.9844105774995983,0.0,0.0,-0.10312872357382949
c42,n16,9.0,ne_rien_faire,1,1,9.0,echec,0.0,0.0,0.15525468886227461,0.621093137090959,0.5607920755915993,0.24805349714654346,0.9237927473398686,0.5245045838049331,0.3863238370752803,0.19799413192198034,0.0,0.0,-1.0136589396224631
c42,n17,10.0,revue_declaration,1,0,10.0,en_cours,,3.0,0.32251165572146423,0.4820434200025311,0.9125306033118119,0.4261090707875378,0.35561840008977275,0.1418775371274947,0.22319612546310755,0.666120123450285,0.05249761951415173,0.05249761951415173,0.5661498230706932
c42,n18,10.0,ne_rien_faire,1,1,10.0,echec,0.0,4.0,0.005888407612799881,0.443877794156025,0.3935154592719085,0.5025110111606124,0.8204517515768822,0.5954967260300796,0.29348379595108853,0.9907592724948936,0.0,0.0,-0.8999461732869273
c42,n19,1.0,expedition_express,1,1,1.0,echec,0.0,4.0,0.24962916586867773,0.5808694131600072,0.5139756464711988,0.7729311903124539,0.25446344231842544,0.4946975575651233,0.40914655925688237,0.8859766898338882,0.09287777229911215,0.09287777229911215,0.4651538843516876
c42,n20,3.0,ne_rien_faire,1,1,3.0,resolu,1.0,4.0,0.05266383210274817,0.17888151960980384,0.9279199986800272,0.6157563270685222,0.3471449599126847,0.5005072450274555,0.3916325176006851,0.18255956442480437,0.0,0.0,0.28146131404804864
c42,n21,10.0,ne_rien_faire,1,1,10.0,partiel,0.0,3.0,0.15380808389713635,0.3472178990014688,0.5249073004408892,0.5553440313746743,0.5765806283647934,0.49840019927446516,0.6455335307858363,0.39999190246013716,0.0,0.0,0.2743651124896081
c42,n22,2.0,ne_rien_faire,1,1,2.0,resolu,1.0,3.0,0.29281546727287444,0.11877309546636403,0.5375015281460296,0.6507714490267776,0.3635892410745684,0.07156630944631702,0.5311806577534983,0.9160688829699947,0.0,0.0,-0.5954217953616197
c42,n23,8.0,ne_rien_faire,1,1,8.0,partiel,0.0,4.0,0.17879829424740606,0.3752945690580002,0.9689193206418979,0.40350656734363777,0.33419565194651174,0.5154130387417585,0.5648396826053531,0.23488842734751716,0.0,0.0,-0.5797182801334733
c42,n24,4.0,ne_rien_faire,1,1,4.0,partiel,0.0,3.0,0.14400259397233225,0.3018014409714785,0.2808173364644765,0.5951891910974587,0.0605176986230183,0.31044784920369334,0.8335580908607091,0.7281841710710505,0.0,0.0,0.30557425101976754
c42,n25,8.0,ne_rien_faire,1,1,8.0,echec,0.0,3.0,0.10448301929478047,0.7688808661572764,0.7613005689090284,0.6039838251090264,0.8374456466629183,0.3712984634838295,0.6350624740466961,0.626078345941385,0.0,0.0,0.2156849093678958
c42,n26,8.0,ne_rien_faire,1,1,8.0,partiel,0.0,4.0,0.1315209150954246,0.12437394874492463,0.24601074030718414,0.607588543184345,0.13612484707523617,0.17356630470687925,0.19139017466030442,0.6200717120820975,0.0,0.0,-0.6772256528888775
c42,n27,4.0,promouvoir_arc_secours,1,1,4.0,partiel,0.0,1.0,0.12421101101905402,0.43835057480270684,0.6995404676269601,0.6203342405676535,0.674288422944089,0.6302074948822142,0.5953984760564683,0.8290751892936444,0.09375668266232669,0.09375668266232669,-0.5051802326880364
c42,n28,9.0,replanifier_jalon,1,1,9.0,echec,0.0,1.0,0.23164762523403823,0.3152294735841885,0.7753064129295826,0.2700483294609852,0.7218671269646635,0.6059947227621495,0.9078947508752431,0.8817459605772133,0.11280496606787029,0.11280496606787029,1.3312027198620224
c42,n29,17.0,promouvoir_arc_secours,1,1,17.0,resolu,1.0,4.0,0.1293703019668739,0.4505032146516092,0.5984297692345885,0.6164374148097123,0.7630725783532992,0.44906515493731586,0.449121376055093,0.5312421190477868,0.06507160887649192,0.06507160887649192,-0.7660756778434243
c42,n30,5.0,ne_rien_faire,1,1,5.0,partiel,0.0,3.0,0.014713290671706656,0.3189076008178847,0.7666864769855178,0.6372609309171221,0.2812551539450561,0.10601622442233484,0.31855982413260375,0.680468721579471,0.0,0.0,-0.729830549216477
c42,n31,5.0,promouvoir_arc_secours,1,1,5.0,resolu,1.0,1.0,0.4169153335124497,0.13250986731570327,0.6290060502405209,0.5442377388259223,0.45497886669320614,0.7442769894551331,0.336476338990744,0.8416013318825554,0.11114874117773832,0.11114874117773832,-0.9684462520840789
c42,n32,14.0,boost_capacite,1,1,14.0,echec,0.0,3.0,0.2194228422748991,0.4509194325184842,0.6789914042613205,0.7899148543044319,0.8208693268364383,0.34030025237298145,0.49356521963080097,0.44051673475087305,0.053075940557296836,0.053075940557296836,0.6924579679452998
c42,n33,15.0,ne_rien_faire,1,1,15.0,partiel,0.0,0.0,0.1562856336773005,0.38041405012385693,0.24213806114623637,0.22895104881631753,0.23519246339680258,0.44417210269075136,0.1893964823854843,0.5916245646923436,0.0,0.0,-2.054088937779564
c42,n34,4.0,boost_capacite,1,1,4.0,resolu,1.0,0.0,0.1951291759651118,0.45350415185921383,0.33941930992268526,0.7306151099767882,0.7864737040660641,0.28542252633016735,0.5419399372556637,0.8731707096602089,0.06576450329934143,0.06576450329934143,0.8261126239503525
c42,n35,8.0,ne_rien_faire,1,1,8.0,partiel,0.0,4.0,0.2814604414239702,0.2639358221169939,0.6304803427504428,0.2793726743376983,0.6948257037843978,0.6450167041478273,0.15272648045248866,0.624802630214885,0.0,0.0,0.713910312912257
c42,n36,17.0,ne_rien_faire,1,1,17.0,resolu,1.0,4.0,0.08625681359954693,0.29890922461132263,0.8669420708628179,0.7819063279753169,0.15909098763262045,0.32872297408118223,0.10475049481334273,0.7934301544834412,0.0,0.0,-2.318653751849358
c42,n37,15.0,boost_capacite,1,1,15.0,echec,0.0,4.0,0.3820829033311812,0.6216418136045481,0.5857137369183445,0.617514168304653,0.5239471890006272,0.5264400320222447,0.6818048603728418,0.47856805336596636,0.053075940557296836,0.053075940557296836,1.4338915051230503
c42,n38,0.0,promouvoir_arc_secours,1,1,0.0,partiel,0.0,1.0,0.2444252847293087,0.38295706197404933,0.6486898074805186,0.7786396085604566,0.40139906014205634,0.45926839249602114,0.6115477059461789,0.45420397977715804,0.09375668266232669,0.09375668266232669,-0.2700354990185254
c42,n39,5.0,ne_rien_faire,1,1,5.0,resolu,1.0,3.0,0.5540693690080221,0.3419857069438519,0.6137648839318274,0.8176190459777168,0.4392127893410884,0.360272657145371,0.5151048946085759,0.6886411468760107,0.0,0.0,-0.26750180196026546
c42,n40,8.0,ne_rien_faire,1,1,8.0,resolu,1.0,0.0,0.2561277465893176,0.32575982729732655,0.2764665003010704,0.6437532454966387,0.7673589524843678,0.7603381041876044,0.23915109263743162,0.7419082048145555,0.0,0.0,0.40603090415711496
c42,n41,15.0,replanifier_jalon,1,1,15.0,resolu,1.0,2.0,0.6297231170717454,0.37839540585172315,0.4900008953684658,0.47104742027541174,0.6109791326909245,0.09956982237324205,0.45686184886056047,0.855654194193943,0.19,0.19,-1.550241986013086
c42,n42,14.0,ne_rien_faire,1,1,14.0,partiel,0.0,3.0,0.35102346607689283,0.2196989889305717,0.3733538389794318,0.17318300285613536,0.7094568303038181,0.7243236899809672,0.19057801746331618,0.9948541239338388,0.0,0.0,-1.2646046737046932
c42,n43,4.0,ne_rien_faire,1,1,4.0,partiel,0.0,2.0,0.7649433300092273,0.3635399381805702,0.282909000344405,0.5763799683199391,0.36624079402452486,0.5148025478978566,0.8606338222707277,0.7534017865882114,0.0,0.0,0.7069962123719239
c42,n44,8.0,ne_rien_faire,1,1,8.0,echec,0.0,1.0,0.12350489345966376,0.5235445633443592,0.43519315129577274,0.8039045695310155,0.7650324120264153,0.8346898429822234,0.44147663515800584,0.6035302449938132,0.0,0.0,0.871523311906599
c42,n45,9.0,revue_declaration,1,1,9.0,resolu,1.0,3.0,0.3622513256353991,0.4607474356372757,0.8048757070914897,0.4355820661811713,0.2651494512446765,0.4127754871603761,0.25038336724044,0.5853463616041292,0.05249761951415173,0.05249761951415173,-0.7036765572586736
c42,n46,4.0,promouvoir_arc_secours,1,1,4.0,resolu,1.0,3.0,0.6512710750957894,0.6194568970617902,0.23471873371845908,0.4633908380207189,0.9105409512398247,0.8498994281081275,0.7354121712425794,0.4149548790689855,0.06507160887649192,0.06507160887649192,2.8558072278074165
c42,n47,5.0,expedition_express,1,1,5.0,resolu,1.0,0.0,0.19308173052078867,0.1273725170121017,0.44826147217102036,0.7357121366075509,0.6915291484160285,0.49892799932613574,0.35023607580880206,0.8684392512460117,0.18,0.18,-0.03384364305691234
c42,n48,16.0,ne_rien_faire,1,1,16.0,partiel,0.0,1.0,0.25733468200238035,0.2440552912567027,0.309488254703198,0.2634651204672122,0.4828453724575357,0.3469498827566861,0.24007197755194465,0.9982608283115617,0.0,0.0,-0.16137986008348182
c42,n49,5.0,ne_rien_faire,1,1,5.0,resolu,1.0,0.0,0.26041695521073216,0.20570230819709548,0.7054576246247858,0.1791714099448329,0.2837722042330801,0.3325157488203673,0.81208111647344,0.720901016622749,0.0,0.0,-0.28947747564492377
c42,n0,4.0,boost_capacite,1,1,4.0,resolu,1.0,4.0,0.18359339689927445,0.4865936200138965,0.7012687984472091,0.653052463725174,0.19829485094924787,0.5903613577451083,0.1589766734391563,0.6601386893903767,0.053075940557296836,0.053075940557296836,0.8270326817731884
c42,n1,12.0,ne_rien_faire,1,1,12.0,partiel,0.0,4.0,0.10412905484368486,0.22174582668283818,0.7296351651365536,0.5165480410738396,0.8444522110840438,0.2023236470819153,0.48662444311583336,0.9726260899329818,0.0,0.0,-1.3495668005392347
c42,n2,7.0,expedition_express,1,1,7.0,resolu,1.0,4.0,0.005552913582685681,0.67771941789054,0.19817130209795097,0.49779743030823503,0.744888887322266,0.6207630002239753,0.7743272055243196,0.5427386591422099,0.09287777229911215,0.09287777229911215,0.3627733981542952
c42,n3,17.0,ne_rien_faire,1,1,17.0,resolu,1.0,1.0,0.3253697281821769,0.382470291813955,0.48491515901626986,0.6235222586379082,0.48080764209208277,0.39812137612831805,0.5015267971177639,0.7545334126641361,0.0,0.0,-0.15874672005499527
c42,n4,16.0,replanifier_jalon,1,1,16.0,resolu,1.0,0.0,0.5902723446748392,0.31572167389219175,0.22532777565246898,0.72415596015568,0.5443932663026635,0.7076321406974538,0.4469767748682958,0.65048999458845,0.11280496606787029,0.11280496606787029,0.7228179434453561
c42,n5,2.0,ne_rien_faire,1,1,2.0,resolu,1.0,0.0,0.1506341297234569,0.03052766446135177,0.9542930184618018,0.3779124616223245,0.751731689619226,0.8035368272556582,0.719841046189109,0.8986315614938282,0.0,0.0,0.5497520904443377
c42,n6,12.0,ne_rien_faire,1,1,12.0,echec,0.0,2.0,0.2612992891820666,0.8436177283092522,0.5385875456595933,0.3850686526372165,0.05897906603513126,0.6162541929751035,0.26494687009582957,0.9118163012302118,0.0,0.0,-0.9302912197850608
c42,n7,8.0,revue_declaration,1,1,8.0,echec,0.0,4.0,0.13411165473303163,0.6093839000688913,0.2704353418504024,0.17642494933945924,0.8600119883967419,0.8230350913032485,0.251255042444933,0.551808014963865,0.05249761951415173,0.05249761951415173,0.3223440522264934
c42,n8,16.0,ne_rien_faire,1,1,16.0,partiel,0.0,3.0,0.033319738984230095,0.24404467952623765,0.40443820524358615,0.8319600228990303,0.5361709620711793,0.21089883957539238,0.22195387373256917,0.809673824703644,0.0,0.0,-2.510922467330179
c42,n9,13.0,ne_rien_faire,1,1,13.0,partiel,0.0,1.0,0.23596751805865293,0.3769105953444376,0.19738223414794995,0.9107542092247504,0.08432426660443958,0.29294943336400314,0.7522501723443427,0.7313949752564968,0.0,0.0,-0.6943994514506298
c42,n10,5.0,ne_rien_faire,1,1,5.0,resolu,1.0,0.0,0.7519368994716761,0.30787965840004794,0.2112874671250816,0.1692562936976657,0.41773790334220984,0.44461951573001474,0.42513610378932293,0.2206309837938403,0.0,0.0,1.4974289857355254
c42,n11,16.0,boost_capacite,1,1,16.0,resolu,1.0,2.0,0.40249974551508283,0.7009761496520621,0.6400715552530374,0.4142467696308711,0.8423873016406793,0.496034516052245,0.6147447282181285,0.7994725096931026,0.053075940557296836,0.053075940557296836,-0.26397569058253784
c42,n12,15.0,ne_rien_faire,1,1,15.0,resolu,1.0,3.0,0.2472503094600133,0.440603068338507,0.6438454892676305,0.7633162574764166,0.30746173095091117,0.4497393651746929,0.5467077829732906,0.6707360215957981,0.0,0.0,0.6849916625093422
c42,n13,10.0,revue_declaration,1,1,10.0,echec,0.0,4.0,0.2767872693929406,0.2466189335987762,0.4202544653954439,0.7247495926267606,0.46549927180888356,0.35214135528310403,0.6137821945248613,0.67531931883271,0.05249761951415173,0.05249761951415173,0.3423138059028548
c42,n14,14.0,ne_rien_faire,1,1,14.0,partiel,0.0,1.0,0.22394943806727316,0.12072304455989868,0.5850352849441278,0.19113392062099815,0.1778602841501845,0.10739316776300152,0.5854437908138926,0.8067651452360719,0.0,0.0,0.7183923264894443
c42,n15,14.0,ne_rien_faire,1,1,14.0,partiel,0.0,0.0,0.41030275038772107,0.02709687283342932,0.8036362038970318,0.353665080535972,0.5578520113854478,0.10203137950300387,0.5812408259447501,0.5627362395502788,0.0,0.0,1.780060952623778
c42,n16,16.0,promouvoir_arc_secours,1,1,16.0,partiel,0.0,1.0,0.40256219349023764,0.265557730115828,0.08400148514174857,0.362271493027096,0.22993340024341777,0.892181137118759,0.24213876786116492,0.966833568113077,0.18,0.18,-0.04356758908904598
c42,n17,17.0,promouvoir_arc_secours,1,1,17.0,partiel,0.0,4.0,0.037728179573347946,0.361679851039052,0.753955595455703,0.820880175646399,0.6728557036539221,0.21391764594351853,0.8320682750471453,0.6838523173212999,0.06507160887649192,0.06507160887649192,-0.7669625490619886
c42,n18,2.0,ne_rien_faire,1,1,2.0,resolu,1.0,4.0,0.048990963056566174,0.2641073662029823,0.5078170749570098,0.5345609904084696,0.26606029207919474,0.27824593374610945,0.19344555234398497,0.7896952577721896,0.0,0.0,-1.6170222135951795
c42,n19,16.0,ne_rien_faire,1,1,16.0,partiel,0.0,2.0,0.20217460089719164,0.4354933485838181,0.7191315233536542,0.8849747105615401,0.036509303444930724,0.205542752840493,0.31387034636156425,0.9553922780715991,0.0,0.0,-1.0956553501033148
c42,n20,8.0,replanifier_jalon,1,1,8.0,echec,0.0,1.0,0.3082400888531899,0.44459332132736007,0.44437727371796626,0.33773928227500716,0.9114095946063875,0.19228284929114225,0.2091976517426626,0.9902075668242235,0.06948979284705413,0.06948979284705413,0.44094488406910426
c42,n21,3.0,ne_rien_faire,1,1,3.0,partiel,0.0,4.0,0.054621892420279386,0.35010390197194524,0.13794447666085471,0.19517672930474064,0.3778171587883131,0.36034217923515105,0.41365473098023214,0.4161735690231458,0.0,0.0,-1.1374496405538135
c42,n22,0.0,ne_rien_faire,1,1,0.0,echec,0.0,1.0,0.5075537877179754,0.4063319228650404,0.26499437909334966,0.34156452229314604,0.7634832081370829,0.42533564349095704,0.24822124827703992,0.9200444607185411,0.0,0.0,-0.11551212946312439
c42,n23,4.0,revue_declaration,1,1,4.0,partiel,0.0,2.0,0.09555981407198082,0.559743372617229,0.38918040648069735,0.3593713371091714,0.7938118004480452,0.2724535982427333,0.2080212925744473,0.7722294565361992,0.05249761951415173,0.05249761951415173,-0.149701578727936
c42,n24,10.0,boost_capacite,1,0,10.0,en_cours,,2.0,0.5535903805388421,0.2187766588241431,0.6697341325739004,0.46521318341154816,0.6590891270873623,0.762368416540352,0.33856392551426456,0.7752931187766923,0.09404583781437073,0.09404583781437073,1.2056325204075464
c42,n25,2.0,boost_capacite,1,1,2.0,partiel,0.0,3.0,0.2869172012023882,0.42737039449257197,0.39425889285123417,0.47003049600230856,0.13081346193180848,0.14238465964942804,0.6042866564309876,0.47686655458901983,0.053075940557296836,0.053075940557296836,0.6545047648108251
c42,n26,6.0,ne_rien_faire,1,1,6.0,echec,0.0,3.0,0.4748961595451931,0.3279961027053354,0.698014204667581,0.8155061303002116,0.25532044419633926,0.47027754813390477,0.5899049470039041,0.9637956154463964,0.0,0.0,1.4470476288125556
c42,n27,3.0,expedition_express,1,1,3.0,partiel,0.0,1.0,0.2467580845500303,0.33778451794872266,0.8409263864389275,0.5834876769399302,0.4778147503382595,0.31898770051674824,0.91072548601054,0.8214257837862882,0.18,0.18,0.42676673151306754
c42,n28,5.0,boost_capacite,1,1,5.0,partiel,0.0,3.0,0.08604546118126308,0.5100996080789619,0.3415097358045852,0.6884505308813436,0.3990092662095338,0.5111673604126588,0.6360382028951163,0.9208268324639448,0.18,0.18,-0.14130348603063175
c42,n29,11.0,ne_rien_faire,1,1,11.0,resolu,1.0,0.0,0.02327050743089865,0.2191555540005955,0.14746132929018885,0.40381776380621004,0.71528858082084,0.8009572559174668,0.64151708014546,0.6362099283356827,0.0,0.0,-0.5843550284904249
c42,n30,14.0,ne_rien_faire,1,1,14.0,partiel,0.0,1.0,0.057381749154417405,0.28546781362353607,0.7464427323541375,0.3884954960571348,0.1850558486111287,0.4917394232014459,0.8377762748169358,0.7995059606663999,0.0,0.0,-0.8779888476425469
c42,n31,10.0,replanifier_jalon,1,1,10.0,resolu,1.0,1.0,0.17265010413432752,0.25456467579803843,0.33063872074613426,0.5108467288225395,0.9248913699760348,0.6681203490894284,0.8190476934584598,0.7993757808421683,0.11280496606787029,0.11280496606787029,0.8269090366945739
c42,n32,16.0,ne_rien_faire,1,1,16.0,resolu,1.0,2.0,0.36334627152511484,0.04625734156225198,0.25082472694829255,0.6344566196646569,0.5134321697744644,0.42234010720118925,0.22257165069649937,0.050914589072002865,0.0,0.0,-0.03975998247520729
c42,n33,16.0,ne_rien_faire,1,1,16.0,resolu,1.0,0.0,0.044094703306138246,0.3193411632622459,0.6215504242969142,0.7023704041097654,0.2680252599384319,0.42676683064854226,0.35062201500241663,0.84374036961145,0.0,0.0,-0.6276716898003163
c42,n34,5.0,revue_declaration,1,1,5.0,echec,0.0,4.0,0.05435372000713387,0.51168338254157,0.7643308160171343,0.608803633571977,0.8238314870944131,0.23457256839116167,0.7802083574576711,0.7446352651641587,0.05249761951415173,0.05249761951415173,-0.34353655415401796
c42,n35,0.0,ne_rien_faire,1,1,0.0,partiel,0.0,0.0,0.5148631696378753,0.17962082708902408,0.30594942023424004,0.59569248485684,0.6211610516144043,0.4751333249460563,0.3332657249346389,0.37174615827218566,0.0,0.0,-1.1508968558679065
c42,n36,3.0,ne_rien_faire,1,1,3.0,echec,0.0,1.0,0.2735074338250131,0.15623225436311744,0.3923881022100092,0.5320442593172405,0.15308980430979932,0.4955268745740098,0.5333771548532387,0.7235352669574618,0.0,0.0,0.8961274283196361
c42,n37,3.0,ne_rien_faire,1,1,3.0,partiel,0.0,2.0,0.5580892255937232,0.28955629254650306,0.17765287770563873,0.10403686336606684,0.37658465235164545,0.050355143309805915,0.7290923399548778,0.5342394803122936,0.0,0.0,-0.20076415388808422
c42,n38,13.0,ne_rien_faire,1,1,13.0,partiel,0.0,4.0,0.011020831374299466,0.487902560005702,0.8277318328546155,0.4989797847598628,0.2382628033751654,0.23771292422679766,0.2108553813824156,0.43869681085420364,0.0,0.0,-1.818395467189057
c42,n39,5.0,ne_rien_faire,1,1,5.0,resolu,1.0,4.0,0.1965153894420569,0.3658104590183269,0.18386129887394775,0.13495698753391475,0.45360670932663305,0.6000713624487175,0.27262423232570665,0.9265045637715074,0.0,0.0,-0.7097056006018316
c42,n40,8.0,boost_capacite,1,1,8.0,resolu,1.0,4.0,0.09761628438363794,0.4662977769945379,0.2888737234784523,0.7778222787433209,0.9438510573361641,0.04432367150991671,0.5669293345313254,0.38096826410688867,0.053075940557296836,0.053075940557296836,-1.3272420818283899
c42,n41,4.0,ne_rien_faire,1,1,4.0,resolu,1.0,2.0,0.33464576911717087,0.5928532851113111,0.3452859416008701,0.0859604401342545,0.04773572493751262,0.43047549802536256,0.3872822422572614,0.4482116676095573,0.0,0.0,-2.0116598313858307
c42,n42,5.0,expedition_express,1,1,5.0,resolu,1.0,1.0,0.26872153798022663,0.5114360238037995,0.8691264149750512,0.2924631036010492,0.8463648588663933,0.5764303600188002,0.7066396164025046,0.7683885456992308,0.18,0.18,2.239126398854899
c42,n43,3.0,ne_rien_faire,1,1,3.0,echec,0.0,0.0,0.36000096510686025,0.13322303769257526,0.30105700718360423,0.480730367842811,0.5289465829589902,0.1678717635981944,0.9255696564670967,0.8848918440453325,0.0,0.0,0.14903180951856948
c42,n44,2.0,expedition_express,1,1,2.0,partiel,0.0,3.0,0.5341770331148907,0.17525713741073698,0.4717978470101538,0.15903031336711043,0.5053692702768994,0.47034911998907175,0.6398433282049449,0.8583195093931456,0.09287777229911215,0.09287777229911215,1.0368594714115402
c42,n45,9.0,expedition_express,1,1,9.0,partiel,0.0,1.0,0.09129852504784512,0.46333419014246296,0.5010294399521639,0.7957587913352349,0.7739226772343581,0.601327841577301,0.22436510057062442,0.424420827953397,0.18,0.18,0.13448589201050576
c42,n46,8.0,replanifier_jalon,1,0,8.0,en_cours,,1.0,0.2915011107918713,0.2737352261702762,0.6150264866839471,0.26591529112336537,0.451607059915014,0.1676373007647999,0.6874507711256603,0.3756500056758828,0.11280496606787029,0.11280496606787029,0.6542317131515162
c42,n47,13.0,replanifier_jalon,1,1,13.0,echec,0.0,1.0,0.16754295073403738,0.44022815566236756,0.6196073586710592,0.837274528293082,0.5845839273812301,0.5662969645702259,0.891285815380214,0.9616941507080561,0.06948979284705413,0.06948979284705413,0.09861097486872616
c42,n48,1.0,promouvoir_arc_secours,1,1,1.0,resolu,1.0,4.0,0.3367207849844775,0.39389588104285206,0.4983328492886006,0.7338620870413006,0.458598670701009,0.2861751571041937,0.6709200958360302,0.8127365396483445,0.06507160887649192,0.06507160887649192,1.047320879072115
c42,n49,1.0,ne_rien_faire,1,1,1.0,partiel,0.0,0.0,0.0692526336931645,0.716213726778066,0.34548354488478233,0.5950411949110697,0.4889847555890442,0.06913637178925743,0.6894341464432773,0.8180628092680784,0.0,0.0,-0.9778060204998157
c42,n0,2.0,ne_rien_faire,1,1,2.0,resolu,1.0,2.0,0.09698084937247119,0.035537942552556816,0.3859418985241527,0.25074599382776447,0.8125261856383139,0.45384196406926736,0.67733013433049,0.9672821025950702,0.0,0.0,-0.4208200998788886
c42,n1,3.0,revue_declaration,1,1,3.0,resolu,1.0,0.0,0.48537222148485953,0.4402475965172935,0.8218068107839601,0.8329829512248706,0.861590292817205,0.11683924204095844,0.7298684996976982,0.785776661727298,0.07101163994378579,0.07101163994378579,-0.37097148503251287
c42,n2,0.0,ne_rien_faire,1,1,0.0,partiel,0.0,4.0,0.12338122235993602,0.40527820034032974,0.264538056851458,0.8988307573538196,0.45001292657389524,0.3592089165068213,0.3856414317557314,0.5837690705593289,0.0,0.0,-2.2355028056600963
c42,n3,2.0,revue_declaration,1,0,2.0,en_cours,,1.0,0.09874359495896168,0.514294907294153,0.4178468533158411,0.35373991958607603,0.5384880438992555,0.8819854731025835,0.47571071979650803,0.3104936408558374,0.08275544669906046,0.08275544669906046,0.5365800581250776
c42,n4,7.0,boost_capacite,1,1,7.0,partiel,0.0,3.0,0.08358344221301313,0.4836027524327107,0.4872048124941439,0.3448229577235448,0.301716400933337,0.7109069302937032,0.7553927575988695,0.5972915174960838,0.09404583781437073,0.09404583781437073,1.2783744469550413
c42,n5,1.0,ne_rien_faire,1,1,1.0,partiel,0.0,0.0,0.6450790161836801,0.7068060942435193,0.33955619791004926,0.1870915455986097,0.8520923320309245,0.591368201053808,0.188561331967371,0.24193749388874206,0.0,0.0,0.04077898337413466
c42,n6,16.0,ne_rien_faire,1,1,16.0,partiel,0.0,0.0,0.11414787762701617,0.7414686115451482,0.4934826353967942,0.8998555861701917,0.4191530844216783,0.21686004320483115,0.6347701771852724,0.702341409695885,0.0,0.0,-0.7159403548679205
c42,n7,3.0,ne_rien_faire,1,1,3.0,partiel,0.0,4.0,0.5720754200335034,0.7124878488893764,0.4991188600738878,0.6153806420407819,0.1983363294266702,0.8196853391025702,0.17383525519673526,0.12639216708328432,0.0,0.0,0.2706127184435033
c42,n8,6.0,ne_rien_faire,1,1,6.0,partiel,0.0,4.0,0.35067447109461924,0.3190753278650374,0.3574983728155258,0.4040478477509326,0.7466622918785429,0.5031288692112691,0.22274811006346482,0.37963156709842594,0.0,0.0,-1.501491045886136
c42,n9,3.0,ne_rien_faire,1,1,3.0,partiel,0.0,1.0,0.3545309637491672,0.23368915475068622,0.6472592601815029,0.37481890875959156,0.605306681509098,0.6465774929347938,0.39037333919078276,0.6023676891853962,0.0,0.0,-0.292980181240746
c42,n10,15.0,boost_capacite,1,0,15.0,en_cours,,2.0,0.35141989468532137,0.4252553490895615,0.6718514024486562,0.7286354950943125,0.7480423538718141,0.40906920638595173,0.44531032240054036,0.6907827688995819,0.053075940557296836,0.053075940557296836,0.7399604964991845
c42,n11,6.0,expedition_express,1,1,6.0,resolu,1.0,3.0,0.024027704531457156,0.12524700394649588,0.3017462243219176,0.6656222523505148,0.916364445034643,0.565798212001439,0.8423188737816342,0.6663959045595295,0.09287777229911215,0.09287777229911215,1.6800493918119543
c42,n12,1.0,boost_capacite,1,1,1.0,resolu,1.0,3.0,0.2196569195843508,0.23541618640640333,0.5828793227235528,0.8388100176359913,0.45233407241976553,0.08746518504483604,0.14506066909657406,0.5294157711099301,0.053075940557296836,0.053075940557296836,-0.6877117939620953
c42,n13,15.0,ne_rien_faire,1,1,15.0,partiel,0.0,4.0,0.11829247240617317,0.31933961959456936,0.5514647361297901,0.30349549811975746,0.9098575392566419,0.7382912200595881,0.4110149141431269,0.1924952388942879,0.0,0.0,0.24266701072972433
c42,n14,0.0,ne_rien_faire,1,1,0.0,partiel,0.0,4.0,0.21299008732702257,0.6273869334074084,0.42303951201490925,0.5282269046393395,0.48226406733491917,0.9367637237680545,0.16927323524429444,0.5178809167316635,0.0,0.0,-0.8311322545000469
c42,n15,4.0,expedition_express,1,1,4.0,echec,0.0,4.0,0.19624015701012287,0.5983245423039993,0.6648484367840443,0.6748496535738491,0.917801358791747,0.4727787283564412,0.7937477388164003,0.21091033662495423,0.09287777229911215,0.09287777229911215,1.372735475302997
c42,n16,15.0,promouvoir_arc_secours,1,1,15.0,echec,0.0,0.0,0.06423945290302058,0.34341967184792294,0.7077977903778391,0.30946419978921075,0.5271393656459774,0.5165163222922976,0.6565130728169599,0.3263851760558911,0.09375668266232669,0.09375668266232669,1.137025812234494
c42,n17,13.0,boost_capacite,1,1,13.0,partiel,0.0,3.0,0.3831668118880143,0.5080675546396536,0.5002943833404621,0.25591178966711714,0.2295367948793002,0.4629993647220833,0.5170872482469575,0.806254158448752,0.053075940557296836,0.053075940557296836,0.33473487066458185
c42,n18,1.0,ne_rien_faire,1,1,1.0,partiel,0.0,1.0,0.030290375478768675,0.5871591258716017,0.6075342948528415,0.5268728606306008,0.40820116312808197,0.17497092648834195,0.509757536022979,0.4448571899484461,0.0,0.0,-0.5772208921058762
c42,n19,16.0,promouvoir_arc_secours,1,1,16.0,resolu,1.0,1.0,0.3150859075318676,0.3505355801530872,0.6413981504273296,0.7939797948263337,0.5627661761755637,0.6189868602176506,0.35911101019599384,0.9988133585240981,0.07121226987735195,0.07121226987735195,0.5328788230943461
c42,n20,0.0,ne_rien_faire,1,1,0.0,echec,0.0,3.0,0.43425144435679675,0.2864682010975413,0.6179369327983362,0.8754920525815193,0.6217919913728873,0.9138503656760083,0.33653819909009564,0.9452380456867946,0.0,0.0,-0.8538354947900441
c42,n21,2.0,revue_declaration,1,1,2.0,resolu,1.0,0.0,0.3717964937061392,0.2684841686644273,0.06718000050231342,0.6772543356004397,0.26439420492717697,0.943219119115816,0.8486416955615281,0.4282205474728801,0.08275544669906046,0.08275544669906046,2.0885474492878213
c42,n22,6.0,boost_capacite,1,0,6.0,en_cours,,2.0,0.2605639601682489,0.7762128173228711,0.14362109306137416,0.3967589773615424,0.029931897498138262,0.4223195530578932,0.6121024965351098,0.7100352332784063,0.09404583781437073,0.09404583781437073,0.30889678770950546
c42,n23,6.0,promouvoir_arc_secours,1,1,6.0,partiel,0.0,1.0,0.2930436020925918,0.7833438160177348,0.6347677262595522,0.7428673535025266,0.4887064799585128,0.799858895102777,0.15062088301527785,0.813232966353622,0.11114874117773832,0.11114874117773832,0.3917076410048589
c42,n24,0.0,ne_rien_faire,1,1,0.0,resolu,1.0,2.0,0.58198637158278,0.5892084652422642,0.3112901635532241,0.19692775516633118,0.6198541138874067,0.35326448396683857,0.15535417681150585,0.7075957302618772,0.0,0.0,-1.1608910301173712
c42,n25,4.0,ne_rien_faire,1,1,4.0,partiel,0.0,1.0,0.29389788486298224,0.16015833252245154,0.729244937988598,0.827777864282485,0.4496635540943352,0.2544218405860391,0.43981714346367945,0.699275743472272,0.0,0.0,-1.2138533288999054
c42,n26,4.0,ne_rien_faire,1,1,4.0,echec,0.0,0.0,0.1867758428676806,0.5765911585523829,0.11144996637785583,0.14935605283588413,0.4759365045085365,0.6079543009017123,0.5844301784115117,0.4583142726759851,0.0,0.0,1.7737891459283561
c42,n27,15.0,promouvoir_arc_secours,1,1,15.0,resolu,1.0,3.0,0.5574593055140269,0.477752681035492,0.41756147681585537,0.12712869951313674,0.32960062163369386,0.6448899191377423,0.24498853453917052,0.7905066459928421,0.08604221741899593,0.08604221741899593,1.170814892522359
c42,n28,0.0,expedition_express,1,0,0.0,en_cours,,4.0,0.19489798292523378,0.6284149071105305,0.8143099171464889,0.8365776281689709,0.6347297868494078,0.9159845328359881,0.31488440412237667,0.4099956509591761,0.19999999999999998,0.19999999999999998,1.5204299813570386
c42,n29,12.0,ne_rien_faire,1,1,12.0,echec,0.0,2.0,0.6255553901222349,0.4942392092897973,0.44128411329445366,0.29256254734006953,0.08926120604958734,0.7595111047792444,0.04442700695993386,0.24806744507918632,0.0,0.0,0.2003549807881345
c42,n30,8.0,ne_rien_faire,1,1,8.0,echec,0.0,1.0,0.843806223720606,0.515919723294373,0.7293137356150375,0.49066140642172257,0.10858686942097454,0.4456892222022145,0.5279535716191801,0.9362868887409658,0.0,0.0,-0.01691814499692168
c42,n31,7.0,ne_rien_faire,1,1,7.0,partiel,0.0,4.0,0.11107244731956206,0.4496594569429958,0.23849589828979378,0.06350319993526034,0.16810273179332183,0.6157552220854617,0.5488498294356408,0.8699395246080224,0.0,0.0,0.5463744150557408
c42,n32,16.0,boost_capacite,1,1,16.0,partiel,0.0,4.0,0.32522116589975025,0.30370428741023175,0.5011196271556528,0.0499209779475714,0.7926661970666087,0.4876119324710955,0.7728918544986104,0.451971764277302,0.053075940557296836,0.053075940557296836,0.6885205796853449
c42,n33,2.0,promouvoir_arc_secours,1,0,2.0,en_cours,,4.0,0.5953750496166076,0.7304277106437115,0.30474556158954047,0.5602883872703056,0.5675267884082199,0.659789921612792,0.3839052665217273,0.8948324125206545,0.08604221741899593,0.08604221741899593,0.8638409859555021
c42,n34,9.0,ne_rien_faire,1,1,9.0,partiel,0.0,4.0,0.33224711346070646,0.2067451178267345,0.4188849617017555,0.6920863693282487,0.052215584284057155,0.25408590309207135,0.2953546721232549,0.5803865709321661,0.0,0.0,-0.7208861436000699
c42,n35,7.0,replanifier_jalon,1,1,7.0,resolu,1.0,4.0,0.14692007898100787,0.46676814727505583,0.2600445005597795,0.29462679689602217,0.8867187129267721,0.7305350299610139,0.37868530906999753,0.5934256117747916,0.19,0.19,0.17380280319072428
c42,n36,6.0,promouvoir_arc_secours,1,1,6.0,resolu,1.0,2.0,0.3847769864890147,0.12092158052928766,0.6853044638964284,0.6522045206916176,0.6754277217215369,0.274451174660247,0.8196665337786028,0.9313415535998321,0.0847811404775453,0.0847811404775453,0.06764658659039807
c42,n37,6.0,revue_declaration,1,1,6.0,partiel,0.0,3.0,0.10349054617859908,0.5465678971045138,0.3836884794441377,0.2811799849065049,0.6605832935125217,0.45239613429562,0.6989284226889071,0.23788878385032036,0.05249761951415173,0.05249761951415173,2.1438392451464265
c42,n38,17.0,ne_rien_faire,1,1,17.0,partiel,0.0,0.0,0.0477024527763844,0.05368780110515614,0.5618445115276347,0.8035012298860462,0.7826913176597384,0.51080595457711,0.37092181458735785,0.6979981317660597,0.0,0.0,-1.8670279642656586
c42,n39,16.0,revue_declaration,1,0,16.0,en_cours,,0.0,0.13345972630744005,0.5600826781930334,0.5478470944132009,0.43830636486537256,0.5879828158680505,0.3950985954112606,0.7175901172059527,0.6255510300720286,0.07101163994378579,0.07101163994378579,0.29237112270414367
c42,n40,5.0,ne_rien_faire,1,1,5.0,partiel,0.0,1.0,0.2840092168980069,0.40820434116515253,0.2532991162567084,0.25671587267963725,0.5558634066876101,0.6714803943609428,0.46531429735520674,0.6655637753450161,0.0,0.0,-0.9554611036075961
c42,n41,12.0,expedition_express,1,1,12.0,resolu,1.0,1.0,0.24456157634807724,0.5059655944787977,0.4578246004323068,0.15917391518493887,0.7769633285268155,0.0679697410848254,0.47318140639194545,0.8087133724054147,0.18,0.18,-0.7503551440376016
c42,n42,12.0,promouvoir_arc_secours,1,1,12.0,resolu,1.0,4.0,0.07278322535153703,0.8609350213103647,0.5324957351648273,0.43170649076227136,0.6129961996923083,0.7324061754148692,0.712087491361737,0.8758868014711932,0.08604221741899593,0.08604221741899593,0.834123591387566
c42,n43,8.0,boost_capacite,1,0,8.0,en_cours,,3.0,0.03333327210604266,0.05870344139183079,0.5835126375581882,0.1119918974235688,0.6196052152444808,0.7555427954927906,0.8149666115059633,0.5516291450216511,0.09404583781437073,0.09404583781437073,1.6111083821667092
c42,n44,14.0,ne_rien_faire,1,1,14.0,resolu,1.0,0.0,0.08504007428764798,0.7113509446672556,0.6558043649327976,0.24030637018578638,0.2522753404202972,0.3521216110766415,0.14415695180523488,0.4379637890020613,0.0,0.0,-0.9845008216475896
c42,n45,17.0,boost_capacite,1,1,17.0,partiel,0.0,2.0,0.24001296888591558,0.5017661470627408,0.9531957614442628,0.26534757339008813,0.4242656418515488,0.08228822476948375,0.7884896862860088,0.3628763899309949,0.053075940557296836,0.053075940557296836,-0.25699261874371004
c42,n46,8.0,replanifier_jalon,1,1,8.0,echec,0.0,0.0,0.36997369361712695,0.8332009734041121,0.6565525314597489,0.22844946053035603,0.6467998884377092,0.6956738222832668,0.637423233616094,0.497260415849123,0.05036857131959023,0.05036857131959023,2.1098523727987253
c42,n47,6.0,replanifier_jalon,1,1,6.0,resolu,1.0,4.0,0.2239203410973245,0.6455150734536365,0.13571364066348135,0.01711424161570245,0.6572067711236346,0.48316876934275,0.3057331213457156,0.9489363038557271,0.06732604454191315,0.06732604454191315,0.4151285151041386
c42,n48,7.0,ne_rien_faire,1,1,7.0,partiel,0.0,1.0,0.14176084357480825,0.5834578959488992,0.286869988440083,0.08842145525603859,0.49866310214960674,0.4774629270098288,0.29930315176433003,0.4332246113543123,0.0,0.0,-0.03492608440005862
c42,n49,12.0,ne_rien_faire,1,1,12.0,resolu,1.0,2.0,0.1600495451159314,0.31271497743213134,0.35109404098415514,0.6380232787240088,0.16741387421886572,0.9468473825696447,0.32086656104291444,0.9141427274746787,0.0,0.0,-0.8332339068976304
c42,n0,14.0,ne_rien_faire,1,1,14.0,resolu,1.0,1.0,0.3592209748055405,0.4173053047580626,0.7499868550045466,0.3376559904940859,0.48320885714517764,0.6785062233864034,0.2246237050437239,0.32922123825703525,0.0,0.0,-0.8012274338500118
c42,n1,9.0,ne_rien_faire,1,1,9.0,resolu,1.0,0.0,0.5616590495892481,0.4314121910081652,0.9171627064591648,0.10772708466814195,0.9026235364589146,0.411230031421263,0.49170600725504515,0.9016895071895912,0.0,0.0,-0.3546792079787468
c42,n2,9.0,revue_declaration,1,1,9.0,partiel,0.0,3.0,0.030789495566066933,0.2596162207526906,0.5854937272790174,0.6756887051759961,0.6181552810791158,0.6080055920404498,0.6161738281819388,0.9100375625358464,0.09844224846172875,0.09844224846172875,-0.6289796266636835
c42,n3,14.0,ne_rien_faire,1,1,14.0,partiel,0.0,1.0,0.0906263622938831,0.2157312253609593,0.40308869332382596,0.5627853601523395,0.7634566717382145,0.04807025829500342,0.6639448956761591,0.5796709938902349,0.0,0.0,-1.784592875535688
c42,n4,1.0,ne_rien_faire,1,1,1.0,resolu,1.0,1.0,0.16029625358642638,0.4031707761583384,0.9939062785699633,0.7350151913479052,0.46175956002288093,0.3194784034211301,0.6511622084756886,0.7774865282712157,0.0,0.0,-1.0168014047851253
c42,n5,1.0,revue_declaration,1,1,1.0,echec,0.0,4.0,0.18993502931438427,0.47600760447674795,0.18103262627652422,0.540566554477833,0.32188056006864363,0.8140797523004321,0.4254571387834053,0.934182647243664,0.19,0.19,1.9209851762701011
c42,n6,8.0,ne_rien_faire,1,1,8.0,resolu,1.0,0.0,0.4268547515727761,0.15582813673864582,0.21152646129254768,0.7781449058938996,0.63443836736419,0.5414815310591812,0.30883353453955636,0.06700650106732743,0.0,0.0,-0.38641394458370226
c42,n7,10.0,ne_rien_faire,1,1,10.0,resolu,1.0,2.0,0.06810860975504415,0.02837978130550909,0.4349871904096528,0.4258071913976063,0.26933455196986966,0.6117123439043479,0.6556065012646419,0.22891024602472407,0.0,0.0,-0.6693095325450942
c42,n8,0.0,replanifier_jalon,1,1,0.0,echec,0.0,4.0,0.3719115304695059,0.6270574211772815,0.8034600082071188,0.8206544060244847,0.16054126468130908,0.8658300126283126,0.09096541203453436,0.7817050229852108,0.08263442177277024,0.08263442177277024,-0.736722985994035
c42,n9,16.0,expedition_express,1,1,16.0,resolu,1.0,4.0,0.2438230797511903,0.48107426800399855,0.6349605492618928,0.9357936468341226,0.48718986987056073,0.20639533396524595,0.49463374696729656,0.9808188781635417,0.050825581787975416,0.050825581787975416,-0.5109559384484683
c42,n10,12.0,promouvoir_arc_secours,1,1,12.0,partiel,0.0,0.0,0.3147222144709952,0.6337292887979417,0.8426777787166099,0.2097384513905879,0.447881843423562,0.47955982163532235,0.4978954642946397,0.8727642024110962,0.09375668266232669,0.09375668266232669,-0.5433103779967383
c42,n11,6.0,ne_rien_faire,1,1,6.0,resolu,1.0,1.0,0.3150119957405112,0.23697169739044863,0.073750945228662,0.18818132008374885,0.5937824577468648,0.2158044207578674,0.6409069746695077,0.6286089867628453,0.0,0.0,1.1425711287769476
c42,n12,17.0,ne_rien_faire,1,1,17.0,partiel,0.0,3.0,0.0761896211246657,0.6725518706565796,0.4651082606932049,0.9571465772240855,0.4442896295628809,0.5732267058714059,0.3200980781435362,0.8360443563622547,0.0,0.0,-0.3011824780021505
c42,n13,13.0,ne_rien_faire,1,1,13.0,partiel,0.0,2.0,0.2136397184039886,0.5448004903382725,0.3669711050753182,0.5623213134614053,0.8740532925247659,0.21786365401929894,0.7396485682350833,0.5669911909344575,0.0,0.0,-0.5172166173480077
c42,n14,6.0,ne_rien_faire,1,1,6.0,partiel,0.0,1.0,0.226616019255363,0.21817192306888178,0.4096331419401265,0.566721758490738,0.5770285388965762,0.6691007380131004,0.40958334027883236,0.5321860295626236,0.0,0.0,-0.20119390596909822
c42,n15,12.0,ne_rien_faire,1,1,12.0,echec,0.0,0.0,0.011998662576244962,0.2217047470635502,0.7738331294341272,0.7468144720298018,0.6434832646038131,0.38683309871338534,0.6633291276484784,0.9763337016753965,0.0,0.0,1.0686087422402935
c42,n16,12.0,ne_rien_faire,1,1,12.0,resolu,1.0,2.0,0.21215419836600308,0.41072149465938906,0.6260552641883231,0.3284680587366784,0.3857286846435123,0.2670841490462551,0.22332741345899246,0.9564201735478031,0.0,0.0,-1.0087576819233521
c42,n17,12.0,expedition_express,1,1,12.0,echec,0.0,1.0,0.3570194206054606,0.7257661145040176,0.6383885333784937,0.5671485694202086,0.7316718531297965,0.8167829188343908,0.3189316865202863,0.6670056508729513,0.10748598928679363,0.10748598928679363,1.6152036939155952
c42,n18,17.0,ne_rien_faire,1,1,17.0,resolu,1.0,0.0,0.12718619613353802,0.3634015111509511,0.5632266997849817,0.7004035692876025,0.3235479536611644,0.28659090680230065,0.7494428512152803,0.7604390025429983,0.0,0.0,-2.36836351627771
c42,n19,13.0,expedition_express,1,1,13.0,resolu,1.0,0.0,0.18919930410228736,0.25407296951825153,0.6877242172695296,0.34548052206936797,0.7464182512621387,0.5012637233436351,0.4811889243921879,0.9841123363488063,0.06784087113578872,0.06784087113578872,1.0884264828397632
c42,n20,2.0,expedition_express,1,1,2.0,echec,0.0,3.0,0.2774206353191241,0.8709285838075614,0.41889735094130925,0.21371110298638502,0.8043870859470947,0.9350629639074363,0.31206737540564305,0.20331293508270873,0.19999999999999998,0.19999999999999998,1.3458154314190143
c42,n21,1.0,ne_rien_faire,1,1,1.0,echec,0.0,4.0,0.3873172375631283,0.34283120066360717,0.1800961567914873,0.3596548506365805,0.5190312267253748,0.050220280144325925,0.8293032613584959,0.7134845840975924,0.0,0.0,-0.6533175559096609
c42,n22,0.0,promouvoir_arc_secours,1,0,0.0,en_cours,,2.0,0.16173363666917798,0.5081129790088972,0.8033730889299352,0.5602689305115763,0.3563087744027788,0.829124865371996,0.734009904716525,0.7168814675049737,0.08604221741899593,0.08604221741899593,1.6527692299770456
c42,n23,10.0,revue_declaration,1,1,10.0,partiel,0.0,4.0,0.030184569630811897,0.20713216180341432,0.1945431021442808,0.7188964237059733,0.4093137899008199,0.28419939361773083,0.2308799478210835,0.7992212235101561,0.05249761951415173,0.05249761951415173,-1.192764200942293
c42,n24,8.0,expedition_express,1,1,8.0,echec,0.0,3.0,0.08946640224951133,0.1617689332423042,0.7354483733055145,0.3489844090462918,0.8999505037365677,0.9180783655538814,0.4594991980990916,0.7860165478334814,0.19999999999999998,0.19999999999999998,1.3580966996584871
c42,n25,5.0,revue_declaration,1,1,5.0,echec,0.0,3.0,0.3643035911202126,0.8746225977487112,0.9030522722704946,0.8366878769291035,0.7250042590330005,0.6079101139212333,0.3526184602924448,0.7713540233544535,0.05249761951415173,0.05249761951415173,-0.4491593144405909
c42,n26,6.0,expedition_express,1,0,6.0,en_cours,,1.0,0.15946082874603706,0.350459895764189,0.15935464034722885,0.4991019664992293,0.6946984461136646,0.4522016987903839,0.5231650987307793,0.6614858828023839,0.18,0.18,0.22432873614169946
c42,n27,15.0,revue_declaration,1,1,15.0,partiel,0.0,4.0,0.3356627360249434,0.29824860774460704,0.3819463702451291,0.19739228668650172,0.1585073822510999,0.7258828857063452,0.6663628285466198,0.788852553458898,0.08598823526196597,0.08598823526196597,0.6794359473442693
c42,n28,10.0,ne_rien_faire,1,1,10.0,resolu,1.0,0.0,0.47421086029,0.43607887842971393,0.4262771145356132,0.7836978438240015,0.6386912821995866,0.6699873636250651,0.27645220844791607,0.5596883071469535,0.0,0.0,0.8153933614835405
c42,n29,11.0,revue_declaration,1,1,11.0,echec,0.0,1.0,0.7507379145112173,0.7001461911026086,0.09700273815869143,0.6572596515946146,0.7412947077536743,0.5454387995847254,0.6258434683762099,0.6821453054698363,0.07101163994378579,0.07101163994378579,1.8339357142440682
c42,n30,10.0,revue_declaration,1,1,10.0,resolu,1.0,0.0,0.6469882526339145,0.5474785069071207,0.06237758354882744,0.4298102246298609,0.26911885619208353,0.776588618879789,0.9454187846412572,0.5600882039123665,0.08275544669906046,0.08275544669906046,1.896383374767426
c42,n31,11.0,revue_declaration,1,1,11.0,partiel,0.0,1.0,0.20709435008667912,0.314486277066608,0.7805565307616176,0.15518966660413833,0.5747908588517711,0.09586745451210309,0.4507688288897837,0.23240203989399788,0.07101163994378579,0.07101163994378579,-0.3706116779453224
c42,n32,2.0,ne_rien_faire,1,1,2.0,partiel,0.0,2.0,0.194514296191673,0.28421585252294307,0.3735368423658373,0.9728841821338219,0.7280774054351649,0.4753654039001891,0.2963390133266552,0.4120139377697221,0.0,0.0,-1.235605108815261
c42,n33,9.0,boost_capacite,1,1,9.0,echec,0.0,0.0,0.1074250972558615,0.24833116250314108,0.7714513934024065,0.3188107487164564,0.8780986640279471,0.07075962231811884,0.44737245553303245,0.5751719415881211,0.06576450329934143,0.06576450329934143,0.11259042811260889
c42,n34,3.0,ne_rien_faire,1,1,3.0,echec,0.0,3.0,0.11384208600495593,0.5421218816150555,0.46394801963150784,0.47604993881304214,0.5225160657051544,0.6139575696573352,0.6146587965219976,0.13866105891103742,0.0,0.0,0.5299408133432884
c42,n35,4.0,ne_rien_faire,1,1,4.0,echec,0.0,2.0,0.3518036013765815,0.34856345649495374,0.768618213013663,0.40923892399108147,0.6940455285133479,0.8153645964333088,0.13784996433279603,0.9847351210681037,0.0,0.0,-0.4146996531916078
c42,n36,6.0,revue_declaration,1,1,6.0,partiel,0.0,3.0,0.08425545621642586,0.8696233928583427,0.2486841552194053,0.49032674247179203,0.8511968914784364,0.491270892109164,0.5592745774131929,0.11262338931220436,0.05249761951415173,0.05249761951415173,1.244488075433992
c42,n37,7.0,replanifier_jalon,1,1,7.0,resolu,1.0,3.0,0.5474098211165309,0.6457628353336637,0.15409669489248626,0.3493713510071691,0.44732529633388884,0.8477525549383721,0.5279987901353391,0.31619489173683185,0.08263442177277024,0.08263442177277024,0.8675262470550895
c42,n38,12.0,revue_declaration,1,1,12.0,resolu,1.0,2.0,0.08157540797164571,0.793619251300218,0.7198530884488242,0.10899735089860974,0.36304941910065064,0.8265545773177285,0.6909616862656661,0.9645833310546797,0.19,0.19,0.3015522879821054
c42,n39,0.0,replanifier_jalon,1,0,0.0,en_cours,,3.0,0.34881713806410747,0.5711202805849388,0.3037662377155263,0.3421532806979263,0.526953415724819,0.6801388533916802,0.1593658160043248,0.22726398907017456,0.08263442177277024,0.08263442177277024,-1.1974781613143566
c42,n40,0.0,ne_rien_faire,1,1,0.0,partiel,0.0,2.0,0.3088449854296357,0.20288387853154202,0.20413130848751482,0.2905489210262055,0.3928595918799799,0.7159920184447264,0.8648653026171841,0.5444438752161087,0.0,0.0,-0.22576106933719098
c42,n41,5.0,replanifier_jalon,1,1,5.0,resolu,1.0,0.0,0.3648911285906077,0.37752938063357827,0.5833042063967236,0.44415805620405946,0.1888638642377839,0.9102891935019213,0.4062651391710885,0.8379197742699434,0.05036857131959023,0.05036857131959023,0.07553404011230264
c42,n42,0.0,boost_capacite,1,1,0.0,partiel,0.0,2.0,0.11281030472982348,0.35562664039592345,0.177915326087137,0.06110981325943847,0.7129714400278722,0.6884609608300535,0.6736063631453191,0.863705237143328,0.053075940557296836,0.053075940557296836,1.1327554399699817
c42,n43,0.0,boost_capacite,1,1,0.0,partiel,0.0,1.0,0.4585572546108415,0.5356623497709151,0.7726361277739551,0.8615993842895474,0.23546043358410612,0.27587852324050927,0.4127137499981586,0.951957049052275,0.08115534141178526,0.08115534141178526,1.5006015884131296
c42,n44,10.0,expedition_express,1,1,10.0,resolu,1.0,3.0,0.3180678268105186,0.42031163946592665,0.899302133851263,0.5061894903681018,0.2032658245889407,0.11541914082698752,0.7938968388780737,0.790394381288964,0.09287777229911215,0.09287777229911215,0.362850185410189
c42,n45,10.0,replanifier_jalon,1,1,10.0,resolu,1.0,0.0,0.49527291711431476,0.4430666866230371,0.4896489202915639,0.7186185534663301,0.8046709651177355,0.6417612067330206,0.1714198963771708,0.8156822692634059,0.11280496606787029,0.11280496606787029,1.6671286252333228
c42,n46,3.0,ne_rien_faire,1,1,3.0,resolu,1.0,4.0,0.46380028152721153,0.21068072513683492,0.5038953841099146,0.5638467288231818,0.4764675251289001,0.15639450117894643,0.30728348587807053,0.51019954323558,0.0,0.0,-0.5497290517802541
c42,n47,15.0,ne_rien_faire,1,1,15.0,echec,0.0,1.0,0.17052191324188642,0.44065358350784045,0.3956820169372181,0.11363802652527998,0.3301195666732794,0.11388307415213356,0.52612000393623,0.7586252080009037,0.0,0.0,-1.717093971990359
c42,n48,8.0,promouvoir_arc_secours,1,1,8.0,resolu,1.0,1.0,0.18642727503138906,0.1740200598040049,0.8038368744978684,0.619022755041213,0.8353802521618381,0.2411714974361659,0.38168729453741884,0.8643315396289049,0.09375668266232669,0.09375668266232669,0.22813868078472155
c42,n49,4.0,ne_rien_faire,1,1,4.0,partiel,0.0,4.0,0.023424613771248624,0.0330140934891228,0.15126018850223039,0.34940482206489787,0.19469375211303827,0.5660466258318876,0.44129462894135596,0.882661889877264,0.0,0.0,0.5014314073907606
c42,n0,10.0,replanifier_jalon,1,0,10.0,en_cours,,4.0,0.06731104736480746,0.5596171482455863,0.5811970895920313,0.2655956335728667,0.4212552643399983,0.5931896053572534,0.3778691685957351,0.8153005703246249,0.08263442177277024,0.08263442177277024,-0.397221588979947
c42,n1,15.0,ne_rien_faire,1,1,15.0,partiel,0.0,4.0,0.17097666815340554,0.3436667963535064,0.6042800841243752,0.6358412770201006,0.2859429412457379,0.7233222442488142,0.5870677222017197,0.35859888534736134,0.0,0.0,-0.5801408655173729
c42,n2,0.0,boost_capacite,1,1,0.0,partiel,0.0,0.0,0.5852576968598243,0.9230781061909156,0.09272080152468792,0.7743152075394515,0.49295496151498985,0.39393583081772665,0.5252538674731879,0.6465416781374299,0.06576450329934143,0.06576450329934143,-0.48405473064666266
c42,n3,13.0,replanifier_jalon,1,0,13.0,en_cours,,3.0,0.4187313198704448,0.3499828822751561,0.8499407681804737,0.553163195621141,0.3279742043166684,0.44477980213228424,0.682251221392896,0.5224449558651694,0.19,0.19,0.1911028525857888
c42,n4,1.0,boost_capacite,1,1,1.0,partiel,0.0,0.0,0.3096453485738825,0.25882424507501156,0.3520700854370762,0.28220985261329656,0.5398823007804101,0.590064441060319,0.15121952041327108,0.19389577341505732,0.19,0.19,-0.38310314529051326
c42,n5,13.0,ne_rien_faire,1,1,13.0,resolu,1.0,1.0,0.19747529896387878,0.23458512060536163,0.6825174317343307,0.3776124956707137,0.16776022359032836,0.07537751338026243,0.8443086315873942,0.9276201386488435,0.0,0.0,-0.19125295870966452
c42,n6,1.0,expedition_express,1,1,1.0,resolu,1.0,0.0,0.34595101452987614,0.35743300853356935,0.09203417406401451,0.8598423623055717,0.5354047584716746,0.5149620631891993,0.545504308449418,0.6341733038384236,0.18,0.18,0.6876300733772531
c42,n7,14.0,ne_rien_faire,1,1,14.0,echec,0.0,3.0,0.3370344105704325,0.7506891568832724,0.35215288292335245,0.19400849361257344,0.43241831795369456,0.38547174200917583,0.46729386642578735,0.24642503051029727,0.0,0.0,-0.9238793553973743
c42,n8,14.0,ne_rien_faire,1,1,14.0,partiel,0.0,0.0,0.20192165142871227,0.2786231856467698,0.21065812289127966,0.399484882150427,0.044959928767055166,0.8827098892593019,0.6091044642846122,0.9045521646450988,0.0,0.0,-1.4081709189359515
c42,n9,13.0,ne_rien_faire,1,1,13.0,partiel,0.0,3.0,0.04211989587133903,0.5206006126704069,0.6295936498655705,0.20802746741092815,0.32246421090256266,0.4228115212675387,0.42343175835324987,0.3091513421051509,0.0,0.0,-0.16429921354353894
c42,n10,10.0,ne_rien_faire,1,1,10.0,partiel,0.0,4.0,0.46514397424381587,0.490952973118976,0.37996576914916574,0.3255292360150053,0.6832746305253943,0.17626393426571202,0.13606895396280455,0.8571225817132737,0.0,0.0,-0.04475695299974114
c42,n11,5.0,revue_declaration,1,1,5.0,partiel,0.0,2.0,0.09328902543727331,0.28809147956161213,0.44070554455551114,0.5945193775746934,0.7248156956290099,0.20011992139238965,0.7439198840577967,0.39394846434981406,0.05249761951415173,0.05249761951415173,0.3980121066107778
c42,n12,16.0,revue_declaration,1,1,16.0,resolu,1.0,1.0,0.3627046532460237,0.22514744199827857,0.13286064410212575,0.5346709194207018,0.37408631183249147,0.7243871315154709,0.6674537963595867,0.9360192735350056,0.11922721033773194,0.11922721033773194,0.6560709899704877
c42,n13,1.0,ne_rien_faire,1,1,1.0,echec,0.0,1.0,0.21630035038894177,0.7300937420631264,0.7289964320407308,0.32827452530551043,0.14256734396413534,0.32914074991086417,0.22730876976082276,0.48179436404197307,0.0,0.0,-0.3135390263085802
c42,n14,5.0,replanifier_jalon,1,1,5.0,resolu,1.0,2.0,0.022300439528843145,0.14880961322938221,0.5320664616319629,0.05956531328394109,0.1528278795836996,0.7458113072104061,0.8805059568706203,0.61816845218557,0.08263442177277024,0.08263442177277024,0.524041631775283
c42,n15,3.0,ne_rien_faire,1,1,3.0,resolu,1.0,2.0,0.08530197978071535,0.041166894993787805,0.3909392954594657,0.6240750873658123,0.5059350527052887,0.33475575275019775,0.2948129108112468,0.5658711895140766,0.0,0.0,0.04883824095631106
c42,n16,5.0,ne_rien_faire,1,1,5.0,partiel,0.0,1.0,0.6503011455384853,0.2705511304208571,0.4789548863780691,0.10861695483029533,0.390839393372293,0.2679439692420778,0.32481261077188006,0.9209304978613424,0.0,0.0,-2.1998829345763915
c42,n17,17.0,expedition_express,1,1,17.0,echec,0.0,1.0,0.38141836029975545,0.6610303756077527,0.7106589381134643,0.4581828797029874,0.6285883487826166,0.3700834703237345,0.726887164591936,0.39219047494775916,0.18,0.18,2.1105876290088883
c42,n18,5.0,ne_rien_faire,1,1,5.0,partiel,0.0,0.0,0.13605852507229113,0.4730733729211107,0.5108024890026245,0.222371329025434,0.24123432451302068,0.8296741235019531,0.3694983147225786,0.7054052479505531,0.0,0.0,0.7251324898506037
c42,n19,11.0,ne_rien_faire,1,1,11.0,echec,0.0,4.0,0.34297661209534314,0.09068015884101821,0.2827905616705817,0.8066843813393048,0.8980595731051821,0.876053990429302,0.6134086664419093,0.7166072299210938,0.0,0.0,1.3241748662816972
c42,n20,0.0,revue_declaration,1,1,0.0,partiel,0.0,1.0,0.14731129729555278,0.39552754630651293,0.5221215152542664,0.8567329162527548,0.7256322262451409,0.8275646224111136,0.42689127905435703,0.9967984829120007,0.19999999999999998,0.19999999999999998,0.361595976870429
c42,n21,6.0,ne_rien_faire,1,1,6.0,partiel,0.0,4.0,0.4430832496984186,0.024833967259455834,0.4127874719904728,0.7644466028440293,0.514231547113068,0.0553747824948312,0.20265227419177137,0.6253796657743725,0.0,0.0,-0.261759782789574
c42,n22,2.0,ne_rien_faire,1,1,2.0,resolu,1.0,0.0,0.6247093571674224,0.20466118689845395,0.43843755240754023,0.5988477379861514,0.0671625576791705,0.4449898626414724,0.35138650741574307,0.7894207449628627,0.0,0.0,-0.24085371601774755
c42,n23,2.0,revue_declaration,1,1,2.0,echec,0.0,3.0,0.8626606491389274,0.5684196836707658,0.9420551044542077,0.3849763011963403,0.38580846157287063,0.5291311054983061,0.7988701501210521,0.6694109117518945,0.05249761951415173,0.05249761951415173,1.81087024715332
c42,n24,2.0,promouvoir_arc_secours,1,0,2.0,en_cours,,0.0,0.23425803230881184,0.5143098975863217,0.4962699871474602,0.23503439570147938,0.5658771918853689,0.5709675399293459,0.1513060231645191,0.7835437110922666,0.11114874117773832,0.11114874117773832,0.3234657859936323
c42,n25,13.0,ne_rien_faire,1,1,13.0,partiel,0.0,3.0,0.07013499685055333,0.05573400761721862,0.6858351575399118,0.4505322472366849,0.41221761114812977,0.6605550758771671,0.09453469335541335,0.618613241324136,0.0,0.0,-0.6026022029121456
c42,n26,2.0,ne_rien_faire,1,1,2.0,resolu,1.0,4.0,0.22769767934078572,0.5193862412040534,0.6114067084971553,0.3368919436843451,0.5126079011746038,0.2951361227997346,0.8914018517154239,0.6928364027087917,0.0,0.0,0.059862766903903464
c42,n27,13.0,ne_rien_faire,1,1,13.0,partiel,0.0,4.0,0.1878994685476099,0.6464398999428911,0.4957869498479513,0.4418787032858152,0.6281890327068439,0.8735014615274496,0.2971870541643696,0.4924799663342402,0.0,0.0,-0.18251961128061076
c42,n28,0.0,ne_rien_faire,1,1,0.0,resolu,1.0,1.0,0.4055333804075779,0.4354655328658491,0.8457354582394976,0.5854971720104483,0.4596632147115378,0.4704009354860211,0.38976062440156656,0.6971448886215602,0.0,0.0,-0.22564438156673092
c42,n29,11.0,ne_rien_faire,1,1,11.0,echec,0.0,3.0,0.11411349063816774,0.44126524306769643,0.934480978015513,0.8183286208799845,0.6615960837645746,0.17782466016651347,0.21384380276448284,0.9105449685938437,0.0,0.0,-0.6766802110947642
c42,n30,16.0,expedition_express,1,1,16.0,partiel,0.0,3.0,0.3331983789571195,0.2975439541301728,0.01972491530589375,0.43053720405704926,0.5140684632032507,0.6866048329269967,0.2028661476698711,0.8703753896049978,0.19999999999999998,0.19999999999999998,-0.010976648608517742
c42,n31,9.0,ne_rien_faire,1,1,9.0,partiel,0.0,4.0,0.3417215682563391,0.25353662416327094,0.16069479263390443,0.5714574723966477,0.5833396601433718,0.6116757441094872,0.02676635891711756,0.5089786359543872,0.0,0.0,-0.4147043449573661
c42,n32,11.0,boost_capacite,1,0,11.0,en_cours,,1.0,0.08025581587108288,0.4763660443639466,0.597047262825422,0.729376931284987,0.30554973776733496,0.28357362198992997,0.4228966217739947,0.6481709826277097,0.06576450329934143,0.06576450329934143,-0.6427416110491939
c42,n33,12.0,ne_rien_faire,1,1,12.0,partiel,0.0,2.0,0.6962131214035958,0.5351980337871054,0.6352688085778028,0.3664352100124926,0.5736617332429946,0.5355418259739465,0.4054148735165807,0.2681123798418019,0.0,0.0,1.0392467267704752
c42,n34,0.0,ne_rien_faire,1,1,0.0,partiel,0.0,4.0,0.08856617918072389,0.047472220134972654,0.7360284456607664,0.41619444383210114,0.36802057647257097,0.7236596427162025,0.7642255010496563,0.6921918286813684,0.0,0.0,0.6055672718466713
c42,n35,15.0,promouvoir_arc_secours,1,1,15.0,resolu,1.0,1.0,0.4449273111189288,0.5580041672225377,0.48052003463337545,0.3058241356605973,0.874496700652747,0.8624291206534062,0.6134290487055951,0.9865636824192746,0.07121226987735195,0.07121226987735195,0.8828933053335566
c42,n36,8.0,ne_rien_faire,1,1,8.0,partiel,0.0,0.0,0.10491674339287775,0.2477812384564976,0.024674074386396065,0.7526808749625502,0.4791142761981319,0.2576774681027523,0.7332628628499158,0.23055390193335393,0.0,0.0,-0.7983587694016493
c42,n37,4.0,ne_rien_faire,1,1,4.0,resolu,1.0,2.0,0.0470238694076244,0.15722138023842416,0.12210071658244621,0.5973899551965595,0.6645626250453485,0.3330259095028442,0.2474368068918409,0.5255351354323928,0.0,0.0,-0.8302060773006235
c42,n38,16.0,ne_rien_faire,1,1,16.0,partiel,0.0,2.0,0.39418685415052135,0.3942856671624091,0.8438852505127049,0.8019047807854254,0.36149938671104903,0.17042090786053837,0.7009974059082289,0.420491249799948,0.0,0.0,-1.0715461365665893
c42,n39,12.0,expedition_express,1,1,12.0,resolu,1.0,2.0,0.2079589558066328,0.20975268217021223,0.6280751509122131,0.9052638740821837,0.9567935054522675,0.2231105918812564,0.5769755392475234,0.41509926630972926,0.09287777229911215,0.09287777229911215,0.1652449948008322
c42,n40,1.0,ne_rien_faire,1,1,1.0,echec,0.0,4.0,0.3498355272427113,0.4622965474557428,0.7566772582402814,0.4123891282215482,0.6946328765330181,0.796041321017494,0.9488800910529674,0.7574542712805451,0.0,0.0,0.4919588152801446
c42,n41,6.0,ne_rien_faire,1,1,6.0,partiel,0.0,4.0,0.06798762699297833,0.06647898788002189,0.3261585200051861,0.3916177077203835,0.5937701779200083,0.4426184499005814,0.5648924206168736,0.5513607056010372,0.0,0.0,0.08104199973810544
c42,n42,3.0,ne_rien_faire,1,1,3.0,resolu,1.0,0.0,0.206658044818764,0.43434278592744985,0.10055118929391231,0.5669246776248473,0.1556168101644978,0.14667414479085883,0.5034271952576767,0.59131153058018,0.0,0.0,-1.0421161805659631
c42,n43,1.0,boost_capacite,1,1,1.0,partiel,0.0,2.0,0.32508365897406805,0.38481475263263804,0.4683443598915466,0.9205616180533284,0.3517343798476742,0.4706966852588327,0.7611989369129484,0.7441906666357836,0.053075940557296836,0.053075940557296836,1.3472520876074703
c42,n44,12.0,ne_rien_faire,1,1,12.0,partiel,0.0,2.0,0.16552920552571804,0.31075015230410136,0.08341900194896847,0.2730701476604417,0.5590265375361861,0.3942830751509259,0.525531646733801,0.941032977327964,0.0,0.0,0.6470921222738127
c42,n45,16.0,ne_rien_faire,1,1,16.0,partiel,0.0,1.0,0.12245407508062275,0.160655552686204,0.6729598489086368,0.8140013066198022,0.5804413828124758,0.7081289230325454,0.7867119544288261,0.8765119683019242,0.0,0.0,0.30449297091949934
c42,n46,16.0,ne_rien_faire,1,1,16.0,echec,0.0,0.0,0.13416163307544873,0.5335486132423721,0.7669619206377922,0.46691382889731775,0.8398864406753803,0.6926278796837716,0.565676137775007,0.798026045871388,0.0,0.0,0.3323497482797418
c42,n47,3.0,ne_rien_faire,1,1,3.0,echec,0.0,2.0,0.10755734388746158,0.383620060806992,0.13812912152266674,0.7409935563170332,0.5521499347759222,0.4009898745618719,0.3964716414077555,0.9772539206555054,0.0,0.0,-0.5196466522492155
c42,n48,15.0,ne_rien_faire,1,1,15.0,partiel,0.0,0.0,0.2609910777339273,0.17312605709562098,0.3146390459110154,0.4685888717495604,0.6509340036534474,0.7071435942838373,0.8956437567993534,0.8828478343463909,0.0,0.0,1.6159817310210356
c42,n49,15.0,expedition_express,1,1,15.0,resolu,1.0,0.0,0.13767451989303667,0.4264725249629116,0.6131437955575552,0.36570121783564097,0.11791762252215823,0.36303985018413465,0.3113935227091364,0.8337512838678266,0.18,0.18,-1.3254988857103556
c42,n0,11.0,ne_rien_faire,1,1,11.0,echec,0.0,3.0,0.13072456186150072,0.4152585641934249,0.3250179358091488,0.5724353616038562,0.8940888766139908,0.6385525070216498,0.2763475398870324,0.4035792306959537,0.0,0.0,-0.24177890737197782
c42,n1,6.0,ne_rien_faire,1,1,6.0,partiel,0.0,3.0,0.1055866630857797,0.31903794606183405,0.48753208463088343,0.16634326204915797,0.587747554781262,0.054312464502243474,0.5778966356977608,0.322094433893043,0.0,0.0,-1.1582783072702032
c42,n2,16.0,boost_capacite,1,1,16.0,resolu,1.0,2.0,0.05187030839273706,0.46678380095674427,0.8109759970096199,0.5407375212901535,0.6330548304734359,0.44609856488107985,0.11019858111806848,0.8929424704781884,0.053075940557296836,0.053075940557296836,-0.42825462198915965
c42,n3,3.0,ne_rien_faire,1,1,3.0,partiel,0.0,4.0,0.08768970621344124,0.29236124606916375,0.5000322395001346,0.36406949832554764,0.7460723483883008,0.5995117285331872,0.4995281857956467,0.5899856455789424,0.0,0.0,-1.0527648295571592
c42,n4,17.0,ne_rien_faire,1,1,17.0,partiel,0.0,4.0,0.4420538309056227,0.2821966846196631,0.6556208432624766,0.4129050197867986,0.35630552091522794,0.33042070011927627,0.38484243324629536,0.8940430364061593,0.0,0.0,0.598895800985966
c42,n5,9.0,ne_rien_faire,1,1,9.0,echec,0.0,2.0,0.3521179212598432,0.1332849554562957,0.45687888582409136,0.3340762926150509,0.7580563975575543,0.45685100673314694,0.6459087230491156,0.6150413393540414,0.0,0.0,0.49362892734210273
c42,n6,13.0,revue_declaration,1,1,13.0,echec,0.0,0.0,0.3777940874442834,0.7744725389823546,0.7355703965882096,0.10297730715703912,0.3745619297465512,0.6456956139414947,0.5194701280986097,0.2819746911042467,0.07101163994378579,0.07101163994378579,-0.22565481003936844
c42,n7,6.0,revue_declaration,1,1,6.0,resolu,1.0,0.0,0.2621219811927676,0.5875001666634878,0.42914033053793377,0.33770098432701734,0.7335500477051828,0.47509454411486923,0.5392473584296504,0.9895503301313497,0.19999999999999998,0.19999999999999998,0.051876505398449055
c42,n8,11.0,ne_rien_faire,1,1,11.0,partiel,0.0,2.0,0.13961161186566798,0.26505808936251957,0.6088750177431002,0.4079225809191826,0.11609362706149216,0.8715401088995878,0.22683554385653135,0.3764089759680557,0.0,0.0,-0.5652857477117501
c42,n9,14.0,ne_rien_faire,1,1,14.0,resolu,1.0,3.0,0.3377574525414946,0.33584487353155773,0.23068465368960675,0.34520172890038936,0.6136997176183583,0.6400553713537676,0.6164489782594299,0.17384250897024445,0.0,0.0,1.0808372170487484
c42,n10,10.0,ne_rien_faire,1,1,10.0,partiel,0.0,2.0,0.20588996943197407,0.12351810686188379,0.9057542807626198,0.6198631312781794,0.22766734066375585,0.810410016855275,0.7803037795333896,0.6674541761531829,0.0,0.0,0.23356116172176522
c42,n11,9.0,ne_rien_faire,1,1,9.0,partiel,0.0,1.0,0.3634985426305074,0.11623158901254312,0.4319228678013072,0.0660958163602297,0.7712056134157981,0.8131226338349654,0.46629504755486173,0.9061525437853188,0.0,0.0,0.14791989553523854
c42,n12,0.0,promouvoir_arc_secours,1,1,0.0,partiel,0.0,4.0,0.44275010708413554,0.29401345085476993,0.8739380565109715,0.5291603609211626,0.8337872440235262,0.3635384840940329,0.454403507394346,0.9105306221297049,0.0847811404775453,0.0847811404775453,0.6843090646231397
c42,n13,13.0,ne_rien_faire,1,1,13.0,echec,0.0,2.0,0.20654454855665177,0.30619271062620157,0.1915827622469881,0.6216167517737535,0.5815056848766267,0.321204056402128,0.3525245617611803,0.9315131261306262,0.0,0.0,-0.7595881070181794
c42,n14,1.0,expedition_express,1,1,1.0,partiel,0.0,1.0,0.1723768245131386,0.25886190484536115,0.7197290572015703,0.26912388268030585,0.4797600464331221,0.7705184620430685,0.32018381953995856,0.8044166632520783,0.10748598928679363,0.10748598928679363,1.5117205042639172
c42,n15,12.0,ne_rien_faire,1,1,12.0,partiel,0.0,3.0,0.34796384311160344,0.14930785390836793,0.8830993586692293,0.8182356108281335,0.7124487741064303,0.2348006382336847,0.334954327650453,0.9693675778795177,0.0,0.0,-2.5059419495921182
c42,n16,8.0,expedition_express,1,1,8.0,partiel,0.0,1.0,0.27332827228466006,0.5329084135865626,0.7160400457957483,0.22466988630258639,0.41075218168196825,0.6487589877977709,0.5834413387914368,0.8409759565879473,0.18,0.18,-1.6908268108439986
c42,n17,14.0,ne_rien_faire,1,1,14.0,echec,0.0,0.0,0.8108274158725651,0.6456831717310615,0.39353065090263556,0.6916621351626587,0.3323205850318073,0.9021362528110082,0.8142785790714989,0.9526115873274771,0.0,0.0,1.3055508866063512
c42,n18,9.0,ne_rien_faire,1,1,9.0,resolu,1.0,2.0,0.2969440511931666,0.6462280341297919,0.5678815439147203,0.732757781649071,0.4832710893958437,0.29656053839424,0.46168264269640735,0.26058850200226646,0.0,0.0,0.9191417507639368
c42,n19,5.0,revue_declaration,1,1,5.0,partiel,0.0,3.0,0.5783091056492,0.5863357806563109,0.038262856288638666,0.7437111253762638,0.5178121340717979,0.7202229143572868,0.4629544549454262,0.4650902370044327,0.05249761951415173,0.05249761951415173,0.32871333093005206
c42,n20,5.0,ne_rien_faire,1,1,5.0,partiel,0.0,0.0,0.256810240089323,0.1128452070409829,0.3956860396271512,0.47228045962688425,0.5013636934194717,0.6028643499413542,0.938603338029488,0.7412018216944368,0.0,0.0,0.9552425467642849
c42,n21,12.0,ne_rien_faire,1,1,12.0,resolu,1.0,1.0,0.47701910437427403,0.3563766572012802,0.48187740659764966,0.4726013373812607,0.32507458336241607,0.13015685120950102,0.3731163820544501,0.5664183952601157,0.0,0.0,-0.06291789269864406
c42,n22,16.0,promouvoir_arc_secours,1,1,16.0,resolu,1.0,0.0,0.5995204631960898,0.9562701985945131,0.16970895545743417,0.9130168108139735,0.22985337619430787,0.23514612381684633,0.5265756593833765,0.9168046020721027,0.07121226987735195,0.07121226987735195,0.4688854639309593
c42,n23,2.0,replanifier_jalon,1,1,2.0,partiel,0.0,0.0,0.1784957079600573,0.2569169095421937,0.22273910308355915,0.4742708119070553,0.367676497691425,0.6515162967593541,0.6805796065331836,0.3219473326665724,0.05036857131959023,0.05036857131959023,1.2367811047514279
c42,n24,12.0,boost_capacite,1,1,12.0,partiel,0.0,2.0,0.37419807431613694,0.6347865643044093,0.21243217480932192,0.4217434558488931,0.45276933392782337,0.9768685730224423,0.7798618409191692,0.5846872513334646,0.09404583781437073,0.09404583781437073,1.0413173551428425
c42,n25,9.0,revue_declaration,1,1,9.0,partiel,0.0,0.0,0.11988340943755543,0.47336675281401897,0.4906596419049145,0.669159950963664,0.8021715199198036,0.19814409384331072,0.5061012951801357,0.9655869877040659,0.19999999999999998,0.19999999999999998,-1.7935719129348544
c42,n26,1.0,ne_rien_faire,1,1,1.0,partiel,0.0,1.0,0.38291735856570636,0.7869081482171641,0.1715647086426399,0.7119291176802724,0.4260067180190272,0.7677540843831978,0.39738431331404245,0.42999706618097383,0.0,0.0,-0.47693403513840976
c42,n27,13.0,ne_rien_faire,1,1,13.0,partiel,0.0,4.0,0.37171452148217055,0.16371407729879245,0.835747846043204,0.43736984942845736,0.5680376483236226,0.9768722076535915,0.6948165843609537,0.5709463635038415,0.0,0.0,1.7991739963392392
c42,n28,10.0,boost_capacite,1,0,10.0,en_cours,,0.0,0.22430995146265387,0.054945717774116096,0.5096745418959984,0.31310742977502354,0.6722596249539879,0.6998559580980391,0.5294891416195076,0.9262522406427258,0.09355254606088138,0.09355254606088138,1.9929843165201733
c42,n29,6.0,revue_declaration,1,1,6.0,echec,0.0,3.0,0.5919821458327119,0.6699301365781893,0.5701282615960792,0.810409918408533,0.27441643105846814,0.6380396723742161,0.4976091080794485,0.6248082509743461,0.05249761951415173,0.05249761951415173,1.8225722618698916
c42,n30,7.0,ne_rien_faire,1,1,7.0,resolu,1.0,4.0,0.20423628925423395,0.282350316037114,0.9344054649143485,0.731267888164983,0.08331377246901835,0.3314762118458426,0.5361110877422773,0.9708740462158246,0.0,0.0,0.5494058932368655
c42,n31,9.0,ne_rien_faire,1,1,9.0,partiel,0.0,4.0,0.11755891854622884,0.5360198441294003,0.7585214458200144,0.42928512965293547,0.40157185761804415,0.45942355207237157,0.6505646372927905,0.3767514617812981,0.0,0.0,0.13217756081603899
c42,n32,2.0,ne_rien_faire,1,1,2.0,partiel,0.0,3.0,0.20032463911680265,0.5057840881115343,0.3352039703481054,0.282714903199233,0.478490201573404,0.6605562072748721,0.5751490893004477,0.18631555230353689,0.0,0.0,1.2680785274867683
c42,n33,16.0,expedition_express,1,1,16.0,resolu,1.0,2.0,0.2041242762710399,0.45089488043375314,0.7732804290609215,0.2607333677585879,0.6860807813939065,0.4377857501014401,0.38552068958103053,0.5523363143820249,0.09287777229911215,0.09287777229911215,-0.8015398786787696
c42,n34,4.0,ne_rien_faire,1,1,4.0,echec,0.0,3.0,0.24439154559624154,0.15254978388740942,0.7735233039699088,0.28535448561265314,0.5876719887659854,0.6708635270269097,0.710874942001219,0.615263464431673,0.0,0.0,0.3954825614149239
c42,n35,13.0,ne_rien_faire,1,1,13.0,resolu,1.0,0.0,0.11022524391038935,0.5402307978419695,0.5222117296246064,0.28133356311587215,0.9197783766931453,0.4097786358953977,0.3204940445187968,0.9761490581077794,0.0,0.0,-2.2774172584352614
c42,n36,14.0,ne_rien_faire,1,1,14.0,partiel,0.0,0.0,0.09043935680882076,0.7430413677365476,0.6333416873613573,0.22961582091643776,0.49707871849782415,0.3275246089551172,0.7103751242402742,0.6057043082187903,0.0,0.0,-0.741351610113245
c42,n37,16.0,revue_declaration,1,1,16.0,echec,0.0,1.0,0.06794734724729388,0.5274865248808569,0.1594393355107122,0.4697536711275873,0.5589193010968591,0.6075212657712222,0.6863504757748322,0.9995770130421708,0.11922721033773194,0.11922721033773194,-0.1865084378211237
c42,n38,16.0,ne_rien_faire,1,1,16.0,partiel,0.0,4.0,0.19975578319123535,0.35212225404686376,0.3677982729940515,0.843175552293701,0.29129714566721254,0.29976614820167036,0.3765089166948468,0.57737474142025,0.0,0.0,-1.0022770012979865
c42,n39,4.0,ne_rien_faire,1,1,4.0,partiel,0.0,4.0,0.12542774245599225,0.3161572605023901,0.5259274567273916,0.36268395028304884,0.4231709197505147,0.41676759872436925,0.21187694355794603,0.17435137333873665,0.0,0.0,-1.8741518949160465
c42,n40,12.0,revue_declaration,1,1,12.0,resolu,1.0,2.0,0.013965412439822375,0.4567145368063307,0.1437343216558256,0.6121243789253619,0.17587054825865175,0.34839298443227584,0.8187508048323917,0.8431859335550698,0.05249761951415173,0.05249761951415173,-0.14214046185400367
c42,n41,17.0,ne_rien_faire,1,1,17.0,resolu,1.0,2.0,0.03917897124272754,0.5715110556159263,0.7407328217357264,0.5478301397844917,0.29740425693376815,0.46217665954439147,0.26778086958273906,0.9228296880867868,0.0,0.0,-0.23856236182445634
c42,n42,2.0,revue_declaration,1,1,2.0,partiel,0.0,0.0,0.19638857909260723,0.5399746862959961,0.655719490381855,0.20465907873889885,0.13015118003357,0.5053923617118805,0.9062907303107071,0.32870036477534814,0.07101163994378579,0.07101163994378579,1.8508334947214966
c42,n43,11.0,ne_rien_faire,1,1,11.0,partiel,0.0,3.0,0.09408518417508449,0.31406221661740946,0.5814798173663343,0.5283613562433984,0.8992529755170138,0.16722872414959217,0.38929574063531974,0.753294227266683,0.0,0.0,-1.511016329472623
c42,n44,8.0,ne_rien_faire,1,1,8.0,echec,0.0,4.0,0.39676464172521136,0.2843603816558825,0.8577779211574761,0.24616778375946802,0.7451552538282515,0.6268680338681452,0.6939618757329696,0.5156750091802332,0.0,0.0,0.6186981779909398
c42,n45,16.0,expedition_express,1,0,16.0,en_cours,,1.0,0.15556658315109068,0.26497837107595945,0.46803406584905904,0.44131446934240093,0.7713242426381482,0.7488420699888069,0.4596271148777876,0.8730819614645461,0.18,0.18,-0.37787473635862645
c42,n46,11.0,ne_rien_faire,1,1,11.0,partiel,0.0,2.0,0.08639038176951129,0.21298757900005671,0.49243779152058287,0.4472019540072468,0.18820805128844773,0.19159396315847943,0.49275754733019017,0.8610643726765707,0.0,0.0,-0.9159431425247653
c42,n47,4.0,revue_declaration,1,1,4.0,echec,0.0,0.0,0.2638328853534395,0.28864302195335023,0.2783849127609324,0.8499440798530936,0.518379199168885,0.30900050877744845,0.8320598030802914,0.7908171060917272,0.07101163994378579,0.07101163994378579,1.5022915763803453
c42,n48,5.0,ne_rien_faire,1,1,5.0,partiel,0.0,0.0,0.4078070058426918,0.28017224662914386,0.5135232049104609,0.8176362376521885,0.7973945273103226,0.445294571206816,0.30962204856353326,0.27877468185007664,0.0,0.0,-0.4376501015101969
c42,n49,8.0,ne_rien_faire,1,1,8.0,partiel,0.0,1.0,0.1846779677821306,0.06850413789275936,0.7630046070769453,0.5109211695109066,0.33547938938531463,0.4310162325835206,0.7703957458182898,0.5177706459666082,0.0,0.0,1.444209742579855
c42,n0,13.0,ne_rien_faire,1,1,13.0,resolu,1.0,0.0,0.06570208852043714,0.15265183100642918,0.6538450082728076,0.5806039993777924,0.46765232003454893,0.6081348570753992,0.20454039150902145,0.728553333630494,0.0,0.0,-0.6971589706920043
c42,n1,7.0,ne_rien_faire,1,1,7.0,partiel,0.0,4.0,0.3507992500905585,0.48639245018742505,0.4320731520053128,0.06279916483553902,0.7716428699366613,0.5138186261166838,0.6718236586022247,0.6472795723734132,0.0,0.0,0.6633991406911557
c42,n2,1.0,ne_rien_faire,1,1,1.0,resolu,1.0,3.0,0.2678658125994691,0.20007692111810624,0.5750997323599765,0.3903943090902272,0.38200693428439286,0.1788930700522614,0.8986395597795755,0.5059108896408886,0.0,0.0,-0.5809982357290487
c42,n3,16.0,ne_rien_faire,1,1,16.0,partiel,0.0,0.0,0.08568492460370328,0.29313110784145746,0.38589199158311355,0.5121965131597463,0.30745747998735473,0.8030926383716636,0.39330191441606294,0.9266452165896863,0.0,0.0,0.767741538456764
c42,n4,14.0,boost_capacite,1,1,14.0,partiel,0.0,0.0,0.5180744011704457,0.6598006596785031,0.38144341259056486,0.2964848580488508,0.27703665799960614,0.3353683495367226,0.4688196365428797,0.8565294792231503,0.06576450329934143,0.06576450329934143,0.7881968904142155
c42,n5,9.0,ne_rien_faire,1,1,9.0,echec,0.0,1.0,0.09321911481089772,0.6824204862207243,0.49145112341998515,0.2443546367385291,0.6682176116292854,0.2223661691580964,0.27090016409173723,0.2621014733164341,0.0,0.0,-0.050591925242589264
c42,n6,4.0,ne_rien_faire,1,1,4.0,partiel,0.0,2.0,0.1702335108939366,0.3395245590078043,0.3555199563084696,0.1897387524751517,0.19530344820346154,0.6869528369636468,0.34226597652554747,0.6968762997323517,0.0,0.0,-0.8217616553993563
c42,n7,3.0,ne_rien_faire,1,1,3.0,echec,0.0,3.0,0.14066098009149103,0.7717670419262815,0.09978813425897673,0.44664376336676653,0.4242844954484744,0.5622951586051255,0.13264744722073973,0.6234014585497304,0.0,0.0,-1.095956218398961
c42,n8,17.0,replanifier_jalon,1,1,17.0,echec,0.0,2.0,0.08137174073577079,0.47883425559856835,0.7403422243061275,0.543734200737699,0.7767796156046018,0.9136382872835072,0.3398868433303408,0.91079161089241,0.07586754174215447,0.07586754174215447,0.6620911705211096
c42,n9,13.0,ne_rien_faire,1,1,13.0,partiel,0.0,0.0,0.2125862844083975,0.03606220121138279,0.7738335756561667,0.32410365457038526,0.35982501489716473,0.4276423481090695,0.7050178483439967,0.664354916708068,0.0,0.0,0.6703252067700732
c42,n10,6.0,ne_rien_faire,1,1,6.0,echec,0.0,3.0,0.3414503201309668,0.5128050406905796,0.4408021811912091,0.7518586252010052,0.8537513163018694,0.7328852292094046,0.35540456998701886,0.7786794380751357,0.0,0.0,-0.9244198248357126
c42,n11,16.0,ne_rien_faire,1,1,16.0,partiel,0.0,0.0,0.16628878782425632,0.6065901098441348,0.7346591955679181,0.6902563151048428,0.8701698990699325,0.5308084386302948,0.4871049343762083,0.9740858932703416,0.0,0.0,-0.7374423801508626
c42,n12,15.0,ne_rien_faire,1,1,15.0,partiel,0.0,0.0,0.11435782645274885,0.1297257698926936,0.3651759182159536,0.3230787769812118,0.7973408889203952,0.3027012961664704,0.3939443702296979,0.8468156077564885,0.0,0.0,0.7724297714733844
c42,n13,4.0,boost_capacite,1,1,4.0,resolu,1.0,0.0,0.0663489257426199,0.4278544119072949,0.8807352721460274,0.6129690049194616,0.6164357836064983,0.582847792325926,0.6620529827504649,0.7717686386285783,0.06576450329934143,0.06576450329934143,0.490061690389356
c42,n14,11.0,revue_declaration,1,1,11.0,resolu,1.0,3.0,0.34188177289732474,0.08939922294207936,0.5052542684036481,0.4951840628853238,0.5686712419104973,0.6683081332147234,0.49093863117522635,0.8518085767070179,0.08598823526196597,0.08598823526196597,0.6968295209385231
c42,n15,2.0,ne_rien_faire,1,1,2.0,resolu,1.0,4.0,0.43908572970819865,0.17476532621165256,0.7056409003358536,0.09508658163042111,0.40823917283719735,0.11742906245692046,0.4043176322829002,0.25452430866440195,0.0,0.0,0.42272950871447046
c42,n16,3.0,promouvoir_arc_secours,1,0,3.0,en_cours,,3.0,0.5681658772340221,0.11726087715649644,0.6202620440138809,0.4932642677456212,0.6695072830002821,0.8590352692088807,0.6632807898540036,0.8463576725389952,0.08604221741899593,0.08604221741899593,2.444520051125771
c42,n17,4.0,ne_rien_faire,1,1,4.0,resolu,1.0,1.0,0.09368958212159709,0.2334637749249896,0.9026256697605384,0.2987631312876206,0.1530730535623609,0.5930482759635621,0.37290934929962194,0.31975372805924124,0.0,0.0,0.11788844709620644
c42,n18,4.0,revue_declaration,1,1,4.0,echec,0.0,3.0,0.018549100068381737,0.7389871092133399,0.1036774162297018,0.2256169235172108,0.9055872322295735,0.6929389526037562,0.3471988366226809,0.8110238762117543,0.05249761951415173,0.05249761951415173,-0.38936188470031213
c42,n19,10.0,replanifier_jalon,1,1,10.0,resolu,1.0,3.0,0.44831856223367034,0.3498689652625439,0.6430741235814758,0.2583804428257293,0.35471508219022513,0.49818290765510925,0.8259266574076993,0.5337112941141984,0.19,0.19,2.6748206006654285
c42,n20,15.0,promouvoir_arc_secours,1,1,15.0,resolu,1.0,0.0,0.3937806586037217,0.5085254862332336,0.6147641202811001,0.6157103717586403,0.11396392526347104,0.7103641829438272,0.790441553858195,0.5320059437328901,0.11114874117773832,0.11114874117773832,1.878233224105309
c42,n21,0.0,replanifier_jalon,1,1,0.0,echec,0.0,1.0,0.008953314613644873,0.49631410390366804,0.682613712844439,0.9482631787364053,0.7653591354654509,0.1839374468765796,0.4331242707157171,0.9971081877447592,0.06948979284705413,0.06948979284705413,-0.04073965280774583
c42,n22,7.0,boost_capacite,1,1,7.0,resolu,1.0,0.0,0.05245942144822917,0.34154098400165583,0.3660490253490865,0.5881047992760017,0.715005903481401,0.18179267775892322,0.35913684441478305,0.8276144827894893,0.06576450329934143,0.06576450329934143,-2.2124901823284473
c42,n23,8.0,promouvoir_arc_secours,1,1,8.0,resolu,1.0,0.0,0.2701935791606802,0.4036251032356803,0.19710228967078214,0.7853653825710771,0.8399483271467022,0.5880840811140602,0.6712553184853284,0.9725659447748927,0.07121226987735195,0.07121226987735195,1.0060202231112796
c42,n24,11.0,ne_rien_faire,1,1,11.0,partiel,0.0,0.0,0.18525211487870347,0.13352700759642097,0.6147119573845478,0.4084961979116916,0.5927365446398913,0.608740511386059,0.24453347349259627,0.5655765891067845,0.0,0.0,0.59774296406729
c42,n25,16.0,ne_rien_faire,1,1,16.0,partiel,0.0,4.0,0.4879582639066829,0.526877239482401,0.7037416576826314,0.6171194104228284,0.670865320266896,0.457017940428554,0.19990106620236556,0.552539585890717,0.0,0.0,-0.027894312275224653
c42,n26,13.0,ne_rien_faire,1,1,13.0,partiel,0.0,0.0,0.08362341399631922,0.2256374975878954,0.4466333406986685,0.40123695762454886,0.8494855646740755,0.4409648900391417,0.31888921828499306,0.23725953802033575,0.0,0.0,-1.2180986090728605
c42,n27,11.0,ne_rien_faire,1,1,11.0,resolu,1.0,4.0,0.23876087124862605,0.42128980106476016,0.7848240695088026,0.3529666029611676,0.583211465479477,0.5852541907929925,0.6253081754195307,0.30956355571319555,0.0,0.0,-1.2000774817218343
c42,n28,6.0,ne_rien_faire,1,1,6.0,partiel,0.0,4.0,0.4111694481309188,0.2221982065564697,0.3611835261267308,0.6165185010736206,0.43881593555142384,0.7163900365508346,0.5564290631101431,0.9807635691891443,0.0,0.0,0.4782003664906754
c42,n29,11.0,ne_rien_faire,1,1,11.0,partiel,0.0,2.0,0.04668567726761695,0.026052298159369314,0.5463672296833796,0.8447699357110109,0.39852470310732224,0.5306567499950673,0.6511841934095484,0.6910268753603915,0.0,0.0,-0.2720382519688046
c42,n30,14.0,boost_capacite,1,0,14.0,en_cours,,2.0,0.16987018626271339,0.39984363871259715,0.7563783665699725,0.2709587089337244,0.7493664693791464,0.1802099354868531,0.22397029235450155,0.3894484114908618,0.053075940557296836,0.053075940557296836,0.2931679317177349
c42,n31,14.0,promouvoir_arc_secours,1,1,14.0,resolu,1.0,3.0,0.4753951933421798,0.64266688508666,0.4064220008150274,0.14035570975376746,0.5539145662569288,0.6490240345012322,0.5051513402739282,0.5444114856658578,0.08604221741899593,0.08604221741899593,-0.10620730158106373
c42,n32,12.0,ne_rien_faire,1,1,12.0,partiel,0.0,4.0,0.32097992256614055,0.08943750944453042,0.3733756558412755,0.290543139025815,0.5398465734147355,0.5746783341585022,0.5546304284414614,0.5503647375462808,0.0,0.0,1.618598552636722
c42,n33,12.0,expedition_express,1,1,12.0,partiel,0.0,2.0,0.19958070470452263,0.8729007103096009,0.21005214859972465,0.47035837996208285,0.46474948060096677,0.3536204347192327,0.10256075205042976,0.21354923453437133,0.09287777229911215,0.09287777229911215,-0.5945816030034958
c42,n34,9.0,expedition_express,1,1,9.0,echec,0.0,2.0,0.3395195218246439,0.2561214486438957,0.5621128200856969,0.572114667013031,0.43096942083714473,0.6212739482395507,0.7115713014592924,0.6800062341115506,0.19999999999999998,0.19999999999999998,0.9974736718217769
c42,n35,17.0,boost_capacite,1,1,17.0,partiel,0.0,4.0,0.496966625146516,0.6845028858807797,0.7843715867177254,0.1678456532399114,0.4754078370952668,0.199657519955427,0.18340432559398676,0.4289459014129372,0.053075940557296836,0.053075940557296836,-0.6647344675068507
c42,n36,14.0,boost_capacite,1,1,14.0,echec,0.0,2.0,0.546124203594802,0.2501659053953161,0.5367735845765026,0.9597218524297911,0.7996119387814714,0.3984468174835599,0.771257143929738,0.44540877792721734,0.053075940557296836,0.053075940557296836,1.0832214306322845
c42,n37,13.0,boost_capacite,1,1,13.0,partiel,0.0,0.0,0.12624074484381964,0.2129971503856881,0.5704542911744045,0.5663131396837892,0.6516955830536916,0.6230533907965617,0.4859621218792077,0.6365340103201379,0.06576450329934143,0.06576450329934143,0.6902361305110292
c42,n38,14.0,boost_capacite,1,1,14.0,resolu,1.0,1.0,0.17307348282997773,0.24493860376830362,0.9895546713141172,0.23671690072873777,0.8038889573807529,0.5245185948381824,0.8947123960727189,0.6580862202818295,0.06576450329934143,0.06576450329934143,1.8407644609653118
c42,n39,12.0,ne_rien_faire,1,1,12.0,partiel,0.0,0.0,0.1286314179563065,0.6380954593429542,0.32870068376515627,0.40648588388418894,0.1528813007538453,0.4562079258629103,0.047373432237626904,0.5866776707272535,0.0,0.0,-1.508565258867643
c42,n40,15.0,ne_rien_faire,1,1,15.0,resolu,1.0,3.0,0.4079833327476082,0.5361095828378358,0.38352727472710746,0.5607179275032254,0.7681664398115734,0.6057130286432748,0.3316733622166632,0.8058239590336657,0.0,0.0,-1.1639866884823793
c42,n41,16.0,ne_rien_faire,1,1,16.0,partiel,0.0,3.0,0.4985802548431614,0.07794565466158161,0.27515599634434246,0.2701556138354531,0.14274027809626375,0.07442832490255187,0.40488597510331237,0.9625000961654235,0.0,0.0,0.061622510103725436
c42,n42,10.0,ne_rien_faire,1,1,10.0,resolu,1.0,2.0,0.09863626986189741,0.20718651363579424,0.21429209373547853,0.15485008056132996,0.14748801930758004,0.9088187424493342,0.18182293204732225,0.7714775330772959,0.0,0.0,-0.8541077798299597
c42,n43,15.0,ne_rien_faire,1,1,15.0,resolu,1.0,1.0,0.14365539264054678,0.28371226576357367,0.24014387674919885,0.5668692786742484,0.09834997370318227,0.45473783170120063,0.7333957944376136,0.7888061220676272,0.0,0.0,0.2349795759490488
c42,n44,1.0,ne_rien_faire,1,1,1.0,partiel,0.0,2.0,0.6741164365335695,0.1564018604532761,0.6124814349912147,0.17860105775098523,0.47699154259016474,0.7826912460154075,0.38339575946423254,0.714433912103406,0.0,0.0,0.13168743919614256
c42,n45,14.0,ne_rien_faire,1,1,14.0,partiel,0.0,0.0,0.2524992116387908,0.3784689741279556,0.4817798137548969,0.2740396207751947,0.36861472144894986,0.18376284656105765,0.2930959734162834,0.912325385598183,0.0,0.0,-1.3633030782980184
c42,n46,9.0,replanifier_jalon,1,1,9.0,resolu,1.0,2.0,0.26513921481333513,0.10692571175129643,0.2524066609539063,0.5121449591877099,0.8396928089479422,0.44737661707802184,0.8187170365171824,0.8008470624595296,0.19,0.19,1.9822558885076444
c42,n47,11.0,ne_rien_faire,1,1,11.0,partiel,0.0,4.0,0.02883464745724183,0.18150646025397124,0.6552755450926543,0.4725419319702444,0.5670399692256289,0.7574362074894325,0.08584518827854376,0.9635387693612106,0.0,0.0,-0.9504634932399614
c42,n48,6.0,ne_rien_faire,1,1,6.0,partiel,0.0,3.0,0.36345783158034917,0.4608682653465728,0.31452348925814555,0.11339496891743654,0.7552026569108949,0.2526672286396381,0.19139861350820483,0.7565955622893307,0.0,0.0,-0.33492519674808496
c42,n49,8.0,ne_rien_faire,1,1,8.0,partiel,0.0,1.0,0.2912214471000157,0.4260469475388634,0.1363344354139441,0.22935070574930483,0.38056243558135033,0.5535087222767204,0.4502212005053282,0.6997722647670447,0.0,0.0,-0.35292009227737653
c42,n0,8.0,boost_capacite,1,1,8.0,echec,0.0,3.0,0.14468041836262885,0.2844311821789569,0.31029109664527826,0.3543698755400038,0.34159413646056935,0.38085128745516966,0.5386567951215995,0.7997827696582497,0.09404583781437073,0.09404583781437073,0.35981846581519794
c42,n1,10.0,promouvoir_arc_secours,1,1,10.0,echec,0.0,3.0,0.2142059250795273,0.4185814683805453,0.22953423685988417,0.527775551284684,0.7327087357840818,0.30857029647309925,0.27325348628012924,0.9633898396284318,0.0847811404775453,0.0847811404775453,-0.3063915717404764
c42,n2,8.0,ne_rien_faire,1,1,8.0,partiel,0.0,4.0,0.20915729820437948,0.1271644840745973,0.6124975856154575,0.045393875365122044,0.27771235351026746,0.6035304276762251,0.3243785832401261,0.4596127524719001,0.0,0.0,0.13084357899340093
c42,n3,5.0,ne_rien_faire,1,1,5.0,echec,0.0,4.0,0.11443483092462226,0.4506127110592679,0.5520215909297677,0.4229061932272532,0.20766870378769767,0.41168251195175615,0.5308672796305238,0.9714882666680235,0.0,0.0,-0.5112584351180015
c42,n4,8.0,promouvoir_arc_secours,1,1,8.0,partiel,0.0,2.0,0.17094263526902226,0.5273929650380974,0.26029190381214756,0.15574920060016104,0.7961042952543547,0.2986597413355513,0.29235789401101586,0.5331782825909436,0.06507160887649192,0.06507160887649192,-0.0251847256143658
c42,n5,5.0,ne_rien_faire,1,1,5.0,echec,0.0,1.0,0.09672458149544554,0.48638448097293735,0.2750713971307079,0.2850056929211463,0.8552148415605373,0.41941163632985856,0.2151663199644211,0.4910539436391783,0.0,0.0,-0.5506024701037697
c42,n6,10.0,promouvoir_arc_secours,1,1,10.0,resolu,1.0,3.0,0.36450400334045313,0.3354463036479866,0.3048658957877317,0.06193895959651047,0.5428463877336104,0.8622303457321455,0.8685229465698663,0.7997635386934419,0.08604221741899593,0.08604221741899593,2.2640439322607824
c42,n7,16.0,replanifier_jalon,1,1,16.0,partiel,0.0,1.0,0.3552122491978775,0.5806045525576354,0.4160986722918928,0.6319930846509342,0.5306122551631312,0.5890363305909796,0.7451804671896549,0.9773851836057389,0.06948979284705413,0.06948979284705413,1.633008924303978
c42,n8,9.0,ne_rien_faire,1,1,9.0,partiel,0.0,4.0,0.2660604855267472,0.6419952503625987,0.3966030711590436,0.7287873392152231,0.5390180123724587,0.7738313822733572,0.3087753602358064,0.43965091530673156,0.0,0.0,-0.2312163942721691
c42,n9,5.0,promouvoir_arc_secours,1,0,5.0,en_cours,,0.0,0.6484506961449295,0.33652823458786063,0.8040459741588196,0.4938963302293891,0.3678089211611198,0.6960764495576695,0.7121291832018111,0.993980788367629,0.07121226987735195,0.07121226987735195,0.31627682086268416
c42,n10,5.0,promouvoir_arc_secours,1,1,5.0,resolu,1.0,1.0,0.1658095769816054,0.8359604965895036,0.2706921327357048,0.668027210839737,0.8214980668265922,0.8151716100719513,0.2699184016021655,0.8872221760337237,0.09375668266232669,0.09375668266232669,0.4077131601713736
c42,n11,3.0,boost_capacite,1,1,3.0,partiel,0.0,1.0,0.2992409000636483,0.3678769692382092,0.1476250293924831,0.33759293856867406,0.7048445889181842,0.8414520356477138,0.230963781565771,0.9754012059370041,0.09355254606088138,0.09355254606088138,0.7118648739473352
c42,n12,4.0,ne_rien_faire,1,1,4.0,resolu,1.0,4.0,0.059897168333841073,0.09383886816325054,0.9085129801707696,0.488579530835221,0.47606957925288956,0.2914930724847811,0.665155480251054,0.73447421907787,0.0,0.0,-0.7080292059633579
c42,n13,6.0,ne_rien_faire,1,1,6.0,partiel,0.0,0.0,0.2150093988916906,0.5195669415920671,0.6846436912555364,0.7464751798411822,0.34675208600222956,0.0796742852836287,0.1316935179698704,0.6196600997048021,0.0,0.0,-0.6341500570731744
c42,n14,11.0,ne_rien_faire,1,1,11.0,resolu,1.0,2.0,0.0749032828908926,0.5625975810189217,0.8318028078514603,0.1756415779044456,0.18203230394824338,0.3088971196474303,0.7562857044186155,0.7755123412140751,0.0,0.0,0.16756915913147674
c42,n15,4.0,ne_rien_faire,1,1,4.0,echec,0.0,0.0,0.36513519097602015,0.41768191094513624,0.14915047227946862,0.583701342010324,0.5582320692467984,0.5289278767737954,0.27813274840167046,0.896521835769358,0.0,0.0,0.5401888097305311
c42,n16,12.0,revue_declaration,1,1,12.0,partiel,0.0,2.0,0.405838627043082,0.18582352051417822,0.4147578714249709,0.23706471131468082,0.34699942971011905,0.2954162879817682,0.29975274156644477,0.4987713820680745,0.05249761951415173,0.05249761951415173,0.652224562249972
c42,n17,11.0,ne_rien_faire,1,1,11.0,partiel,0.0,2.0,0.04406413173051265,0.1017002408361666,0.37750614175647124,0.39168071443002667,0.36920515619763905,0.5812798618607198,0.6014126517195986,0.7720167135616913,0.0,0.0,0.7547346599617238
c42,n18,8.0,boost_capacite,1,1,8.0,resolu,1.0,2.0,0.2890250948767038,0.20727509007127545,0.6513934414794573,0.22361867701370272,0.32241900593723244,0.5125381456747514,0.19653259581891536,0.9627129378857725,0.18,0.18,-0.324426723909346
c42,n19,11.0,boost_capacite,1,1,11.0,resolu,1.0,4.0,0.10302973461430287,0.5026367468201071,0.40930334534269847,0.524126314301256,0.6780810770818015,0.511482079768601,0.666736800192185,0.8994708939996269,0.053075940557296836,0.053075940557296836,1.5143442824178324
c42,n20,7.0,ne_rien_faire,1,1,7.0,partiel,0.0,4.0,0.017298675412411108,0.6039832676494825,0.7984884151835594,0.4818177027229433,0.6333516339616128,0.354998448310052,0.5381311637655394,0.5751943449328982,0.0,0.0,-1.5847734926538797
c42,n21,16.0,expedition_express,1,1,16.0,echec,0.0,3.0,0.30421917960038164,0.26703199388963433,0.701287197747309,0.18676942855562717,0.8907832490933881,0.14291094618142616,0.6498828930864525,0.7175808393305834,0.09287777229911215,0.09287777229911215,-0.38198029960043056
c42,n22,1.0,ne_rien_faire,1,1,1.0,echec,0.0,1.0,0.36167653887950635,0.4239497190658694,0.7198506416800678,0.5320731410082059,0.3307626938951892,0.24511229192881828,0.57528626747396,0.9053514756802532,0.0,0.0,1.0070934823108788
c42,n23,15.0,revue_declaration,1,0,15.0,en_cours,,3.0,0.3434814339431261,0.39392391787807646,0.7682537766254537,0.5453136746204295,0.8117077576858179,0.3595430076034717,0.6815483118958827,0.573027523803635,0.05249761951415173,0.05249761951415173,0.3818282274732775
c42,n24,2.0,ne_rien_faire,1,1,2.0,resolu,1.0,1.0,0.14825030103716477,0.3226256118366135,0.18658917116333013,0.08082199289330647,0.14537730941514693,0.41246365414697655,0.8293442733720607,0.42433700272494584,0.0,0.0,-0.10549484501792394
c42,n25,17.0,ne_rien_faire,1,1,17.0,partiel,0.0,2.0,0.24719113130555134,0.2827642976464283,0.2942086075496696,0.28189188147869954,0.6318637224179529,0.1974257779295913,0.2652797354905912,0.2509517042713606,0.0,0.0,-0.8377803073969582
c42,n26,15.0,ne_rien_faire,1,1,15.0,partiel,0.0,4.0,0.04581906435083592,0.1245285872349892,0.4132823151006482,0.8643572997318425,0.6296360391469404,0.5861292133638035,0.5705577589516309,0.435834489486107,0.0,0.0,-1.1812912107563405
c42,n27,9.0,replanifier_jalon,1,0,9.0,en_cours,,4.0,0.4327898992091426,0.305500588885579,0.0994498121206304,0.8336167928939611,0.38857826338550955,0.678739372892286,0.5849165429143627,0.343622676251301,0.19,0.19,1.3103512834348954
c42,n28,11.0,promouvoir_arc_secours,1,1,11.0,partiel,0.0,0.0,0.1140259513120151,0.5986030849163138,0.4461304409318646,0.712545382690628,0.6565736885398539,0.8944221562355654,0.34601799043029696,0.5891484809377118,0.11114874117773832,0.11114874117773832,0.14033525420841922
c42,n29,2.0,replanifier_jalon,1,1,2.0,partiel,0.0,2.0,0.33413816167891647,0.5501725347923053,0.09629049509430967,0.43664435139911106,0.7079397273216977,0.8062702395512755,0.2638478270821046,0.8512846768112898,0.08263442177277024,0.08263442177277024,-0.13376597609902266
c42,n30,13.0,revue_declaration,1,1,13.0,partiel,0.0,1.0,0.15515849823708025,0.2589739604271647,0.3425067111179501,0.37969242242282364,0.45456055830396774,0.404138619085843,0.14313565991628333,0.5229447967070663,0.07101163994378579,0.07101163994378579,-0.6318505741391243
c42,n31,6.0,promouvoir_arc_secours,1,1,6.0,resolu,1.0,3.0,0.30027695769159257,0.49363687254038907,0.6170157680383366,0.4766261535531651,0.5433053518805421,0.4216570995175285,0.7114504595581573,0.2364623358558012,0.06507160887649192,0.06507160887649192,1.9830658197526
c42,n32,4.0,ne_rien_faire,1,1,4.0,partiel,0.0,3.0,0.4315230570951108,0.4886137395582591,0.16911839005660376,0.14814990013838278,0.3673371260803983,0.1734296724926723,0.21517985712776105,0.4332050262843026,0.0,0.0,-1.4495412526277653
c42,n33,13.0,ne_rien_faire,1,1,13.0,partiel,0.0,0.0,0.292925043257711,0.3922324117695717,0.4998517697259729,0.764819591456712,0.30942204560752185,0.5406176518911261,0.45590785967712744,0.9367841655492936,0.0,0.0,-0.7210287576264434
c42,n34,1.0,promouvoir_arc_secours,1,1,1.0,resolu,1.0,1.0,0.07542758850020433,0.4658175778992882,0.35314159719832416,0.17816921314804204,0.42473263882743495,0.08543688761793077,0.3700184283563858,0.792817506153881,0.09375668266232669,0.09375668266232669,0.7035184569863009
c42,n35,13.0,ne_rien_faire,1,1,13.0,resolu,1.0,2.0,0.1599864817504791,0.4078579146770782,0.6356433101395236,0.6824974450174864,0.47884289745668296,0.4171031591429375,0.24963999247464969,0.5061838881856585,0.0,0.0,-1.0053434263920822
c42,n36,2.0,ne_rien_faire,1,1,2.0,partiel,0.0,0.0,0.4294820843039887,0.2779104952592427,0.4188500341864196,0.6098658525572224,0.553613976443622,0.8493003734793122,0.4992573471021746,0.7560852131458877,0.0,0.0,-0.9792732026314228
c42,n37,6.0,replanifier_jalon,1,1,6.0,partiel,0.0,3.0,0.5780267497111045,0.6486850509680074,0.5393587627809268,0.7069519131469366,0.20624958952116523,0.7262607560120642,0.3573874690139763,0.3718047021899743,0.08263442177277024,0.08263442177277024,0.3571733698244889
c42,n38,11.0,promouvoir_arc_secours,1,1,11.0,echec,0.0,3.0,0.2114867839850647,0.4494664534400459,0.953697918988278,0.41874365333767855,0.6101192185952051,0.8234644361913354,0.14509205648367995,0.7632186216969925,0.06507160887649192,0.06507160887649192,-0.09794366841922097
c42,n39,7.0,ne_rien_faire,1,1,7.0,echec,0.0,2.0,0.3479308875706547,0.05954796328015335,0.08503600009320265,0.599147351588783,0.3976966809164573,0.2694353115199249,0.76004690469348,0.957612279058381,0.0,0.0,-0.03848271248808249
c42,n40,8.0,ne_rien_faire,1,1,8.0,partiel,0.0,4.0,0.19610523819655304,0.2794272031604287,0.525740757209187,0.44279155582041135,0.8751127220277382,0.6780969038854878,0.46050093040079687,0.8990586169330583,0.0,0.0,0.29078351724919305
c42,n41,4.0,ne_rien_faire,1,1,4.0,resolu,1.0,0.0,0.12113231093484106,0.7464048069173047,0.44840825263382733,0.4873368974975622,0.3926629729563603,0.4850213501353458,0.58439908799747,0.6138930882735654,0.0,0.0,0.6708631786025104
c42,n42,2.0,boost_capacite,1,1,2.0,resolu,1.0,4.0,0.35135278857253754,0.28407135065969297,0.37633595984554236,0.40857283258488536,0.37824564590765347,0.4402536434576392,0.528311386996497,0.21372841947524088,0.09404583781437073,0.09404583781437073,0.17539451395610867
c42,n43,5.0,replanifier_jalon,1,1,5.0,resolu,1.0,3.0,0.16149827730892904,0.25580914675397376,0.6495602837383114,0.9471688980411653,0.5335477147054761,0.5936268724612783,0.48955229057645977,0.8098453396902575,0.19,0.19,1.186750255539295
c42,n44,7.0,expedition_express,1,0,7.0,en_cours,,3.0,0.02128215259582882,0.4023947967283118,0.3282372297430166,0.5544017563589256,0.8822549489413225,0.6953145431291705,0.5966553455003818,0.7274541924486305,0.09287777229911215,0.09287777229911215,0.26249059240381123
c42,n45,10.0,ne_rien_faire,1,1,10.0,partiel,0.0,1.0,0.17603198825405078,0.4866046129256637,0.4256740145300674,0.9239631482398197,0.24177464966015827,0.463416155970309,0.20881696231636912,0.8707844555688595,0.0,0.0,-1.4043025380201783
c42,n46,13.0,ne_rien_faire,1,1,13.0,partiel,0.0,1.0,0.04309857116645912,0.25712795522253146,0.7446145597673861,0.518386796047752,0.010174314713006321,0.6312158377376166,0.6891595414047393,0.5231655782372834,0.0,0.0,1.034337414395607
c42,n47,15.0,ne_rien_faire,1,1,15.0,partiel,0.0,4.0,0.24998795637619206,0.4913116063626702,0.5206169750275336,0.6272074489529953,0.7486654717495036,0.8320267274247755,0.5989646718495624,0.3043949293405906,0.0,0.0,0.1990518055114449
c42,n48,14.0,ne_rien_faire,1,1,14.0,echec,0.0,2.0,0.27560526358260934,0.3618934077901825,0.928861764910471,0.5748734700668519,0.6930097099291647,0.8665668398211108,0.20833977725122754,0.3052613299824592,0.0,0.0,-0.4277270423361428
c42,n49,9.0,ne_rien_faire,1,1,9.0,partiel,0.0,1.0,0.4569478646235813,0.4584233425582633,0.6771721357108027,0.7346563047964486,0.09986923762988492,0.5628185142250735,0.27961663231485345,0.34138625962982266,0.0,0.0,-0.9765900128011192
c42,n0,0.0,ne_rien_faire,1,1,0.0,partiel,0.0,0.0,0.3847323125796456,0.28321922308814707,0.23642017675613675,0.8338793164964559,0.09981197029500756,0.35616620201819943,0.1774730893908492,0.9441088656698514,0.0,0.0,0.6072449766990985
c42,n1,13.0,expedition_express,1,1,13.0,resolu,1.0,0.0,0.13414664556561562,0.3937080840995668,0.7334518186787268,0.13820881537288587,0.7748304308390883,0.10799879672154825,0.634237766328422,0.5684835913081929,0.18,0.18,-0.4865206922187893
c42,n2,8.0,ne_rien_faire,1,1,8.0,partiel,0.0,0.0,0.2261657289056335,0.2969993134865519,0.7067709675902737,0.3094837751507076,0.4159722346945812,0.4390922045281665,0.5387030528133538,0.8401540185196487,0.0,0.0,-0.08102973388870455
c42,n3,16.0,expedition_express,1,1,16.0,partiel,0.0,4.0,0.0503512492335535,0.34441255555837624,0.12077747414035345,0.6143411256790087,0.5082621675098712,0.1999460558285332,0.43030310663131843,0.9903317395992828,0.050825581787975416,0.050825581787975416,1.2498914297224664
c42,n4,1.0,ne_rien_faire,1,1,1.0,partiel,0.0,0.0,0.28844837354145786,0.18449078661325674,0.44537695397247284,0.7482513125127913,0.7770526955606771,0.41199525622748084,0.8381972097372274,0.8713427207906075,0.0,0.0,0.8989946358751824
c42,n5,0.0,boost_capacite,1,1,0.0,partiel,0.0,1.0,0.4932583130041269,0.20738548855889372,0.7539580893508577,0.29756677367157,0.4375347022459606,0.34116918999369034,0.3573485126300039,0.8602247869126547,0.06576450329934143,0.06576450329934143,0.7002619026572219
c42,n6,13.0,revue_declaration,1,1,13.0,partiel,0.0,0.0,0.20876714326963355,0.038229412169490364,0.19453780275126176,0.3577498711876337,0.25857920062588285,0.7236658896985966,0.6569332044320917,0.5734558295330306,0.08275544669906046,0.08275544669906046,1.0374394244606113
c42,n7,1.0,ne_rien_faire,1,1,1.0,partiel,0.0,0.0,0.24344052769930222,0.27046975028229675,0.3829667173925914,0.4504591906156847,0.7980782375799421,0.20489683978930914,0.6588765359568645,0.9537966385515295,0.0,0.0,-0.49644262308020415
c42,n8,8.0,replanifier_jalon,1,1,8.0,resolu,1.0,3.0,0.2390422705141197,0.24992808678048914,0.726820142911213,0.5705857710536482,0.6755917542281586,0.5660395357049376,0.5450081270439204,0.7741472992258348,0.19,0.19,-0.45063388450197905
c42,n9,13.0,ne_rien_faire,1,1,13.0,partiel,0.0,1.0,0.3469431446917091,0.37274107427844394,0.5814078105124968,0.6087057352875959,0.6046934238151598,0.3415065297277198,0.5039934502298852,0.7520782510404624,0.0,0.0,-1.938499279241312
c42,n10,14.0,replanifier_jalon,1,1,14.0,echec,0.0,2.0,0.16487272272729916,0.6520976837365645,0.3179941956076522,0.09014907922651462,0.14408318944882736,0.42675593143678014,0.2593739938334706,0.8690844177884252,0.08263442177277024,0.08263442177277024,0.03649802482797371
c42,n11,13.0,replanifier_jalon,1,1,13.0,partiel,0.0,0.0,0.3624560343136424,0.35704288671441364,0.22933370067345737,0.2970368883419608,0.6332151013655247,0.6839476907789505,0.5714367265795216,0.7273386853499102,0.05036857131959023,0.05036857131959023,-0.11557471634902561
c42,n12,15.0,ne_rien_faire,1,1,15.0,resolu,1.0,0.0,0.31254217928719896,0.4954944220714025,0.4606746647650896,0.5026787133370688,0.5962870553132149,0.04735636781148712,0.668635213061814,0.5956500158830363,0.0,0.0,0.5627345824605886
c42,n13,15.0,revue_declaration,1,0,15.0,en_cours,,3.0,0.15893697272053822,0.35496097950446326,0.748496738626003,0.7141578605516298,0.2104555669827744,0.5933909689565268,0.6917202244749373,0.7867681380524572,0.05249761951415173,0.05249761951415173,1.302870566307228
c42,n14,0.0,replanifier_jalon,1,1,0.0,partiel,0.0,4.0,0.6963596631661119,0.6771842408366215,0.2719696773516704,0.7978660908545416,0.7486083977668909,0.702142349757291,0.32015257326383834,0.5212955749698771,0.19,0.19,0.09055803543398888
c42,n15,16.0,ne_rien_faire,1,1,16.0,echec,0.0,3.0,0.6410978476317276,0.2286510750026342,0.659136430450141,0.7303220111993411,0.7199418888286018,0.3113665840991221,0.3511498002945365,0.7861188705511176,0.0,0.0,0.974399836715291
c42,n16,12.0,ne_rien_faire,1,1,12.0,echec,0.0,0.0,0.29267370612177174,0.5546696192143401,0.5753228634360471,0.7052478818466112,0.4446329462321878,0.535822404258281,0.6676195389479622,0.5837314254843554,0.0,0.0,1.0146185460987085
c42,n17,14.0,expedition_express,1,0,14.0,en_cours,,4.0,0.4421819855785395,0.45907749903972933,0.3040816642663731,0.787925819206495,0.9607026249035064,0.1452280922905169,0.4914377796165405,0.6970503321288974,0.09287777229911215,0.09287777229911215,-1.4200365796207057
c42,n18,15.0,expedition_express,1,1,15.0,resolu,1.0,2.0,0.264076525014876,0.472448524516138,0.23787015991323082,0.3162819168553468,0.6861181386675136,0.9331731570110093,0.38936470478397617,0.5447545834048885,0.19999999999999998,0.19999999999999998,0.734907263912455
c42,n19,2.0,promouvoir_arc_secours,1,1,2.0,echec,0.0,0.0,0.21867508782076328,0.46604525992669665,0.4316061520874051,0.3915417260813946,0.7582183568612594,0.5635789805707913,0.3674495208702969,0.8439746491157765,0.09375668266232669,0.09375668266232669,-0.645373125183339
c42,n20,13.0,replanifier_jalon,1,1,13.0,resolu,1.0,4.0,0.05013000845531911,0.8562009380582439,0.416820061765518,0.3120066915570907,0.23983725003689466,0.1731706986565537,0.8015210699102142,0.9630618505371971,0.06732604454191315,0.06732604454191315,-1.1170014560085582
c42,n21,16.0,promouvoir_arc_secours,1,1,16.0,resolu,1.0,4.0,0.24340564824288577,0.2779014241857893,0.717435704549899,0.8878700534812753,0.390031078581954,0.6573507512039414,0.1504968169355848,0.4933033629430126,0.06507160887649192,0.06507160887649192,-0.44496308164931164
c42,n22,7.0,ne_rien_faire,1,1,7.0,partiel,0.0,4.0,0.12096963453079716,0.4293148922008857,0.3407414207748155,0.6647360172673031,0.24095394902555303,0.446281359296574,0.6318134655923475,0.44693178366642705,0.0,0.0,0.836643920019269
c42,n23,10.0,ne_rien_faire,1,1,10.0,partiel,0.0,2.0,0.047656564802230524,0.33066099892048556,0.626868932287655,0.16922499920990647,0.3704198502511757,0.6239375753769633,0.36510443402858095,0.8921044208042767,0.0,0.0,-0.7956586387477649
c42,n24,10.0,ne_rien_faire,1,1,10.0,partiel,0.0,3.0,0.08074987787620262,0.331264930047332,0.2559825984327547,0.42833457731938834,0.36038336538011934,0.7222350727726748,0.6967257656047335,0.7118725450814194,0.0,0.0,1.3816924415310567
c42,n25,3.0,ne_rien_faire,1,1,3.0,resolu,1.0,1.0,0.07575423673696838,0.27929406811287666,0.09462919041417818,0.25521819047696787,0.2737660200887328,0.3719791525380985,0.11867908948032642,0.7333304991867032,0.0,0.0,-1.6340363181682245
c42,n26,10.0,ne_rien_faire,1,1,10.0,partiel,0.0,1.0,0.1597993211887379,0.4724134143871376,0.5545702375310055,0.7868773148990265,0.5054329672415759,0.3435726424291735,0.43329254569922265,0.3392648632676629,0.0,0.0,-1.8906112725085193
c42,n27,0.0,ne_rien_faire,1,1,0.0,partiel,0.0,0.0,0.21855061815496007,0.1778245581271206,0.2743156673612472,0.7979040553181681,0.7453358161093043,0.7719925038464108,0.5856785994304183,0.577452340347716,0.0,0.0,-0.47873096119228503
c42,n28,4.0,expedition_express,1,1,4.0,echec,0.0,2.0,0.08639020340307811,0.22152598025939374,0.7141317297872458,0.3062800652453658,0.5193796368115391,0.36574494529131574,0.6051081750771321,0.6948512785297376,0.09287777229911215,0.09287777229911215,0.8150902011930323
c42,n29,5.0,ne_rien_faire,1,1,5.0,partiel,0.0,4.0,0.013713374810144277,0.1998148079037106,0.48733106841097923,0.4043704981998562,0.6642585284391178,0.746186315293294,0.4640450142338443,0.7123487286136979,0.0,0.0,0.17386531580192152
c42,n30,13.0,ne_rien_faire,1,1,13.0,resolu,1.0,3.0,0.832763353785809,0.35236172335862775,0.1255423012660267,0.8892945009131085,0.2323463751787913,0.4627710393262814,0.20887206408621578,0.8386660388639151,0.0,0.0,0.09873711950674058
c42,n31,17.0,ne_rien_faire,1,1,17.0,resolu,1.0,0.0,0.43100736438597104,0.519187440477861,0.6180527020756177,0.11701713503974416,0.40855522263481625,0.24426649032321268,0.07195645649980432,0.7818783927822527,0.0,0.0,0.007672452790685402
c42,n32,1.0,promouvoir_arc_secours,1,1,1.0,partiel,0.0,1.0,0.2718966378261303,0.1458993701668427,0.45947548081901446,0.5359944022058173,0.12249971737447002,0.7020387019799065,0.07926444122594917,0.7707233267927615,0.11114874117773832,0.11114874117773832,0.15351369389423442
c42,n33,15.0,ne_rien_faire,1,1,15.0,partiel,0.0,1.0,0.342653458535435,0.2213972673319807,0.7876727774146567,0.4896354766157354,0.20497595733943,0.6017724600559782,0.6281213434857456,0.9957942775859423,0.0,0.0,-1.1462192502529793
c42,n34,9.0,ne_rien_faire,1,1,9.0,resolu,1.0,0.0,0.16654482107803548,0.5579540582882673,0.19770150668248954,0.7500498150024013,0.40939140061238355,0.7345834587845418,0.40611214026360276,0.32477838972416667,0.0,0.0,1.4055356353660768
c42,n35,3.0,ne_rien_faire,1,1,3.0,partiel,0.0,3.0,0.35386607030341277,0.09186509763159495,0.5658024210197724,0.742604676548125,0.13118012910092552,0.6413802486495687,0.7465842142718256,0.8427738353696095,0.0,0.0,-0.127178280154993
c42,n36,5.0,boost_capacite,1,1,5.0,partiel,0.0,3.0,0.08203657061976527,0.2820362220925313,0.8339608175954953,0.4426893582425617,0.8222072167476556,0.26433603893871416,0.5450088050642075,0.9080459070587207,0.18,0.18,0.20288837312114638
c42,n37,2.0,ne_rien_faire,1,1,2.0,partiel,0.0,1.0,0.38904426877513265,0.0811561835278598,0.7881939399981128,0.3189831987900713,0.8141947210223284,0.7170031058245443,0.4844594209154069,0.5839653472956803,0.0,0.0,-1.2998543641841807
c42,n38,9.0,ne_rien_faire,1,1,9.0,resolu,1.0,4.0,0.05600666681418878,0.12721537258468615,0.6882751740273406,0.12710651150500038,0.4426363650689625,0.6856195539208989,0.7436319928570351,0.3917884918583694,0.0,0.0,-0.43271786871040435
c42,n39,5.0,revue_declaration,1,1,5.0,partiel,0.0,4.0,0.6881152047984264,0.34228800628716544,0.695743701348339,0.6193052747796716,0.3910726041622306,0.21670673847632657,0.7074514309643876,0.5869981064667121,0.05249761951415173,0.05249761951415173,0.6506608225374105
c42,n40,1.0,ne_rien_faire,1,1,1.0,partiel,0.0,2.0,0.06201205977217028,0.40712249600957323,0.40885222747754596,0.5009146335856501,0.600625621852808,0.4963315658967627,0.48233414396908614,0.4303873993347221,0.0,0.0,0.5417619969894686
c42,n41,14.0,replanifier_jalon,1,1,14.0,partiel,0.0,2.0,0.6011436194872529,0.23677508835651848,0.912617857956975,0.5718161575191787,0.4003127116814254,0.8003794845548873,0.7690510703827684,0.7234310131395006,0.19,0.19,1.6417275776138864
c42,n42,9.0,expedition_express,1,0,9.0,en_cours,,0.0,0.17379573890994995,0.22590286936928883,0.3492667665768669,0.19898502391314882,0.7214021094305728,0.17802890164016844,0.8132981477834661,0.5073983369519641,0.18,0.18,2.1226308346216247
c42,n43,10.0,expedition_express,1,1,10.0,resolu,1.0,2.0,0.11065723324546771,0.39330052321069653,0.3319180838914338,0.347787433089118,0.589551273444128,0.5609327497623497,0.8119888792976839,0.8167007433430377,0.09287777229911215,0.09287777229911215,-0.2823331598779301
c42,n44,3.0,boost_capacite,1,1,3.0,partiel,0.0,4.0,0.5934571214721696,0.6366836520059596,0.7964778995924684,0.6705505541196831,0.44280964926342914,0.27329370567939953,0.3095223935282267,0.21486568790044466,0.053075940557296836,0.053075940557296836,0.5957762818509931
c42,n45,5.0,boost_capacite,1,1,5.0,resolu,1.0,1.0,0.5803636237852698,0.04164144407354951,0.16913612384159685,0.8136455103898992,0.8608757804305582,0.6479929345094337,0.5193650621482969,0.6850405183535277,0.06576450329934143,0.06576450329934143,-0.1826041052333509
c42,n46,7.0,expedition_express,1,1,7.0,resolu,1.0,1.0,0.15886191780608117,0.3399789976764057,0.8954087129521933,0.14178930229238676,0.6410172895713182,0.520201682788095,0.8294579765704183,0.5899718423308968,0.18,0.18,0.08834701030181025
c42,n47,8.0,ne_rien_faire,1,1,8.0,partiel,0.0,1.0,0.05529597972821228,0.28854522075096123,0.6958221220919666,0.9784704345570109,0.8462572874862136,0.5673267435089447,0.6963251253721007,0.7906132089333409,0.0,0.0,-1.3964890950779203
c42,n48,10.0,revue_declaration,1,0,10.0,en_cours,,2.0,0.04557439509578459,0.07932437798233306,0.5492185876230934,0.5186701811062475,0.4093280861328312,0.4188243027862165,0.0758711054743366,0.8884361862799917,0.05249761951415173,0.05249761951415173,-0.946864035322071
c42,n49,7.0,promouvoir_arc_secours,1,1,7.0,echec,0.0,2.0,0.34461849352857504,0.6377438251775233,0.8375344495658394,0.32947349534791975,0.4005495095884697,0.8955708694274859,0.5163025671586462,0.49400366300944687,0.08604221741899593,0.08604221741899593,0.47472272343916355
c42,n0,5.0,ne_rien_faire,1,1,5.0,resolu,1.0,0.0,0.4247618045993499,0.6756253145871138,0.3583414734976764,0.01607626328766163,0.13233607503082054,0.304923628592821,0.42362933623927496,0.6442886782283404,0.0,0.0,-0.9135964639927483
c42,n1,15.0,ne_rien_faire,1,1,15.0,resolu,1.0,3.0,0.2606575693559206,0.09926108536561389,0.606653844051714,0.35931882833866574,0.34480925020144587,0.3371149270075755,0.23008663994736758,0.4028239111607543,0.0,0.0,-0.1755766284423219
c42,n2,4.0,ne_rien_faire,1,1,4.0,resolu,1.0,3.0,0.06380224460748722,0.2230985610416958,0.41030906998406036,0.3784482256361209,0.27260397915028156,0.700034235622248,0.744679384805235,0.968425887537278,0.0,0.0,0.22179144843730714
c42,n3,12.0,ne_rien_faire,1,1,12.0,partiel,0.0,0.0,0.3287119867274573,0.14533381545492197,0.4177813370387851,0.5293397721980392,0.6098356680159465,0.2880763714512215,0.7183077951754528,0.45379355803030097,0.0,0.0,0.2150165787687609
c42,n4,8.0,ne_rien_faire,1,1,8.0,echec,0.0,3.0,0.3138313860297809,0.6503838616762886,0.919280563010039,0.8911790449546134,0.19903716188248616,0.6496801219907263,0.12795585900176526,0.5995721425351377,0.0,0.0,-0.6467110507998728
c42,n5,8.0,ne_rien_faire,1,1,8.0,partiel,0.0,3.0,0.19027873045393237,0.5806833959524759,0.7537592059588684,0.5442123199501461,0.6614003787638886,0.7574486135282337,0.2413368253396272,0.6460982019048271,0.0,0.0,0.05568379572807003
c42,n6,16.0,boost_capacite,1,1,16.0,resolu,1.0,4.0,0.6318792307833163,0.46776069493909306,0.5876296101181334,0.5595398624440509,0.8677667235913872,0.6599276155351309,0.842099229034767,0.17626569273977566,0.053075940557296836,0.053075940557296836,1.2193196229792505
c42,n7,17.0,promouvoir_arc_secours,1,1,17.0,partiel,0.0,2.0,0.7900480293723546,0.24534688747217268,0.4461511291950498,0.21179196717408363,0.4118128197361413,0.5539944482674242,0.2440715680883453,0.9729006230288971,0.06404247067908966,0.06404247067908966,-0.05081470128838633
c42,n8,8.0,ne_rien_faire,1,1,8.0,partiel,0.0,3.0,0.05110562497454091,0.48538860033566467,0.5584649300667925,0.6334764623705392,0.08320515297211792,0.42472475028053536,0.6666789520034634,0.286926875617995,0.0,0.0,-0.016269879641813617
c42,n9,3.0,ne_rien_faire,1,1,3.0,partiel,0.0,2.0,0.4889704566224238,0.38532420828568736,0.7639475965764175,0.2602663615104405,0.6167834667521425,0.5974972680846805,0.13440603026311804,0.39766191352001873,0.0,0.0,0.11707094304486035
c42,n10,5.0,boost_capacite,1,1,5.0,partiel,0.0,3.0,0.1378826793311459,0.44895491727926595,0.25734713671498183,0.4199005413662841,0.8492609337138178,0.609690800869233,0.7392224546475523,0.5979502760074029,0.053075940557296836,0.053075940557296836,1.7339567172145578
c42,n11,8.0,ne_rien_faire,1,1,8.0,resolu,1.0,1.0,0.04575572806537065,0.2653844017643036,0.7987303943630816,0.3094528723096626,0.7022388754081262,0.5154688163807354,0.08323415336109258,0.3534503200138404,0.0,0.0,-2.7052333019946535
c42,n12,11.0,ne_rien_faire,1,1,11.0,partiel,0.0,4.0,0.2734892630250462,0.3321020360384404,0.38060674121718885,0.6070343861521557,0.04088901262903488,0.20360097421843557,0.19648955638129217,0.8714471353616139,0.0,0.0,-2.7070550632488053
c42,n13,11.0,ne_rien_faire,1,1,11.0,partiel,0.0,0.0,0.1444636583330738,0.5034105260268172,0.40348952924440196,0.46601551503884964,0.6169180009442526,0.7727410630645255,0.6660334054197,0.13501248828356543,0.0,0.0,1.4080601193417897
c42,n14,14.0,promouvoir_arc_secours,1,0,14.0,en_cours,,1.0,0.1180090476718004,0.7487629910468835,0.40275298210566535,0.625884385376292,0.6605287498299102,0.5213215284853149,0.5973776871103648,0.6947368851168427,0.09375668266232669,0.09375668266232669,0.8130633885439804
c42,n15,4.0,expedition_express,1,1,4.0,resolu,1.0,3.0,0.6867514417306194,0.5289520294116605,0.6258003688869104,0.11001420391171222,0.32400720955894363,0.6816455932305823,0.4148141340049414,0.8396244020985609,0.19999999999999998,0.19999999999999998,1.1233197861870279
c42,n16,12.0,ne_rien_faire,1,1,12.0,resolu,1.0,0.0,0.00979283981417039,0.5901172182742663,0.4507363058507831,0.7508240413056944,0.5895608277117966,0.36812156550528535,0.7977142951502997,0.4589934301794723,0.0,0.0,1.1256611740753786
c42,n17,13.0,ne_rien_faire,1,1,13.0,partiel,0.0,2.0,0.5922619800635694,0.20836247775303005,0.43710516261585064,0.5317077980366901,0.3974304250763215,0.36467910870004006,0.475171274830521,0.5134013242692974,0.0,0.0,1.7392116687038413
c42,n18,5.0,revue_declaration,1,1,5.0,echec,0.0,0.0,0.010726063249634593,0.732997879471278,0.6768218614514037,0.6385513363736655,0.6191305634067293,0.38519230019079015,0.6233289449377433,0.34786680169005724,0.07101163994378579,0.07101163994378579,-0.4594303492917291
c42,n19,12.0,promouvoir_arc_secours,1,1,12.0,resolu,1.0,0.0,0.6994792899160776,0.4280621038862248,0.5314636835831601,0.8080120317140762,0.8431980830076387,0.5839062965282991,0.5396017208688109,0.7938145587710147,0.09375668266232669,0.09375668266232669,0.5070826047796013
c42,n20,1.0,ne_rien_faire,1,1,1.0,partiel,0.0,4.0,0.2010996346822854,0.36961807665541,0.29609251022981664,0.24453676972558003,0.3575052811342583,0.08181129991295123,0.21762964823891062,0.4750409052478214,0.0,0.0,-2.252918364558133
c42,n21,8.0,ne_rien_faire,1,1,8.0,partiel,0.0,4.0,0.235450044849739,0.833454349610929,0.9168295599163246,0.6866163424316315,0.2250035872061536,0.29304658619256596,0.568013904330185,0.2922185968477664,0.0,0.0,-1.2086168736537928
c42,n22,6.0,replanifier_jalon,1,1,6.0,echec,0.0,3.0,0.44618150185376915,0.3709841732747247,0.2946023022124378,0.40412074157722444,0.34556731777226385,0.7349902784957374,0.15909436628473586,0.7380356914650745,0.08263442177277024,0.08263442177277024,1.2727474702259687
c42,n23,7.0,ne_rien_faire,1,1,7.0,resolu,1.0,3.0,0.11244992519953624,0.3197574693727421,0.5203086612414956,0.608817457085771,0.47118407382060706,0.1175116408285534,0.40644262785391605,0.40656471936159816,0.0,0.0,-1.440060661173415
c42,n24,16.0,expedition_express,1,1,16.0,partiel,0.0,2.0,0.22604268531111613,0.788104669947738,0.21447917160827337,0.5629920039209232,0.1689427950723802,0.7973877424619868,0.2950559662161433,0.6262828120711086,0.19999999999999998,0.19999999999999998,0.5159700530137802
c42,n25,8.0,promouvoir_arc_secours,1,1,8.0,echec,0.0,4.0,0.27109719092214546,0.17620878371721627,0.3349628446170405,0.07904436617806761,0.7897162252494421,0.5949846873008637,0.8919010641169017,0.9893562284810692,0.0847811404775453,0.0847811404775453,1.2216966362356814
c42,n26,2.0,ne_rien_faire,1,1,2.0,partiel,0.0,2.0,0.1984990605010927,0.7580013577120868,0.6497553115878772,0.2724145080323838,0.35044506622323723,0.41327982979431654,0.48144543019836467,0.6527727767942298,0.0,0.0,-0.7252779719038991
c42,n27,13.0,replanifier_jalon,1,1,13.0,resolu,1.0,1.0,0.341590268202905,0.3439693281499094,0.700262404110839,0.11320107363609815,0.33495281890622153,0.7632741991133175,0.4153463488863069,0.803707194144086,0.05036857131959023,0.05036857131959023,-0.3887199284648223
c42,n28,2.0,expedition_express,1,1,2.0,resolu,1.0,0.0,0.39938970807227003,0.23071608954129913,0.48917957006886975,0.6102649156661827,0.40301729470205977,0.2687925168274335,0.5535814000164326,0.8475802296106876,0.18,0.18,0.01581133969358251
c42,n29,3.0,ne_rien_faire,1,1,3.0,resolu,1.0,3.0,0.08087716342379261,0.6278772306391924,0.6236155498245879,0.46880831627642605,0.5994672858778579,0.2809806985729739,0.6332399013409064,0.2964918276934867,0.0,0.0,-1.1210796242464014
c42,n30,6.0,expedition_express,1,1,6.0,partiel,0.0,0.0,0.16569282332080248,0.539009817204977,0.3343090869795195,0.39609552451483965,0.6204752103188338,0.6329459446380468,0.6916022329646868,0.6983724506882585,0.10748598928679363,0.10748598928679363,0.7893613414374039
c42,n31,0.0,boost_capacite,1,1,0.0,resolu,1.0,1.0,0.1364900112446371,0.5294631584509737,0.815179753733403,0.3744535808415667,0.527331773323928,0.6016448886486621,0.22052009580027054,0.9457019814158886,0.08115534141178526,0.08115534141178526,-0.9481486308457614
c42,n32,17.0,ne_rien_faire,1,1,17.0,partiel,0.0,3.0,0.22489418285485954,0.14250235174521023,0.21695963067627977,0.8621593326357619,0.3693468070290829,0.4599753463461788,0.7416883624107902,0.5907444094819033,0.0,0.0,-0.1116305274131697
c42,n33,2.0,ne_rien_faire,1,1,2.0,echec,0.0,0.0,0.10597622899512253,0.3374735165127368,0.42119820452573503,0.7655897779942238,0.5210078254841243,0.8919252473876489,0.8013555888312609,0.9474005918458275,0.0,0.0,2.2486300289375443
c42,n34,0.0,ne_rien_faire,1,1,0.0,echec,0.0,4.0,0.32465508815725,0.6114067271818566,0.8243753614427097,0.4152639602325708,0.616926162250375,0.6703451146173501,0.5188597255809433,0.04046332676494117,0.0,0.0,0.6247027123376334
c42,n35,13.0,ne_rien_faire,1,1,13.0,partiel,0.0,4.0,0.44719068009431406,0.49429471476591746,0.9230081401274234,0.436953925313086,0.20130211901814726,0.9295238001147881,0.3184554277237673,0.350196692310744,0.0,0.0,-1.8531257655250806
c42,n36,16.0,replanifier_jalon,1,1,16.0,partiel,0.0,1.0,0.6294734408247447,0.24773748098345663,0.3046369420616684,0.6899378910820827,0.4961142260505996,0.3436879381006823,0.8063850128132002,0.7579533836861903,0.11280496606787029,0.11280496606787029,0.34483480096562524
c42,n37,4.0,expedition_express,1,1,4.0,resolu,1.0,2.0,0.522645441712671,0.7325371130453556,0.7902432591070512,0.4519035947417565,0.25752004252483285,0.5525693586917041,0.40750129505978283,0.9295556001263912,0.050825581787975416,0.050825581787975416,0.4572862650445715
c42,n38,13.0,revue_declaration,1,1,13.0,resolu,1.0,0.0,0.2090124474375259,0.16501120163576005,0.9016453637028866,0.60398469613675,0.3853015812438361,0.2567425867926506,0.37698562570237554,0.9711613312760857,0.19999999999999998,0.19999999999999998,0.03858068928995484
c42,n39,11.0,ne_rien_faire,1,1,11.0,resolu,1.0,0.0,0.1208621387902419,0.11551498001476013,0.9255305042193238,0.6503172075174861,0.6274831052672382,0.47908251408107816,0.8634598445028113,0.8516690549203598,0.0,0.0,-0.2206160921501698
c42,n40,4.0,expedition_express,1,0,4.0,en_cours,,3.0,0.22569241067799192,0.47471185002454624,0.16460965268892333,0.6289000383042307,0.8093760531443456,0.22676303173796486,0.5787246901119527,0.9350065308680251,0.050825581787975416,0.050825581787975416,0.1783210558355086
c42,n41,12.0,expedition_express,1,1,12.0,resolu,1.0,3.0,0.2977226390087307,0.4889957293642859,0.2604901568818836,0.8781069840472112,0.44987240717926696,0.5395298290102704,0.8706828037559585,0.9814347503903663,0.050825581787975416,0.050825581787975416,0.32411005704780815
c42,n42,14.0,ne_rien_faire,1,1,14.0,echec,0.0,0.0,0.48743503473536115,0.3209409253562372,0.6401683626281875,0.4638454966501221,0.49595030817987623,0.32372369329363637,0.7060834171013853,0.7241546631541274,0.0,0.0,1.1228603100538108
c42,n43,12.0,ne_rien_faire,1,1,12.0,echec,0.0,3.0,0.28325325408466473,0.15183574726482293,0.8452862264623244,0.8040705626412741,0.7309127050032169,0.3546046118524656,0.9712313238689882,0.9683895054791446,0.0,0.0,0.5563275687377085
c42,n44,9.0,revue_declaration,1,0,9.0,en_cours,,1.0,0.5839094516842034,0.5774692084335226,0.30115973817836794,0.36559926032735607,0.7102017039727787,0.7161304123613818,0.6817327874056137,0.5593888042684542,0.08275544669906046,0.08275544669906046,1.4394177966245336
c42,n45,7.0,replanifier_jalon,1,1,7.0,resolu,1.0,4.0,0.41006501279437624,0.6847543445346296,0.17427261363428814,0.3671324389597842,0.9099560602460152,0.6069020967801227,0.4845437449081337,0.6786572199661485,0.19,0.19,-0.11380400668908563
c42,n46,11.0,ne_rien_faire,1,1,11.0,partiel,0.0,3.0,0.010775961087596812,0.3175017408879542,0.4162059435305271,0.6383458607018025,0.5943462062843105,0.8900663109081967,0.43853945250361914,0.2579581504709436,0.0,0.0,0.4815487917152942
c42,n47,17.0,expedition_express,1,0,17.0,en_cours,,3.0,0.14436831011035617,0.6900332455032261,0.8873332833005017,0.8195333102278324,0.9310702052770679,0.3767693155573464,0.6325123202923261,0.8984131135619612,0.09287777229911215,0.09287777229911215,-1.1621056571486468
c42,n48,7.0,promouvoir_arc_secours,1,1,7.0,partiel,0.0,3.0,0.13497552291432818,0.32579148059113966,0.045451596804972044,0.5430394267361164,0.8298573898885928,0.22489359494323957,0.5393538252890305,0.9873695759623131,0.0847811404775453,0.0847811404775453,-1.4913706182328368
c42,n49,16.0,ne_rien_faire,1,1,16.0,resolu,1.0,2.0,0.2828490472111305,0.20225787628168454,0.17674483204978836,0.0988840724167994,0.4027567892836592,0.5767426552428923,0.7219368521413654,0.8552645609023909,0.0,0.0,1.1477657835023654
c42,n0,14.0,ne_rien_faire,1,1,14.0,partiel,0.0,2.0,0.06579441389124845,0.06542750387864452,0.5352005376185601,0.8354173696615809,0.42048633623435844,0.8730154912643792,0.696484473462696,0.45502258372017074,0.0,0.0,-1.2537122135379657
c42,n1,9.0,expedition_express,1,1,9.0,echec,0.0,4.0,0.6101666489497908,0.7024033230485835,0.4209575077282,0.37628544008458037,0.4502313192898372,0.34754785683582307,0.20862377194090725,0.8302959135435111,0.09287777229911215,0.09287777229911215,-1.2048586595443849
c42,n2,9.0,boost_capacite,1,1,9.0,echec,0.0,0.0,0.3621017880188135,0.62174211916008,0.2921566076881307,0.805092276450959,0.09924003855176596,0.19413617655676021,0.34251292080571777,0.868899022058494,0.06576450329934143,0.06576450329934143,0.3044320341282789
c42,n3,12.0,replanifier_jalon,1,1,12.0,resolu,1.0,4.0,0.2319172697739763,0.38002625316241173,0.438795514770552,0.8126202218639154,0.5001830030434177,0.4035768147642283,0.187824803113882,0.3033956216077138,0.19,0.19,-0.9481474755695899
c42,n4,5.0,ne_rien_faire,1,1,5.0,echec,0.0,0.0,0.19992426407519026,0.8091797646484933,0.31921918036894065,0.4768271403760499,0.32010014877449905,0.2942554410535918,0.6069864682865227,0.6379010962862534,0.0,0.0,-1.0368911068997906
c42,n5,11.0,revue_declaration,1,1,11.0,partiel,0.0,3.0,0.04995957144445483,0.5211934957356358,0.7235445679123667,0.5031920383633101,0.6496215585542999,0.6584113319231156,0.5988005287582536,0.7869081133892758,0.05249761951415173,0.05249761951415173,0.24093070835520963
c42,n6,1.0,ne_rien_faire,1,1,1.0,resolu,1.0,2.0,0.16873496482394773,0.6503758532610033,0.5841544132853668,0.33112033946944597,0.15148480406626924,0.8333314433420199,0.43668577692289323,0.7106778599371459,0.0,0.0,-1.7091173230044987
c42,n7,0.0,ne_rien_faire,1,1,0.0,partiel,0.0,3.0,0.15607610778856718,0.6434756845223815,0.6531800360388011,0.393949963708622,0.367608226420673,0.27777689417153356,0.8639360762487477,0.5462272157622888,0.0,0.0,-0.362990349567082
c42,n8,8.0,ne_rien_faire,1,1,8.0,partiel,0.0,2.0,0.29707401176728937,0.36974103731886115,0.7312442370459463,0.3785119493236221,0.27755067366440833,0.2595028021688435,0.4384802235979156,0.6720464367909421,0.0,0.0,-0.42498410757915855
c42,n9,16.0,ne_rien_faire,1,1,16.0,partiel,0.0,4.0,0.056626723676296745,0.41033995002503254,0.515579652213703,0.28200785584225807,0.5561174294942369,0.5188754757948123,0.3977477805666243,0.6885007973812672,0.0,0.0,-1.0854396730879459
c42,n10,1.0,ne_rien_faire,1,1,1.0,partiel,0.0,2.0,0.07608782987976406,0.5161942440789776,0.42251898081619044,0.6002164469910796,0.4175020610659482,0.2183643231980365,0.34876523810035354,0.2622862127484409,0.0,0.0,-1.5239029542282734
c42,n11,0.0,ne_rien_faire,1,1,0.0,partiel,0.0,3.0,0.05413589221655845,0.4646903047542929,0.4353797540738247,0.27577324084577254,0.219699921635903,0.057689755093358046,0.23020718012969618,0.552656077222422,0.0,0.0,-1.8443127803616295
c42,n12,15.0,boost_capacite,1,1,15.0,echec,0.0,3.0,0.1968448604216466,0.3577144645817238,0.7130410908594322,0.34845343422573527,0.2572951562863803,0.7366976973801853,0.4843743017216424,0.7978010818348487,0.09404583781437073,0.09404583781437073,0.052068741025539586
c42,n13,0.0,ne_rien_faire,1,1,0.0,echec,0.0,0.0,0.2514525135737086,0.3927827845276107,0.7576568968181183,0.24744455347035854,0.40052311080532843,0.3307218375840419,0.5207903431878023,0.9853075671009206,0.0,0.0,-0.025575871096262776
c42,n14,15.0,ne_rien_faire,1,1,15.0,echec,0.0,2.0,0.07607794608717229,0.49061053252951164,0.37127164139775476,0.5423130176498878,0.31044281137698776,0.5644471297591426,0.3469505126619554,0.5081276276465597,0.0,0.0,-0.43760351082223636
c42,n15,4.0,ne_rien_faire,1,1,4.0,partiel,0.0,3.0,0.30198684933731523,0.2958647980343756,0.7030152857543206,0.41676276082116015,0.7476974961244541,0.5695336484788998,0.43016743580117756,0.3131768693263148,0.0,0.0,1.7731818878520134
c42,n16,7.0,replanifier_jalon,1,1,7.0,resolu,1.0,1.0,0.588613235847171,0.6488232250810345,0.13053669711804,0.19147086716118414,0.6915612034446482,0.3361746012881366,0.5123556114124458,0.7550697867799347,0.11280496606787029,0.11280496606787029,1.486258045190831
c42,n17,4.0,ne_rien_faire,1,1,4.0,resolu,1.0,0.0,0.012905715293268331,0.05941512039764543,0.3885616889542194,0.3868120437629576,0.43669503216702016,0.35139300362159065,0.8352865273981284,0.5184593386979767,0.0,0.0,0.09824381684785688
c42,n18,1.0,promouvoir_arc_secours,1,0,1.0,en_cours,,2.0,0.12091427727137909,0.1300016437215571,0.4731587121192582,0.6099742238767283,0.6505085638327966,0.6131709814362677,0.5763439030688883,0.8287975982233575,0.06507160887649192,0.06507160887649192,0.8584062398295967
c42,n19,12.0,ne_rien_faire,1,1,12.0,echec,0.0,3.0,0.20333823348158878,0.10440195930577063,0.8552680593041528,0.1486312711883169,0.7809306360265642,0.41917243496144757,0.6777267355302201,0.35971040306464186,0.0,0.0,0.45486211290973466
c42,n20,17.0,expedition_express,1,1,17.0,resolu,1.0,3.0,0.700480009377903,0.6711372625731703,0.48951301589918417,0.675623484066192,0.26293237036934086,0.7014983093886074,0.5891438746613495,0.654532599455007,0.19999999999999998,0.19999999999999998,0.6816015903871657
c42,n21,14.0,ne_rien_faire,1,1,14.0,echec,0.0,0.0,0.0721437660587034,0.6592302745509506,0.7552098539405235,0.08741004597781278,0.5924367583159035,0.33158781441202495,0.19161602781504367,0.650869015533329,0.0,0.0,-0.9756506585128951
c42,n22,12.0,ne_rien_faire,1,1,12.0,echec,0.0,1.0,0.14093174482602477,0.47943099695357905,0.2017319116937788,0.20830282104222744,0.5243752577364883,0.35606868740880854,0.6830622658431084,0.9954811467687834,0.0,0.0,-0.6577969112093522
c42,n23,12.0,promouvoir_arc_secours,1,1,12.0,resolu,1.0,2.0,0.5835784188395733,0.5735590295328518,0.8181881308547356,0.22290054206629187,0.45921482812989234,0.7305330280877281,0.2038642643437506,0.42016342132004747,0.06507160887649192,0.06507160887649192,0.1388529134471097
c42,n24,7.0,boost_capacite,1,1,7.0,echec,0.0,0.0,0.08236215835138894,0.8058443081631734,0.8268227697910385,0.5681930565606889,0.5749325471929633,0.10415817370712943,0.4241011423885201,0.6325347678279396,0.06576450329934143,0.06576450329934143,0.901393871073247
c42,n25,1.0,ne_rien_faire,1,1,1.0,partiel,0.0,1.0,0.2915020483644149,0.21654029200424493,0.731066900409472,0.42006676746819305,0.3717964444750824,0.3142662796700005,0.4240805935079864,0.657630062252621,0.0,0.0,0.7410898048019448
c42,n26,16.0,replanifier_jalon,1,1,16.0,partiel,0.0,2.0,0.43227293149618684,0.4666242436791895,0.925733274178483,0.432151605885983,0.5210641081009673,0.6393266247130752,0.7695919985262377,0.7712174318600432,0.19,0.19,0.24398300791704997
c42,n27,3.0,revue_declaration,1,1,3.0,echec,0.0,4.0,0.574057981778629,0.5054433711485877,0.5188285426290068,0.6198816417478641,0.5607357264024929,0.8690034987743025,0.5392816909106478,0.622438286308281,0.08598823526196597,0.08598823526196597,0.15301255722390672
c42,n28,0.0,revue_declaration,1,1,0.0,partiel,0.0,2.0,0.06487818469595825,0.3862505533949319,0.2595700344780358,0.8938248482455046,0.9626935704584022,0.5204791136573181,0.3915846261453631,0.5623099835687092,0.05249761951415173,0.05249761951415173,-0.10003589556541254
c42,n29,0.0,ne_rien_faire,1,1,0.0,resolu,1.0,2.0,0.3962142833686272,0.551858125824256,0.9503077735855214,0.46687232996619427,0.6010253766854209,0.7975342237599417,0.2607501366569142,0.6619199662559148,0.0,0.0,-0.5948206881076461
c42,n30,5.0,replanifier_jalon,1,1,5.0,resolu,1.0,4.0,0.17218581152302578,0.6830619918554727,0.7530274348590265,0.497943953851964,0.5295886254375121,0.5718084215775964,0.5846882508765949,0.12413837515404834,0.19,0.19,0.2209346362337121
c42,n31,15.0,ne_rien_faire,1,1,15.0,partiel,0.0,3.0,0.33520530098963114,0.5121893660444259,0.12025290360439944,0.8482844882420302,0.26457251715668284,0.7488890431220336,0.6149723483793248,0.21540765803774678,0.0,0.0,1.5267036977045756
c42,n32,0.0,replanifier_jalon,1,0,0.0,en_cours,,0.0,0.3636355085232008,0.5924780112941775,0.7405214989623735,0.8688050876690951,0.3640632613081957,0.43652297321239775,0.7035734658462927,0.2998302086512078,0.11280496606787029,0.11280496606787029,1.397022327244255
c42,n33,9.0,ne_rien_faire,1,1,9.0,partiel,0.0,4.0,0.2036163490356036,0.24103773272302081,0.5468979855279048,0.8988328943339088,0.4631477002429376,0.485425688649262,0.7308607582907214,0.7575596606471441,0.0,0.0,-0.021624699121951863
c42,n34,9.0,ne_rien_faire,1,1,9.0,resolu,1.0,4.0,0.3096282329936837,0.15278628503076497,0.7944770435041795,0.36602179144345687,0.5629776251246957,0.6555509932566245,0.9203686637482624,0.9164683395612739,0.0,0.0,0.7749987328115409
c42,n35,5.0,ne_rien_faire,1,1,5.0,partiel,0.0,4.0,0.38337215079922904,0.5582827067022771,0.5144020152804207,0.2430901261624094,0.4869797410276037,0.6466896142554796,0.1007938847060581,0.9638547363719273,0.0,0.0,-0.9254550859385422
c42,n36,1.0,ne_rien_faire,1,1,1.0,echec,0.0,1.0,0.08651969308524204,0.5227556486851611,0.4691884671501952,0.7270968613554338,0.688466186333539,0.6894493168945299,0.7988336388910325,0.738524664660156,0.0,0.0,0.38710875877917095
c42,n37,17.0,ne_rien_faire,1,1,17.0,echec,0.0,4.0,0.2978349906256195,0.5080437084117356,0.3498514747053108,0.059658417619143936,0.7134025615504744,0.24964103272399593,0.6362622020194607,0.7978676973212441,0.0,0.0,-1.5872009516459888
c42,n38,11.0,ne_rien_faire,1,1,11.0,partiel,0.0,1.0,0.2813942195605468,0.20931209509849172,0.7819686260162821,0.814730169891322,0.5930639076529741,0.6662166267743269,0.07024200548078592,0.27239178997198743,0.0,0.0,-0.431444330096793
c42,n39,13.0,revue_declaration,1,0,13.0,en_cours,,2.0,0.2626525524258433,0.6077255970519642,0.32627493056437123,0.7248382817434184,0.8265038345865567,0.5692353965034456,0.7776656928632164,0.6037950557348788,0.05249761951415173,0.05249761951415173,1.0331478831410976
c42,n40,4.0,expedition_express,1,1,4.0,echec,0.0,3.0,0.05975103477354972,0.2455050040817855,0.10675036407030206,0.09917347839831558,0.8834181464455491,0.18266924729542397,0.5230788621340086,0.9211437590945251,0.050825581787975416,0.050825581787975416,-0.9960267906748288
c42,n41,17.0,ne_rien_faire,1,1,17.0,resolu,1.0,4.0,0.3110693460961351,0.21713414000891013,0.5044533329773193,0.47886275789293004,0.26990471736391103,0.8893583030103962,0.49119489052741094,0.15476696528714928,0.0,0.0,0.9873619922886273
c42,n42,2.0,revue_declaration,1,1,2.0,resolu,1.0,2.0,0.1589663635785817,0.30373843134578127,0.30275908239566757,0.06337466891848459,0.21777086146045155,0.6750151535053014,0.7813315098075554,0.9324294261250127,0.19,0.19,-0.003643439520563563
c42,n43,1.0,replanifier_jalon,1,1,1.0,resolu,1.0,0.0,0.031935040323538444,0.47347410044355714,0.2605479384156653,0.33020845544849314,0.3886241390723609,0.6183750703328259,0.6298846475086889,0.8674341645006789,0.05036857131959023,0.05036857131959023,-0.6877219952784085
c42,n44,6.0,promouvoir_arc_secours,1,1,6.0,echec,0.0,0.0,0.5054862130617318,0.6170448410095712,0.7618843754618496,0.6888467249677914,0.5310661569473161,0.2579094996523252,0.10540047685586494,0.9495718112541558,0.07121226987735195,0.07121226987735195,0.3694490949743202
c42,n45,4.0,replanifier_jalon,1,1,4.0,partiel,0.0,4.0,0.011513090397596156,0.7463187764299442,0.5280177319964439,0.123876038992278,0.35428417016479824,0.9583816382935856,0.3259801512011955,0.7096593343896955,0.08263442177277024,0.08263442177277024,-0.06278731565009445
c42,n46,7.0,ne_rien_faire,1,1,7.0,echec,0.0,4.0,0.3030754409804649,0.190250728371011,0.39842141939183856,0.3868411965375103,0.7041640470185438,0.7320954968731971,0.6897770196636265,0.8730701262736953,0.0,0.0,0.3245042974510635
c42,n47,6.0,boost_capacite,1,1,6.0,resolu,1.0,0.0,0.08917731257916982,0.21734245487806222,0.25643302151489605,0.6879209747696604,0.17547341369089034,0.19586960489978059,0.32514821616325945,0.7526066581758387,0.06576450329934143,0.06576450329934143,-1.2146403250687152
c42,n48,13.0,ne_rien_faire,1,1,13.0,partiel,0.0,2.0,0.13674348925891305,0.32918212906930155,0.28541259180451073,0.505161830142724,0.5881164722075943,0.24580700275432565,0.9509126534706669,0.29973848514563206,0.0,0.0,0.5378630437665264
c42,n49,10.0,revue_declaration,1,1,10.0,echec,0.0,0.0,0.19168540127593864,0.5170592042144312,0.4510001553356188,0.6564339402760916,0.1379923606523774,0.5697381339308811,0.2676768767816615,0.8408162081324005,0.07101163994378579,0.07101163994378579,0.0964979557279863
c42,n0,14.0,promouvoir_arc_secours,1,1,14.0,partiel,0.0,4.0,0.1393598308603904,0.72653812797774,0.7022904100331477,0.19269005990113372,0.7484803088849862,0.45036481671665946,0.21947331767373285,0.8649508731466694,0.06507160887649192,0.06507160887649192,0.7476662971687433
c42,n1,3.0,replanifier_jalon,1,1,3.0,partiel,0.0,1.0,0.7393093993912415,0.4318379079045033,0.4202362343101774,0.1674666744730741,0.6380632005332076,0.6803605673915536,0.8008842914076363,0.1580600044323447,0.05036857131959023,0.05036857131959023,1.5722727113397876
c42,n2,9.0,promouvoir_arc_secours,1,0,9.0,en_cours,,1.0,0.24378743697529803,0.4275896218128689,0.7692294888577347,0.32827351416527795,0.3090658360661798,0.9263514221465733,0.6795833321051143,0.6019983752736222,0.11114874117773832,0.11114874117773832,1.2398655280524407
c42,n3,12.0,boost_capacite,1,1,12.0,partiel,0.0,3.0,0.3610006847056049,0.15973663737777696,0.5780702152011287,0.8740990868333863,0.08551531881193855,0.12820510750229278,0.5759386878565812,0.7908322764405483,0.053075940557296836,0.053075940557296836,0.25315931333006036
c42,n4,4.0,ne_rien_faire,1,1,4.0,partiel,0.0,3.0,0.12005208373534025,0.35809800164331107,0.5345479476584934,0.27645638890138596,0.09246961628075391,0.4641173273696941,0.22078856122822732,0.8337238166540396,0.0,0.0,-0.23474643125278394
c42,n5,6.0,revue_declaration,1,1,6.0,partiel,0.0,1.0,0.12415495260286755,0.22344491435896213,0.7516588009599713,0.5301680592997777,0.7561026051298795,0.6167525228482615,0.5706925446408032,0.5351353160620987,0.07101163994378579,0.07101163994378579,1.5648659993553422
c42,n6,5.0,ne_rien_faire,1,1,5.0,partiel,0.0,1.0,0.09664856886433044,0.08180585110125671,0.871450459475444,0.7861670887646703,0.3080805741790534,0.4848070961441378,0.8951869172221779,0.38263216703198116,0.0,0.0,1.2406260167860086
c42,n7,6.0,ne_rien_faire,1,1,6.0,partiel,0.0,1.0,0.2642083373079389,0.421453817437182,0.30637822258313185,0.660535053895112,0.63166008912344,0.09079938235783433,0.6455292030487523,0.7576944296177234,0.0,0.0,-1.2099300074392871
c42,n8,9.0,ne_rien_faire,1,1,9.0,resolu,1.0,4.0,0.09011905997638646,0.3805075728108416,0.6168909458388043,0.43130522900804286,0.5643160850368623,0.5291862552882085,0.4094560912395332,0.6042876565770645,0.0,0.0,-1.627158719782474
c42,n9,13.0,ne_rien_faire,1,1,13.0,resolu,1.0,1.0,0.21403678225874065,0.11089379392234586,0.6072951478590277,0.38283541006640276,0.9149424022556274,0.37326151611047126,0.5088847677344529,0.7409799099099401,0.0,0.0,-0.34749908136359875
c42,n10,2.0,replanifier_jalon,1,1,2.0,resolu,1.0,1.0,0.18516082607850312,0.4444393275357348,0.6972466649139024,0.8787880903520404,0.47366548643284256,0.63612264438363,0.5605809374897605,0.9932448322167743,0.06948979284705413,0.06948979284705413,0.927635484697323
c42,n11,9.0,ne_rien_faire,1,1,9.0,resolu,1.0,0.0,0.12308426443580092,0.22944512316635454,0.4933128272670221,0.2644682324293116,0.5491625908008714,0.5063321850527406,0.20116307315698204,0.8976046251495431,0.0,0.0,-0.14026446335474108
c42,n12,3.0,replanifier_jalon,1,1,3.0,resolu,1.0,2.0,0.32896011183260737,0.36604695478913124,0.35910652831656764,0.37863093251821556,0.6872962905494794,0.5284654673651071,0.4093651079485208,0.5070737317999782,0.19,0.19,0.5084758200597356
c42,n13,1.0,revue_declaration,1,0,1.0,en_cours,,1.0,0.800627360213945,0.7063559213692874,0.4820461986617439,0.4177733148414507,0.714535971239382,0.21359039335302257,0.38901990407543685,0.38250226441806234,0.07101163994378579,0.07101163994378579,-1.3853572432470496
c42,n14,9.0,ne_rien_faire,1,1,9.0,partiel,0.0,4.0,0.5770360951622435,0.7221829645769139,0.6226007993974915,0.3355824632605199,0.7231682547851923,0.4390549781384536,0.2874285597512385,0.9233559383112996,0.0,0.0,-0.15365421535586515
c42,n15,16.0,ne_rien_faire,1,1,16.0,partiel,0.0,2.0,0.12480704562201335,0.20846070099493122,0.45955610834201105,0.10564296290691716,0.4435750209429871,0.38009047962092046,0.16526963584342044,0.6900955121507625,0.0,0.0,-2.9187711670667724
c42,n16,10.0,expedition_express,1,1,10.0,partiel,0.0,4.0,0.1841080065450287,0.4075107580506539,0.6908434682189742,0.5301757264899265,0.3747730037308594,0.5820349409828225,0.8145382040373109,0.8638015301129518,0.09287777229911215,0.09287777229911215,2.1725766083416267
c42,n17,10.0,promouvoir_arc_secours,1,1,10.0,resolu,1.0,2.0,0.5017642221342373,0.19349067933671152,0.45546906934214726,0.7941997551302558,0.46968522286945924,0.7768044610966574,0.24650197364368007,0.8363785314797224,0.06507160887649192,0.06507160887649192,0.7454360463467155
c42,n18,13.0,expedition_express,1,1,13.0,partiel,0.0,1.0,0.1059520217652936,0.41111370269439823,0.6417966748893266,0.033104348205220756,0.32102985005639195,0.49543450982982407,0.3551125047219724,0.8467610582289129,0.18,0.18,1.8342502659725715
c42,n19,10.0,ne_rien_faire,1,1,10.0,resolu,1.0,0.0,0.06726237432781094,0.3069479179668787,0.47508867914242964,0.9619280007429653,0.1565991773895648,0.653494121565304,0.5181416653102727,0.32001814726670086,0.0,0.0,0.1452397748871307
c42,n20,4.0,expedition_express,1,1,4.0,resolu,1.0,4.0,0.23496314706908694,0.6923924927254521,0.2245944970087102,0.18492455133655689,0.6903362655367872,0.10180966104065782,0.7259458615287601,0.40844687155910414,0.09287777229911215,0.09287777229911215,1.1501324370435055
c42,n21,17.0,ne_rien_faire,1,1,17.0,echec,0.0,0.0,0.09513348651686315,0.4385338653945704,0.5578488998678638,0.731869699296437,0.6072671087940118,0.7578644221285172,0.5076806038890102,0.9353583712747706,0.0,0.0,0.8293078714311553
c42,n22,16.0,ne_rien_faire,1,1,16.0,resolu,1.0,3.0,0.33731463860867184,0.5042067146814494,0.793700891216736,0.5962478964757009,0.6841365624120016,0.6623076293335901,0.2899399975052283,0.4853364061908109,0.0,0.0,-0.3713890318267894
c42,n23,17.0,expedition_express,1,1,17.0,partiel,0.0,0.0,0.18048962407359317,0.5824612071814143,0.38211966663872043,0.4748607175150225,0.5271451976547001,0.6340376583945284,0.7798261679274765,0.8624611139218712,0.10748598928679363,0.10748598928679363,1.238482517905565
c42,n24,9.0,ne_rien_faire,1,1,9.0,partiel,0.0,4.0,0.5103081433002327,0.057761816348615276,0.5300393991261487,0.09442440250878113,0.4418546037697862,0.1660380978026788,0.7182682965449165,0.45753603996615927,0.0,0.0,1.3994372043445238
c42,n25,13.0,ne_rien_faire,1,1,13.0,echec,0.0,4.0,0.17522031787769307,0.2643583869476007,0.8215774038778296,0.6414997962237895,0.3719959008473611,0.7070456975203067,0.7749095369748716,0.6849810583240082,0.0,0.0,0.9776654353192482
c42,n26,6.0,ne_rien_faire,1,1,6.0,partiel,0.0,4.0,0.3460359632399123,0.1744506160499504,0.20164312913158505,0.6181125894939807,0.3726413402935682,0.13465631666083924,0.451665623340983,0.27234077410866886,0.0,0.0,0.10590479381159029
c42,n27,4.0,ne_rien_faire,1,1,4.0,resolu,1.0,0.0,0.32139949462020334,0.7657233255680037,0.7373389806521693,0.851000903375521,0.36938866531704734,0.4842738684367753,0.8494239466110542,0.8020527155191378,0.0,0.0,0.9072573980038423
c42,n28,7.0,revue_declaration,1,1,7.0,partiel,0.0,1.0,0.24447258443127276,0.41151498094818095,0.7712908583941424,0.3183060832685979,0.5821764263293632,0.6669398964033523,0.20521390603785483,0.7088954534977576,0.07101163994378579,0.07101163994378579,-0.35333321329518047
c42,n29,8.0,ne_rien_faire,1,1,8.0,resolu,1.0,4.0,0.041430350085835836,0.593345007730823,0.42116413183674745,0.5756036431136806,0.3282858310433419,0.4638176859204508,0.38012520577738995,0.6377999349719291,0.0,0.0,-1.2141135717663258
c42,n30,13.0,revue_declaration,1,1,13.0,resolu,1.0,3.0,0.37778149897650964,0.04164780739311292,0.5679397657881676,0.7110901617313471,0.5943022474344015,0.7252723078807749,0.6956185218120299,0.9111655556750028,0.19,0.19,-0.06173130032786989
c42,n31,11.0,ne_rien_faire,1,1,11.0,echec,0.0,4.0,0.1456533758807196,0.36447344074029253,0.5284177509566726,0.38338790174737375,0.6263374150357933,0.5081648547709063,0.40197567336658635,0.9185666776597221,0.0,0.0,-1.4715253800515438
c42,n32,7.0,expedition_express,1,0,7.0,en_cours,,4.0,0.29307611426546126,0.6938214773132968,0.5527975952362096,0.37031360183418066,0.46619815939355336,0.5663211519187719,0.9620758459972059,0.21001916600277798,0.19999999999999998,0.19999999999999998,1.9393032427315315
c42,n33,6.0,replanifier_jalon,1,1,6.0,partiel,0.0,0.0,0.06831717721189635,0.3375624835693434,0.24393774083943,0.20529605192899325,0.7581843610996432,0.6608483511838346,0.687035464476144,0.6229193807210593,0.11280496606787029,0.11280496606787029,0.34735494033240616
c42,n34,6.0,ne_rien_faire,1,1,6.0,partiel,0.0,4.0,0.36612894703200666,0.47439884372049684,0.16431896461987294,0.07455342077569678,0.3607793257938779,0.6074882525368329,0.45124058062984945,0.447772057643649,0.0,0.0,0.7857452798129838
c42,n35,5.0,ne_rien_faire,1,1,5.0,resolu,1.0,1.0,0.41696578451222893,0.2762970669600939,0.4894250666460376,0.510585630826065,0.2372173163258899,0.1966272018784157,0.42711559152335316,0.6721517827672269,0.0,0.0,-0.9631855383243366
c42,n36,11.0,boost_capacite,1,1,11.0,partiel,0.0,1.0,0.19812443759067735,0.4378696156596248,0.7911861588946791,0.24529558497751688,0.8769125215579219,0.07021035704368488,0.5493830455647792,0.8474893101590094,0.06576450329934143,0.06576450329934143,0.20972659132133853
c42,n37,6.0,ne_rien_faire,1,1,6.0,partiel,0.0,3.0,0.015171926583854673,0.21911347594012856,0.7171020570717027,0.2511634760008782,0.3323366344738705,0.617293431214501,0.5116133612703283,0.16863932492976635,0.0,0.0,1.134090206751008
c42,n38,12.0,replanifier_jalon,1,1,12.0,partiel,0.0,4.0,0.39913049464928585,0.7851573013934942,0.156006893907309,0.29681874858115137,0.3367950858848678,0.6312934395542457,0.18850485368420147,0.6837360720563818,0.08263442177277024,0.08263442177277024,1.0693556601842318
c42,n39,4.0,ne_rien_faire,1,1,4.0,echec,0.0,3.0,0.2701749798235826,0.5269175234496382,0.3268981859532368,0.6250385554035303,0.23211390788534977,0.3117659272075868,0.31288065698837736,0.9667015710209869,0.0,0.0,-1.2835458597459846
c42,n40,4.0,expedition_express,1,1,4.0,resolu,1.0,4.0,0.22156542518704261,0.38635871317877296,0.281025783297409,0.7399573669956901,0.8546222458731343,0.41175738693372865,0.5029738335403777,0.6152294864306762,0.09287777229911215,0.09287777229911215,1.1122182543931147
c42,n41,13.0,boost_capacite,1,0,13.0,en_cours,,1.0,0.2444009147010078,0.36547608082101296,0.6293969534478786,0.5906510103684739,0.6618944524094301,0.21733278845783116,0.6455207055949103,0.9636826498929307,0.08115534141178526,0.08115534141178526,0.15479814522636604
c42,n42,0.0,ne_rien_faire,1,1,0.0,partiel,0.0,0.0,0.16190096097701098,0.35461862719731385,0.2093688728364043,0.2786714794257631,0.4772698853905348,0.7431825505079392,0.07954227807679519,0.20419911165153937,0.0,0.0,-0.3950589421412477
c42,n43,15.0,ne_rien_faire,1,1,15.0,partiel,0.0,0.0,0.017974732869872927,0.32897545573638515,0.8395524753375707,0.018398549839945242,0.4015777570777871,0.5442405354477933,0.2686124636588574,0.4541913015330201,0.0,0.0,-0.4517778800581459
c42,n44,10.0,promouvoir_arc_secours,1,1,10.0,resolu,1.0,4.0,0.3076562988579897,0.3297312964673275,0.2925154683743144,0.4198712420612516,0.7020715985161058,0.36409165990157116,0.10323148462996638,0.9439252349691775,0.0847811404775453,0.0847811404775453,-2.1412762942720653
c42,n45,6.0,boost_capacite,1,1,6.0,resolu,1.0,0.0,0.5024853637822729,0.08659669021822344,0.7525553572347944,0.5832382614954873,0.5959794921661855,0.5846740327473928,0.6397104409145254,0.9510071288418961,0.08115534141178526,0.08115534141178526,0.8789422669512703
c42,n46,2.0,replanifier_jalon,1,1,2.0,resolu,1.0,4.0,0.2338082735879169,0.4909815119412468,0.8204897088287747,0.6901251472078693,0.32422455090252683,0.03502680615643542,0.9566125919485876,0.4137887370345315,0.19,0.19,0.9183689901376307
c42,n47,5.0,revue_declaration,1,1,5.0,echec,0.0,3.0,0.3824536438143234,0.4697724894832753,0.5890292187031452,0.2874902670894841,0.34657233765595247,0.5629407688128473,0.8609191450475985,0.7881193993096509,0.05249761951415173,0.05249761951415173,2.038846103136386
c42,n48,6.0,boost_capacite,1,1,6.0,partiel,0.0,1.0,0.294986324222532,0.28088271643996215,0.38807658925059796,0.6746621408996721,0.6301439728833721,0.6241113974960854,0.4990166011435695,0.5353019958888201,0.06576450329934143,0.06576450329934143,-0.42576430287546707
c42,n49,2.0,ne_rien_faire,1,1,2.0,resolu,1.0,2.0,0.3175842482322727,0.11902737496031393,0.3758659241443579,0.0432123588956465,0.4704703167759976,0.15240866842076764,0.8213696326729322,0.9023755162016903,0.0,0.0,-0.9965498755823254
c42,n0,10.0,ne_rien_faire,1,1,10.0,resolu,1.0,2.0,0.18901745649225812,0.06803206252702766,0.3421340356792874,0.19264373319604622,0.3605082371859627,0.6490837896401789,0.891473091807,0.8559585517909126,0.0,0.0,0.5313388201160154
c42,n1,17.0,ne_rien_faire,1,1,17.0,resolu,1.0,3.0,0.2287208130117222,0.30570738250284746,0.12220426784174855,0.28581175568207356,0.5030010169078627,0.32331280333165785,0.5836091644408782,0.7614647251568102,0.0,0.0,-1.5325872121622925
c42,n2,3.0,ne_rien_faire,1,1,3.0,resolu,1.0,2.0,0.3352112274188767,0.16088468473154455,0.09006302899727661,0.18210244903590395,0.4172263084017698,0.26814889392468566,0.44763565618915047,0.7790426077636377,0.0,0.0,0.7379584792985936
c42,n3,12.0,ne_rien_faire,1,1,12.0,echec,0.0,1.0,0.35689020181445735,0.39544545198538306,0.09778899802148047,0.294993123690643,0.5339509817292186,0.2369019910661877,0.8906687880237726,0.8290754800319263,0.0,0.0,0.6678448292670609
c42,n4,3.0,boost_capacite,1,1,3.0,echec,0.0,3.0,0.3205843865538542,0.7280734133117893,0.5041178083279809,0.12210587211787692,0.6344726215980654,0.19185493835540793,0.8240373318646951,0.5257223703552093,0.053075940557296836,0.053075940557296836,-0.8253927265446057
c42,n5,4.0,promouvoir_arc_secours,1,1,4.0,resolu,1.0,1.0,0.08650254142620631,0.19158104896932548,0.07191545475585392,0.4179591497939939,0.5218265156470764,0.5539870294839808,0.8114888291267115,0.38534210418983617,0.11114874117773832,0.11114874117773832,0.47137555505804063
c42,n6,14.0,ne_rien_faire,1,1,14.0,partiel,0.0,0.0,0.34473360367219086,0.6948476828893931,0.09297388727846993,0.5818236984796544,0.23300212192012254,0.5996008835682056,0.2706188496380347,0.7747291067160627,0.0,0.0,0.051103064129876974
c42,n7,3.0,ne_rien_faire,1,1,3.0,partiel,0.0,4.0,0.05501490055731631,0.11179837708246937,0.48597042867612156,0.7437297713572836,0.14300818446757138,0.8943405944090501,0.046463902041798844,0.8835458165190432,0.0,0.0,-0.26948859579926154
c42,n8,14.0,promouvoir_arc_secours,1,0,14.0,en_cours,,0.0,0.3524530698637495,0.26374337194732755,0.17331015586298984,0.26151590941683717,0.39293361292814627,0.090896229072351,0.8151735323351631,0.8285030573211649,0.09375668266232669,0.09375668266232669,-0.028884216991003325
c42,n9,8.0,ne_rien_faire,1,1,8.0,partiel,0.0,4.0,0.03934332962225568,0.5975404984575459,0.27422233153004993,0.764691824539097,0.2739506196694091,0.3681826137698718,0.5296706542092817,0.8553232021427944,0.0,0.0,-1.835286329198079
c42,n10,10.0,boost_capacite,1,0,10.0,en_cours,,2.0,0.048520360221183514,0.08162561174350404,0.785894005558882,0.4272588671591371,0.1801718797859379,0.4178060838038799,0.4334364038497845,0.6410095944057108,0.053075940557296836,0.053075940557296836,-0.2472790965210248
c42,n11,7.0,revue_declaration,1,1,7.0,resolu,1.0,1.0,0.29454417130997435,0.2981123954439226,0.2624155458577623,0.7525273810517213,0.4014544599813237,0.24470460205615355,0.724679364717794,0.6915310605387008,0.07101163994378579,0.07101163994378579,-0.17984743428489663
c42,n12,13.0,ne_rien_faire,1,1,13.0,partiel,0.0,2.0,0.2050369237110102,0.3861082252741834,0.16624645702631655,0.5687747256387079,0.4693987683420008,0.31388900058936886,0.7358440951959146,0.7158853759363294,0.0,0.0,-1.5891496566164354
c42,n13,6.0,ne_rien_faire,1,1,6.0,partiel,0.0,4.0,0.20636389898246008,0.5979848970166892,0.4145306755224893,0.5339486455011114,0.6362265282571283,0.8178788887112027,0.39266968918705,0.3738693031831729,0.0,0.0,-0.32603370255151054
c42,n14,17.0,expedition_express,1,1,17.0,resolu,1.0,4.0,0.07427044059347906,0.4506739991053583,0.7594378069319891,0.4803765219095426,0.7127526259561766,0.6141482318786553,0.6635848456032675,0.42842668787115756,0.09287777229911215,0.09287777229911215,-0.4152095582592237
c42,n15,7.0,ne_rien_faire,1,1,7.0,partiel,0.0,3.0,0.4475397858569511,0.3719828456206459,0.6065665963694328,0.3241703872003455,0.365853435437508,0.7725444666801446,0.6355144346419637,0.9074152867885817,0.0,0.0,1.213808170897527
c42,n16,17.0,promouvoir_arc_secours,1,1,17.0,resolu,1.0,2.0,0.38502462622704,0.5283308090143539,0.536706893299439,0.15237827075580748,0.8294656189291362,0.2632710957526994,0.4368891395632583,0.7279977810368509,0.06507160887649192,0.06507160887649192,0.5641511506925256
c42,n17,6.0,replanifier_jalon,1,1,6.0,resolu,1.0,1.0,0.06928206742318403,0.7535212113624313,0.7761209387002304,0.5593339897312851,0.8600652219030006,0.33118002827769827,0.3408732198028015,0.6462557691101042,0.11280496606787029,0.11280496606787029,-1.3773833814896173
c42,n18,14.0,ne_rien_faire,1,1,14.0,partiel,0.0,4.0,0.3027441397160455,0.061909302488045194,0.5448033598290697,0.5378159331510262,0.17601665548250756,0.8697432253432608,0.5447601149592689,0.82477619744149,0.0,0.0,0.3436054896409681
c42,n19,11.0,ne_rien_faire,1,1,11.0,partiel,0.0,1.0,0.06077525476354888,0.3691940466602368,0.7012182238651894,0.06110731671709503,0.3893031154595855,0.07044620444622199,0.14073151674024797,0.8097293436559857,0.0,0.0,-0.8450228419078138
c42,n20,3.0,revue_declaration,1,1,3.0,resolu,1.0,1.0,0.2510807308273793,0.595725998788238,0.63306767729609,0.6266769809142212,0.8352178384429703,0.2575645417073847,0.16671939809982858,0.6417850214324189,0.07101163994378579,0.07101163994378579,-0.6403808784068891
c42,n21,8.0,promouvoir_arc_secours,1,1,8.0,resolu,1.0,0.0,0.11514087487037622,0.7233121532082128,0.7037185034485236,0.7821824572506849,0.9276203963138155,0.6127970300320005,0.6092775185840832,0.9125480916849016,0.07121226987735195,0.07121226987735195,0.05720404904177202
c42,n22,4.0,replanifier_jalon,1,1,4.0,resolu,1.0,4.0,0.40554588308547385,0.2424505068522667,0.27522816172768105,0.8483045934036667,0.7416386395107688,0.6252504385172788,0.887038342596183,0.8960368652050356,0.19,0.19,0.9080112842228966
c42,n23,13.0,ne_rien_faire,1,1,13.0,partiel,0.0,0.0,0.10267148171788583,0.02859321029833686,0.7793686146885017,0.17944731666229932,0.686430604213573,0.6457052683508295,0.8252644469310476,0.7491867262971925,0.0,0.0,-0.17745888498993245
c42,n24,13.0,ne_rien_faire,1,1,13.0,partiel,0.0,4.0,0.19580641162191484,0.1892106527473208,0.07301324998121579,0.2054710780999741,0.29073551522897956,0.10331007673621209,0.21609417070087708,0.5968840299826565,0.0,0.0,-1.51425252425098
c42,n25,7.0,revue_declaration,1,1,7.0,partiel,0.0,4.0,0.43451629559009974,0.6288861639265013,0.7139455959822325,0.6781843121918816,0.5690916011799092,0.09367322125288076,0.5235806462537533,0.9575576644609883,0.09844224846172875,0.09844224846172875,-0.4821196095194775
c42,n26,14.0,revue_declaration,1,1,14.0,partiel,0.0,2.0,0.32264336184398706,0.4363699283030466,0.7294705819529211,0.4130362387982268,0.5966326778578107,0.6561905142413281,0.5831716670343393,0.36949125973028196,0.05249761951415173,0.05249761951415173,1.6125909984730185
c42,n27,3.0,ne_rien_faire,1,1,3.0,partiel,0.0,1.0,0.16967235035857775,0.3165848450036214,0.4646619190948496,0.2448083184799606,0.25558041392715347,0.16657873271431564,0.6093806948828366,0.19626728032596852,0.0,0.0,-1.0809270106920565
c42,n28,17.0,ne_rien_faire,1,1,17.0,partiel,0.0,0.0,0.12002129042557036,0.48134892516580285,0.67112558529863,0.4171677169418917,0.5216842980459013,0.6055694678149731,0.37903243622831856,0.8108803205315909,0.0,0.0,-0.5573899953985656
c42,n29,15.0,promouvoir_arc_secours,1,1,15.0,partiel,0.0,1.0,0.27779756173293985,0.41777925397462423,0.7780245386477443,0.21864419717063482,0.29186015285387396,0.8149493990408957,0.06248690942332306,0.8147139804219109,0.11114874117773832,0.11114874117773832,-2.0435723241579584
c42,n30,14.0,ne_rien_faire,1,1,14.0,echec,0.0,3.0,0.19794578678692873,0.6172128325014276,0.653819747083806,0.4993197704379251,0.451054912578647,0.34076266286394313,0.34160315589844525,0.9358989552463082,0.0,0.0,-0.8641896633011421
c42,n31,12.0,ne_rien_faire,1,1,12.0,echec,0.0,4.0,0.13978021037531407,0.7073898115084795,0.9164612451962126,0.024168938010386467,0.957917028096569,0.4747503286968569,0.40371785263550053,0.6949144100857184,0.0,0.0,-0.26930950041275004
c42,n32,8.0,ne_rien_faire,1,1,8.0,partiel,0.0,0.0,0.2981104515369201,0.11500310072702657,0.5288610532422748,0.06730181677961682,0.2357996201765212,0.5074107188771061,0.7793248264506124,0.7487409465403836,0.0,0.0,0.6296746867615926
c42,n33,4.0,ne_rien_faire,1,1,4.0,resolu,1.0,1.0,0.028987742828932128,0.15237086804538444,0.4998546719208061,0.5638955487542335,0.5788857289389905,0.535043389505127,0.6865141518567673,0.4662789774549235,0.0,0.0,0.8204336726281931
c42,n34,17.0,expedition_express,1,1,17.0,partiel,0.0,2.0,0.30861697545638883,0.6981241806744436,0.6605870741687268,0.7467328949671388,0.6175064219527867,0.868924943505684,0.4879232691007239,0.5940976095069916,0.19999999999999998,0.19999999999999998,0.3789818875112725
c42,n35,7.0,revue_declaration,1,1,7.0,partiel,0.0,3.0,0.3349731912500852,0.4244809728099807,0.07146527498948585,0.4420067906297822,0.5520231130688299,0.7225645386465421,0.3323059139410468,0.5022401135699457,0.08598823526196597,0.08598823526196597,0.24864660172910275
c42,n36,1.0,boost_capacite,1,1,1.0,resolu,1.0,3.0,0.6668165324237939,0.6206539768234065,0.1696256782600489,0.309011836341101,0.44770350152600064,0.407340324316368,0.6655273724203906,0.9843811079743519,0.18,0.18,1.6311070077523064
c42,n37,17.0,revue_declaration,1,1,17.0,partiel,0.0,2.0,0.18439419192106093,0.35473318850607416,0.33947305718187804,0.47841792632990787,0.14233453181490782,0.6800483046301392,0.8371448202121811,0.4018121334192903,0.08598823526196597,0.08598823526196597,1.6713898013041626
c42,n38,14.0,ne_rien_faire,1,1,14.0,resolu,1.0,4.0,0.05153847840444997,0.6615260920630495,0.5311502219819894,0.3186690866993477,0.9325311718516329,0.8023385957562126,0.6329926781199228,0.2651735270698994,0.0,0.0,-1.045208162464001
c42,n39,11.0,replanifier_jalon,1,1,11.0,echec,0.0,3.0,0.3439603301217067,0.16536645910855263,0.7292921075984152,0.32825411579335256,0.4880297643739989,0.6437268401504599,0.8062278557610083,0.9895508296212353,0.06732604454191315,0.06732604454191315,2.0807462446136595
c42,n40,10.0,revue_declaration,1,1,10.0,resolu,1.0,1.0,0.26551492207547417,0.2900643362075294,0.6039616772998356,0.27197063523415266,0.62506939186898,0.7312203237685629,0.42805725908768244,0.9666449979607047,0.11922721033773194,0.11922721033773194,-0.039232545758048104
c42,n41,8.0,revue_declaration,1,1,8.0,resolu,1.0,4.0,0.17336848737750432,0.4634772066798537,0.6153962237655481,0.7021896375042829,0.8516659100747161,0.241636248713687,0.6454400957592097,0.8461064136510638,0.05249761951415173,0.05249761951415173,-1.2020945617953147
c42,n42,8.0,ne_rien_faire,1,1,8.0,partiel,0.0,0.0,0.4160218633967798,0.3694521557512167,0.6794355049152739,0.4232409584535273,0.35446762806592486,0.22805376705501726,0.18838786797384205,0.8635207507193358,0.0,0.0,-1.9370211322905906
c42,n43,17.0,revue_declaration,1,1,17.0,partiel,0.0,1.0,0.23048196599866913,0.12978306930148018,0.1939642731397254,0.7455784187145571,0.741904493211717,0.4209611837499089,0.45380460513101495,0.8163441037265476,0.07101163994378579,0.07101163994378579,-1.5900911198689716
c42,n44,10.0,expedition_express,1,1,10.0,resolu,1.0,0.0,0.6248128552690994,0.6100371313365197,0.3654843295905101,0.6418233983372469,0.435924281488412,0.47233056652058025,0.29268156623457336,0.925810145010799,0.06784087113578872,0.06784087113578872,0.7630723131274626
c42,n45,4.0,ne_rien_faire,1,1,4.0,partiel,0.0,4.0,0.23342669570631236,0.280172485780206,0.5885401134932156,0.21867519215331793,0.8031429979477749,0.31745937117448964,0.5793941571946724,0.9382516131697711,0.0,0.0,-0.7025227876490392
c42,n46,5.0,ne_rien_faire,1,1,5.0,partiel,0.0,1.0,0.11550941968751524,0.2207163142288372,0.7762918087830838,0.4831446078469115,0.7428790023100603,0.25209812256500136,0.7368642485431308,0.8207648925705847,0.0,0.0,-2.3552019400792594
c42,n47,14.0,ne_rien_faire,1,1,14.0,resolu,1.0,1.0,0.16906225120505933,0.659192122337408,0.37850556161912213,0.761983413487515,0.37811345105052163,0.32654410754088853,0.12934752177988065,0.803714296051377,0.0,0.0,-2.322479448991306
c42,n48,11.0,ne_rien_faire,1,1,11.0,echec,0.0,0.0,0.14841416954199896,0.7076692765899992,0.2788135790130004,0.4105723750238578,0.5736514009435344,0.3996356308272179,0.31419964935069233,0.3764564950361626,0.0,0.0,-0.836040213590279
c42,n49,8.0,ne_rien_faire,1,1,8.0,partiel,0.0,2.0,0.15959016684312607,0.136209827156399,0.4781106688921875,0.36382287735476654,0.5636245726968607,0.6707152409808113,0.46746973573588607,0.48752574002413307,0.0,0.0,0.30508910101888853
c42,n0,10.0,ne_rien_faire,1,1,10.0,partiel,0.0,3.0,0.4672557052522738,0.4707437834796571,0.7084105757808846,0.2753483510493257,0.17492534852425184,0.5271055094855638,0.5173451631505158,0.3766770579193288,0.0,0.0,0.242276798690161
c42,n1,10.0,revue_declaration,1,1,10.0,resolu,1.0,2.0,0.33355355756023236,0.43985591144388664,0.24619874080790702,0.1632783693530138,0.6071425461171454,0.5990221299059388,0.7313537201538858,0.55715457658178,0.05249761951415173,0.05249761951415173,1.3858087652146773
c42,n2,12.0,promouvoir_arc_secours,1,1,12.0,partiel,0.0,0.0,0.3716527700827622,0.5526926715092902,0.5964294375209677,0.5143512615851512,0.7120948323741556,0.30083827482944464,0.8376236383821428,0.39464776440994276,0.09375668266232669,0.09375668266232669,0.3573240101374586
c42,n3,2.0,expedition_express,1,1,2.0,partiel,0.0,4.0,0.07532344148715571,0.26723171964592474,0.34350544581130776,0.04162642932005782,0.5826407925051154,0.7465351235621243,0.18044412012371636,0.9025781884019229,0.05026139694364532,0.05026139694364532,-1.497672382150053
c42,n4,4.0,ne_rien_faire,1,1,4.0,resolu,1.0,4.0,0.5393609649922956,0.11609843666336883,0.02935202081503801,0.2052749216139142,0.11280266224824391,0.5692638938386483,0.5634674328243491,0.7950298220024106,0.0,0.0,1.0408620813662173
c42,n5,3.0,replanifier_jalon,1,1,3.0,echec,0.0,0.0,0.14201237510986875,0.6652533129764294,0.8398068146859541,0.5714136325347576,0.802730586736858,0.45945287877114316,0.27302512035143817,0.9445543610344809,0.06948979284705413,0.06948979284705413,-1.4254465902500613
c42,n6,0.0,boost_capacite,1,1,0.0,echec,0.0,4.0,0.1996611436444511,0.2743653952171968,0.41118257183374846,0.9206742438210331,0.4420839935649595,0.3222426218858496,0.1997299058183255,0.8053630056876365,0.053075940557296836,0.053075940557296836,0.313848188016299
c42,n7,0.0,ne_rien_faire,1,1,0.0,echec,0.0,3.0,0.06508761713505168,0.1981879000789274,0.28263928213441764,0.5744188666580521,0.2328329162244771,0.3978428722807073,0.4069888289462185,0.9168854401714303,0.0,0.0,-0.6212771097847045
c42,n8,11.0,ne_rien_faire,1,1,11.0,resolu,1.0,0.0,0.28191196113696865,0.15904363924922757,0.927533311348784,0.5645061323098193,0.6384305810628003,0.8077080250913912,0.6215437885582166,0.39139610920307466,0.0,0.0,0.8983020924387505
c42,n9,15.0,expedition_express,1,1,15.0,partiel,0.0,4.0,0.4076100998909598,0.06494193716605874,0.4878446065629029,0.6622314310125528,0.8313912576149192,0.37697555219073275,0.42369481445684326,0.9500454207056932,0.050825581787975416,0.050825581787975416,1.3734901796119734
c42,n10,12.0,expedition_express,1,1,12.0,echec,0.0,0.0,0.5248364762710969,0.2998413410311843,0.3723762087068654,0.6859896099359075,0.79917571690875,0.7172673556624952,0.5318938634709639,0.614602474130422,0.18,0.18,1.5012052206054043
c42,n11,7.0,promouvoir_arc_secours,1,1,7.0,partiel,0.0,0.0,0.2927146488308221,0.41850759617776917,0.365912345487817,0.22270949879664204,0.7695718360124583,0.8034809371882369,0.4506899628136382,0.7782300299986262,0.11114874117773832,0.11114874117773832,-0.9232846047994716
c42,n12,1.0,replanifier_jalon,1,1,1.0,echec,0.0,2.0,0.5144573837519263,0.6486214835638918,0.15988691421605014,0.25926858634875305,0.6379446996297558,0.33307979078375305,0.2854744508937386,0.5454797839802922,0.19,0.19,0.6214899669193872
c42,n13,12.0,boost_capacite,1,1,12.0,partiel,0.0,0.0,0.0308531502432817,0.39782078734553117,0.22086572656560507,0.6478730213035029,0.6349597010019931,0.47290373919026685,0.3751810583426609,0.9641475711545969,0.08115534141178526,0.08115534141178526,-0.7884276080151785
c42,n14,14.0,ne_rien_faire,1,1,14.0,echec,0.0,3.0,0.22438054354215767,0.32550842511692235,0.6591047901140231,0.11988522552648906,0.23836487079370253,0.19140204153569515,0.5728497860362254,0.9273330207504481,0.0,0.0,0.20891982984494717
c42,n15,4.0,promouvoir_arc_secours,1,1,4.0,partiel,0.0,2.0,0.2624798411303274,0.34564038695426913,0.627751273878518,0.7105039789249217,0.4327088428383533,0.35909205950855205,0.602462195340386,0.58859892714732,0.06507160887649192,0.06507160887649192,-0.27193754004516785
c42,n16,11.0,revue_declaration,1,1,11.0,partiel,0.0,0.0,0.2054132981240663,0.7181823541708565,0.43783327533241967,0.8270966488974578,0.13263229022253445,0.5125021219291552,0.49433694494013813,0.5513577091289474,0.07101163994378579,0.07101163994378579,0.3541387540362046
c42,n17,17.0,ne_rien_faire,1,1,17.0,echec,0.0,1.0,0.2983705594073007,0.32481797371552296,0.8750650770283737,0.8038612886825893,0.8948901886515502,0.1251587300054043,0.8598489506771678,0.42526700854640875,0.0,0.0,0.6350018193213394
c42,n18,5.0,promouvoir_arc_secours,1,1,5.0,partiel,0.0,2.0,0.21277394914386286,0.5510245515094049,0.6702988564312097,0.43985738070255287,0.9525642865354754,0.4365075575194979,0.6170696892317611,0.8275144031963623,0.06507160887649192,0.06507160887649192,-0.41699115555400723
c42,n19,7.0,ne_rien_faire,1,1,7.0,resolu,1.0,2.0,0.4362203011593127,0.12847682425901155,0.7933404567721752,0.6262016978941274,0.40245502223797713,0.8197073800729602,0.6783862960464933,0.6242605562653546,0.0,0.0,0.8877832671371103
c42,n20,5.0,replanifier_jalon,1,1,5.0,partiel,0.0,3.0,0.22751977737120938,0.6276144435814001,0.5133702459868892,0.34048622836521286,0.255140390712787,0.6618140452059726,0.44442729956365973,0.8010003013196568,0.08263442177277024,0.08263442177277024,0.12430638298635452
c42,n21,8.0,promouvoir_arc_secours,1,1,8.0,resolu,1.0,0.0,0.3485631050936387,0.29477936591122816,0.6646719880742029,0.26228164663930853,0.7180559905641484,0.6649711592366303,0.18221430719901055,0.7543173549306782,0.09375668266232669,0.09375668266232669,-0.02141239149153601
c42,n22,16.0,expedition_express,1,1,16.0,partiel,0.0,4.0,0.3486174240998288,0.4867475087276038,0.1718208094869762,0.2382202384573044,0.5041356180023747,0.8741390323120242,0.45530282155178214,0.6662362581352295,0.19999999999999998,0.19999999999999998,0.6284652141802698
c42,n23,14.0,expedition_express,1,1,14.0,resolu,1.0,4.0,0.17962673915029867,0.667612683540752,0.7205460973092134,0.35070635205824263,0.2204321398385424,0.4331578438557377,0.6310928364793481,0.7754163438001407,0.09287777229911215,0.09287777229911215,0.27136707514267755
c42,n24,7.0,ne_rien_faire,1,1,7.0,partiel,0.0,0.0,0.2104690209891875,0.6833359760100949,0.6015167832817088,0.6577826468579737,0.6802052529238158,0.44598261043973997,0.27535168629380247,0.30366368533465654,0.0,0.0,-1.7986608455789717
c42,n25,3.0,ne_rien_faire,1,1,3.0,resolu,1.0,4.0,0.5407388556916422,0.26621161527134946,0.4041412251897042,0.7487093866386423,0.5381485090432665,0.627378218151713,0.10592737888915468,0.6576010859702319,0.0,0.0,0.7345678200250355
c42,n26,1.0,ne_rien_faire,1,1,1.0,partiel,0.0,2.0,0.07483183773858874,0.17157600547834678,0.6958001161594485,0.6892466768938025,0.06452531029153992,0.6222601874316092,0.42393964907797377,0.9739335237521659,0.0,0.0,-1.7743044023894108
c42,n27,7.0,ne_rien_faire,1,1,7.0,partiel,0.0,0.0,0.21806150169582456,0.6418672231787902,0.3825724146159559,0.5942098951207145,0.145181070288095,0.4262900304670601,0.8015821336037215,0.2721374253861098,0.0,0.0,0.698276190445217
c42,n28,14.0,ne_rien_faire,1,1,14.0,partiel,0.0,3.0,0.03855448026305598,0.17886323633667273,0.39346490891086344,0.6551408547086525,0.40488486022904896,0.19363207785421033,0.712830106673423,0.4185154801026407,0.0,0.0,0.003053342084797961
c42,n29,16.0,replanifier_jalon,1,1,16.0,resolu,1.0,2.0,0.229329158979281,0.30951309417524475,0.6014487296610104,0.26362897482181713,0.24100823600157867,0.1643974808928183,0.31847404093540127,0.869766965561251,0.19,0.19,0.7748600732860653
c42,n30,11.0,ne_rien_faire,1,1,11.0,resolu,1.0,1.0,0.3144486215759046,0.5072422400250755,0.26190351162995024,0.40321027598419806,0.5053403363750807,0.7827396729754467,0.11647216613253368,0.477994646575379,0.0,0.0,-0.8398209297693366
c42,n31,12.0,boost_capacite,1,0,12.0,en_cours,,0.0,0.07766120407135213,0.23167812008034921,0.6282315645761989,0.10836620261499262,0.5776226445276671,0.6765701690039952,0.8889805991696356,0.3241432267802111,0.19,0.19,0.7669288631001858
c42,n32,1.0,ne_rien_faire,1,1,1.0,echec,0.0,4.0,0.3918397217638241,0.22099891449299022,0.5227187935685947,0.7303037742695985,0.8024356983054476,0.8142548237644271,0.5699032683858944,0.739768546391349,0.0,0.0,1.0411582520734224
c42,n33,4.0,ne_rien_faire,1,1,4.0,resolu,1.0,4.0,0.2623322768103146,0.5208399485372082,0.29744866323628555,0.6641503236482145,0.8851353873414937,0.4658266601162639,0.30987713643025333,0.7328133747627184,0.0,0.0,-1.0603343653331507
c42,n34,1.0,promouvoir_arc_secours,1,1,1.0,partiel,0.0,0.0,0.24899471486758382,0.301234993641794,0.18889451857461817,0.6462720911266644,0.0794511303016055,0.32815137163488955,0.8162234421158635,0.43208798697698636,0.09375668266232669,0.09375668266232669,0.8800223959685312
c42,n35,12.0,expedition_express,1,1,12.0,resolu,1.0,1.0,0.2521755937148759,0.25756618603773673,0.5423433623714475,0.6855674240227936,0.426929440181944,0.529106049193638,0.7932742919635697,0.6628576677974706,0.18,0.18,-0.06635266939510243
c42,n36,11.0,promouvoir_arc_secours,1,1,11.0,partiel,0.0,0.0,0.6492726304559563,0.32893356119548206,0.7098125086683875,0.5947132418608817,0.35698611325128515,0.9133515206891459,0.20848601745884585,0.7502221893006391,0.11114874117773832,0.11114874117773832,0.23584720170838436
c42,n37,16.0,boost_capacite,1,1,16.0,partiel,0.0,1.0,0.15570351675218286,0.621268604104639,0.5700833915985181,0.5515279966057474,0.5660991667047381,0.5662073835864007,0.819150347984035,0.47877809835880136,0.06576450329934143,0.06576450329934143,0.11262148391706817
c42,n38,11.0,revue_declaration,1,1,11.0,resolu,1.0,3.0,0.28847891416412436,0.1625290213485294,0.8270881886140913,0.8234812939451595,0.42466025839265137,0.2377145099699878,0.5367775461271678,0.8350542526252298,0.05249761951415173,0.05249761951415173,-0.7163446505563043
c42,n39,0.0,ne_rien_faire,1,1,0.0,partiel,0.0,3.0,0.10363810970334364,0.34180804906774553,0.06922208272113013,0.5345580885625086,0.5699051030332359,0.5465081076092474,0.40380147004730765,0.9678353056243862,0.0,0.0,-1.3262661194123442
c42,n40,3.0,revue_declaration,1,1,3.0,resolu,1.0,1.0,0.040680744568724655,0.42826159951453324,0.1326301877006096,0.40852559145696027,0.45582528220156665,0.7288294962158377,0.3989571595190088,0.17920934292120297,0.08275544669906046,0.08275544669906046,0.3755287459282933
c42,n41,0.0,ne_rien_faire,1,1,0.0,echec,0.0,2.0,0.01849143068832402,0.40561583452258215,0.32601572683903024,0.8280456769453399,0.8828610609080022,0.6129274440672945,0.21753928641470047,0.762248481484537,0.0,0.0,-0.6429258081565137
c42,n42,12.0,ne_rien_faire,1,1,12.0,echec,0.0,4.0,0.30901060124696017,0.6281709343372114,0.2750843767601554,0.7339302411585534,0.7934598488882597,0.8021340155768067,0.6500627785676543,0.21059639519794657,0.0,0.0,0.2663365521568376
c42,n43,11.0,promouvoir_arc_secours,1,1,11.0,partiel,0.0,1.0,0.20427763480667405,0.31122425837231393,0.192364952087008,0.48641450504764566,0.6725982822101976,0.3983464108430359,0.552590228957161,0.8094948664279282,0.09375668266232669,0.09375668266232669,0.42237096063712914
c42,n44,14.0,ne_rien_faire,1,1,14.0,echec,0.0,4.0,0.37856647132714255,0.23505655387653945,0.7213007593695904,0.6108296260670135,0.5712485582771191,0.8874279263496483,0.3957977525113572,0.9942420815872811,0.0,0.0,0.005731514593716569
c42,n45,13.0,ne_rien_faire,1,1,13.0,resolu,1.0,1.0,0.21591020888472504,0.11953765181177609,0.17834367276399907,0.8812382544978896,0.3987800486058277,0.6883844922388203,0.5652665864686939,0.6078966981145467,0.0,0.0,1.555466718765425
c42,n46,2.0,ne_rien_faire,1,1,2.0,partiel,0.0,4.0,0.3636620031942681,0.2881632573594206,0.32384765649940633,0.6008211576676905,0.416039380341635,0.7448841908798527,0.4668965449418393,0.7100735438249998,0.0,0.0,-0.8941418689251923
c42,n47,16.0,ne_rien_faire,1,1,16.0,partiel,0.0,3.0,0.23383390652172523,0.6009041384344239,0.6971252108816283,0.4677183980788334,0.7722712233434377,0.37846453658495577,0.147932121669488,0.7641298633254385,0.0,0.0,-1.1402628750546975
c42,n48,8.0,ne_rien_faire,1,1,8.0,partiel,0.0,1.0,0.15406627793968578,0.8805188805903199,0.5301625218517279,0.5463217661461233,0.4925890135668504,0.07358062105122916,0.6948271561816646,0.442917929300733,0.0,0.0,-1.0186049249191687
c42,n49,2.0,expedition_express,1,1,2.0,echec,0.0,0.0,0.26067442418580944,0.5453779318526306,0.5567585029425133,0.6779200025120633,0.5198503124061481,0.4259387710325697,0.5045099230954919,0.9121174550752794,0.06784087113578872,0.06784087113578872,1.177947814086444
c42,n0,3.0,ne_rien_faire,1,1,3.0,partiel,0.0,4.0,0.1245900318588005,0.4618761837701265,0.437351235473122,0.2423935622543664,0.4313727761060374,0.31523895109233346,0.25265575823461706,0.463156370882785,0.0,0.0,-1.2675152753367438
c42,n1,13.0,promouvoir_arc_secours,1,0,13.0,en_cours,,0.0,0.161659204164151,0.3673588827712584,0.8476936155952298,0.7020519870372615,0.6395812222466711,0.38878519830612135,0.1619770226441375,0.914819372369095,0.07121226987735195,0.07121226987735195,-1.698726881924695
c42,n2,3.0,boost_capacite,1,1,3.0,echec,0.0,2.0,0.6427966705574522,0.6931122991998602,0.6975201520967058,0.30741018214662275,0.2555404687328372,0.1441034964082223,0.5837057500726217,0.9415257051511549,0.18,0.18,-0.10355286036889416
c42,n3,8.0,expedition_express,1,1,8.0,resolu,1.0,0.0,0.20875137481188147,0.2948320426031258,0.5746990519422345,0.12101971127510373,0.5143559658596327,0.6183396590369645,0.509695022436543,0.8009314190379744,0.10748598928679363,0.10748598928679363,0.47504544859963377
c42,n4,3.0,ne_rien_faire,1,1,3.0,echec,0.0,2.0,0.6010338185137458,0.586469862822144,0.7167147012487832,0.681591503566545,0.2967726735997655,0.5126633827203613,0.7946895018535692,0.7086927205205698,0.0,0.0,0.8648497143719263
c42,n5,4.0,revue_declaration,1,0,4.0,en_cours,,2.0,0.12070269933662023,0.3583713899197794,0.5611778684141264,0.37468393643766323,0.4251962764456309,0.635367503997708,0.6809705631614176,0.1511355202161025,0.08598823526196597,0.08598823526196597,0.40503983898015455
c42,n6,9.0,expedition_express,1,1,9.0,partiel,0.0,0.0,0.7760592621744076,0.4653573858213215,0.4047644734199858,0.7499840899244811,0.31277468664595437,0.1308920636500095,0.17811211673538085,0.895853935769509,0.18,0.18,0.8149737146671455
c42,n7,0.0,revue_declaration,1,1,0.0,partiel,0.0,2.0,0.009336674318404601,0.5915530451386822,0.5458424459506326,0.7846053878091286,0.5789760286110742,0.4808591385842685,0.6624092617482769,0.7152153237088245,0.05249761951415173,0.05249761951415173,-0.12838104555093743
c42,n8,3.0,promouvoir_arc_secours,1,1,3.0,resolu,1.0,1.0,0.42537290099561853,0.0448720176233554,0.29353093363163874,0.42435449222165117,0.709213385760792,0.9689391190641745,0.6680476297135679,0.885874486436932,0.11114874117773832,0.11114874117773832,1.6959782341747367
c42,n9,15.0,boost_capacite,1,1,15.0,partiel,0.0,1.0,0.2996265375659871,0.15868798228137138,0.6211681254577616,0.7921851453602008,0.1609304970509816,0.23446855681416684,0.7711720872848179,0.15746739393802303,0.06576450329934143,0.06576450329934143,0.9089032694473164
c42,n10,4.0,ne_rien_faire,1,1,4.0,partiel,0.0,1.0,0.2605197781834739,0.33415703410324304,0.6720400878574027,0.5308583405255829,0.37823830114881984,0.5331193193764621,0.44125224098234633,0.8338840957413937,0.0,0.0,-1.3653308661435986
c42,n11,11.0,boost_capacite,1,1,11.0,partiel,0.0,4.0,0.4126739355500763,0.2796534541003521,0.696081793171333,0.8780507598372803,0.5569019959839662,0.708589735846358,0.6691916210688655,0.3537036909467682,0.053075940557296836,0.053075940557296836,0.5364056523986452
c42,n12,12.0,expedition_express,1,1,12.0,echec,0.0,1.0,0.35724556357906406,0.5872652294745226,0.35307363444983936,0.27576580757767233,0.8708913829877009,0.5789875166630996,0.3508505254015741,0.07685739736715189,0.18,0.18,0.8172114455800895
c42,n13,14.0,ne_rien_faire,1,1,14.0,partiel,0.0,0.0,0.10207679169184691,0.2410133329295355,0.9476738841832044,0.1507858097401284,0.4999470648265126,0.47866166799662074,0.7063623474505124,0.765965523573202,0.0,0.0,-1.0216533741960245
c42,n14,5.0,ne_rien_faire,1,1,5.0,partiel,0.0,2.0,0.061324796222570345,0.3515585144855485,0.8331112979633337,0.894788143171599,0.6513268403626647,0.7500074579016945,0.32851651027014617,0.4318018975771981,0.0,0.0,0.1725481033443998
c42,n15,6.0,expedition_express,1,1,6.0,partiel,0.0,2.0,0.3276628093966237,0.5115333441897988,0.28395897789673413,0.27822695921192503,0.4625112381971201,0.47064375735868874,0.9304135007049099,0.40999405019223834,0.19999999999999998,0.19999999999999998,0.7919047086117631
c42,n16,4.0,ne_rien_faire,1,1,4.0,partiel,0.0,0.0,0.16605320851573044,0.27190023483773695,0.3215335769368873,0.3593573785261812,0.4089064767815303,0.11181112099569972,0.7496220676187676,0.718464231394633,0.0,0.0,-1.0422474254686185
c42,n17,13.0,ne_rien_faire,1,1,13.0,partiel,0.0,0.0,0.7286006023730437,0.08901448580377855,0.23728874091801533,0.5777522173051619,0.362027189542227,0.5202941917307131,0.2387412605313729,0.7120131980626412,0.0,0.0,0.15660292511720741
c42,n18,15.0,ne_rien_faire,1,1,15.0,partiel,0.0,2.0,0.2561198846950348,0.1620415307969854,0.4736813787935629,0.480847044594137,0.45020180445994973,0.7713478333526079,0.11236271276382867,0.6963300754147953,0.0,0.0,-1.308371491581827
c42,n19,1.0,ne_rien_faire,1,1,1.0,resolu,1.0,0.0,0.3037558919239066,0.5521176238070187,0.49605915946862483,0.5670328166375789,0.20271680224044827,0.4240539332073093,0.7970005468348687,0.637405717468083,0.0,0.0,-0.35574378059337886
c42,n20,5.0,revue_declaration,1,1,5.0,resolu,1.0,3.0,0.2717442651309594,0.7680279335659007,0.13408722702310472,0.16234705370938507,0.8437564671542905,0.3572629375400254,0.7794863707557697,0.6054862720682519,0.05249761951415173,0.05249761951415173,-0.18967799690065706
c42,n21,9.0,ne_rien_faire,1,1,9.0,partiel,0.0,2.0,0.5558827593542692,0.47801144853173266,0.6063775194960536,0.5175660479997376,0.6097445443461205,0.276469202792683,0.44827383743141186,0.7159868725366081,0.0,0.0,-1.6010312803324889
c42,n22,9.0,replanifier_jalon,1,1,9.0,partiel,0.0,1.0,0.21251078093898634,0.672860352838972,0.2710381369964055,0.8711424858097037,0.6571533343800895,0.47117506829116573,0.8932077512274129,0.6727101636041837,0.11280496606787029,0.11280496606787029,0.47671420074978377
c42,n23,0.0,promouvoir_arc_secours,1,0,0.0,en_cours,,3.0,0.3832478649229874,0.7669511846535088,0.7346901729171033,0.2733516209562461,0.6468166767096374,0.6032540753207782,0.3213992116546658,0.9136252128341207,0.0847811404775453,0.0847811404775453,0.43615645270771203
c42,n24,13.0,boost_capacite,1,0,13.0,en_cours,,2.0,0.1457271352253523,0.8321028447276984,0.3806009875146905,0.806097517902871,0.3250788360644284,0.41711946805810673,0.0823614368602661,0.6588088549040365,0.053075940557296836,0.053075940557296836,-0.9472801353418303
c42,n25,13.0,revue_declaration,1,1,13.0,resolu,1.0,2.0,0.6560649048527529,0.542846914985985,0.804340098436318,0.13757522462114047,0.25784791746344415,0.3487098340635682,0.6641482605373898,0.9183117858288615,0.09844224846172875,0.09844224846172875,0.6459582589275767
c42,n26,9.0,revue_declaration,1,1,9.0,resolu,1.0,0.0,0.12928376692505045,0.3617248825705143,0.786452135666298,0.5431257929648351,0.20450172206102663,0.5705772193762318,0.4280408927781159,0.9918492813933212,0.19999999999999998,0.19999999999999998,-0.35448039149330834
c42,n27,9.0,replanifier_jalon,1,1,9.0,echec,0.0,3.0,0.0634457064809839,0.7199948145208394,0.402555538174291,0.3894788204951197,0.3121071969461065,0.578273693943611,0.33685003690385995,0.8531186620204111,0.08263442177277024,0.08263442177277024,0.7557031196065779
c42,n28,16.0,expedition_express,1,1,16.0,resolu,1.0,4.0,0.3541435793372786,0.2211706986747557,0.3058833955992741,0.3112573172241644,0.41727636965559517,0.24543766324484434,0.20505286698526723,0.7594777676448105,0.09287777229911215,0.09287777229911215,0.11232766955061069
c42,n29,7.0,ne_rien_faire,1,1,7.0,partiel,0.0,0.0,0.34215245824819096,0.45592925199367124,0.5456321465657848,0.011947274878338928,0.33232391152222096,0.5575745455868791,0.9394443360927343,0.27888708810097057,0.0,0.0,-0.5181436649191815
c42,n30,9.0,ne_rien_faire,1,1,9.0,resolu,1.0,2.0,0.05657944300553118,0.5540845430704356,0.46212092874808225,0.5249277918508382,0.5257295126667766,0.2197445928000527,0.45559058618122855,0.684413567604804,0.0,0.0,-1.8952265237300614
c42,n31,10.0,ne_rien_faire,1,1,10.0,partiel,0.0,3.0,0.5636698067091256,0.18295937563495557,0.5570455250162916,0.7998947228209239,0.8948113261768113,0.26813918615145366,0.09257199388277737,0.8201528897413277,0.0,0.0,-0.47575920853337245
c42,n32,13.0,ne_rien_faire,1,1,13.0,echec,0.0,1.0,0.3626083831179813,0.4620599397563749,0.2451335606075566,0.7359567802187029,0.24622577486160013,0.6103156484978004,0.5847086902463676,0.6816916582448451,0.0,0.0,0.0969055852232023
c42,n33,7.0,expedition_express,1,1,7.0,echec,0.0,4.0,0.26713469133828227,0.8419252679334797,0.4511670714630568,0.4254591789389378,0.5824004515917265,0.29885454189745353,0.5419135958444885,0.14662016232068156,0.09287777229911215,0.09287777229911215,0.3424611338333944
c42,n34,0.0,ne_rien_faire,1,1,0.0,resolu,1.0,3.0,0.05417630218783411,0.23479089182555277,0.7952096469715625,0.748285145207346,0.7681979448439772,0.6014438138260583,0.25088814767971623,0.7062168980255854,0.0,0.0,-1.3493454049215905
c42,n35,15.0,ne_rien_faire,1,1,15.0,resolu,1.0,3.0,0.25002628445955,0.22567703695646144,0.8540984548584424,0.4463582786017823,0.6050227434933123,0.2805651836671522,0.4392043927231163,0.5708400005494252,0.0,0.0,-1.4211437680862504
c42,n36,13.0,ne_rien_faire,1,1,13.0,partiel,0.0,0.0,0.590828296244777,0.3717400008299117,0.7312790241421158,0.7942711157521085,0.3844798059516396,0.13235608992007963,0.15789538766958602,0.7545763105615597,0.0,0.0,-0.5820558255863597
c42,n37,8.0,revue_declaration,1,0,8.0,en_cours,,1.0,0.6795997510023702,0.19162974511610215,0.38999122914202317,0.3033377134087817,0.6673309041127268,0.3069955058308396,0.4860578725866805,0.5216190341966669,0.07101163994378579,0.07101163994378579,-0.34431860637138806
c42,n38,12.0,ne_rien_faire,1,1,12.0,resolu,1.0,1.0,0.20025483754429838,0.42993994070012415,0.6286648237687371,0.5260362063133314,0.23559310731501626,0.44465960260458215,0.6479654411135506,0.609225931153222,0.0,0.0,-0.723725972615245
c42,n39,9.0,ne_rien_faire,1,1,9.0,partiel,0.0,3.0,0.17996704115291304,0.18091187049728424,0.6560477117195943,0.4909327866343289,0.5482702445974187,0.566369569833181,0.04285854602026964,0.9094649036947987,0.0,0.0,-0.9031110028751692
c42,n40,15.0,replanifier_jalon,1,1,15.0,partiel,0.0,4.0,0.07818602059102858,0.38461391482190965,0.32093398406394313,0.6560742463085384,0.2678448521970107,0.7525210046975267,0.6879697313283331,0.5424948600608327,0.08263442177277024,0.08263442177277024,0.8868854759979292
c42,n41,7.0,ne_rien_faire,1,1,7.0,partiel,0.0,0.0,0.02334023615256872,0.295336048551784,0.48179495603710176,0.7367920744600328,0.7583132278195758,0.36715545136587846,0.5058308249033232,0.7051775463598857,0.0,0.0,-1.8134413931374382
c42,n42,11.0,replanifier_jalon,1,1,11.0,partiel,0.0,2.0,0.15513781527358642,0.10271392982111441,0.37818126740618907,0.28927937462482917,0.8059218460981632,0.858728455436701,0.33895145673284405,0.5475830779190538,0.08263442177277024,0.08263442177277024,0.05884617605002228
c42,n43,16.0,ne_rien_faire,1,1,16.0,partiel,0.0,0.0,0.4716828446090526,0.2729409550447729,0.6394078561144585,0.6230436599876009,0.4191107318478065,0.1778017544454923,0.2675952238359179,0.056947941092945674,0.0,0.0,-0.8833598377970738
c42,n44,0.0,ne_rien_faire,1,1,0.0,resolu,1.0,1.0,0.5447363001146363,0.34115355836235556,0.8152959899138207,0.2591104857528234,0.40079354022576197,0.4403934284116823,0.3479842703603086,0.720783157766446,0.0,0.0,-0.3110110744903083
c42,n45,15.0,ne_rien_faire,1,1,15.0,echec,0.0,1.0,0.13301986219349152,0.3557212926626655,0.5706058147811455,0.8014088479043372,0.8478548436803004,0.4837567838157829,0.7811930958567013,0.8459095075837666,0.0,0.0,1.3669885049270183
c42,n46,12.0,revue_declaration,1,0,12.0,en_cours,,2.0,0.43779219630436206,0.3504901904700377,0.4973649981674246,0.36790130266001597,0.48213085971588804,0.5871561370389,0.7637403021016398,0.7423989763907386,0.08598823526196597,0.08598823526196597,-0.33554205602478926
c42,n47,16.0,promouvoir_arc_secours,1,0,16.0,en_cours,,0.0,0.13856695002695518,0.5975899511946673,0.5617126767775003,0.9720192602402079,0.661207886464921,0.19815630819378766,0.22186029360697693,0.9903162680962377,0.07121226987735195,0.07121226987735195,-0.483367249494152
c42,n48,4.0,ne_rien_faire,1,1,4.0,echec,0.0,2.0,0.6029504190265577,0.2996283730944812,0.8970448941137745,0.6958148591456902,0.5751788906951603,0.1016905668473528,0.28957480574111694,0.8492723102620184,0.0,0.0,-1.2394161240201584
c42,n49,9.0,expedition_express,1,1,9.0,partiel,0.0,2.0,0.09516425293046663,0.6237678140286783,0.7229342395611709,0.12635132463939547,0.3718274327080794,0.31021488867843966,0.470305652838434,0.8324244804956701,0.09287777229911215,0.09287777229911215,-1.0561899103485657
c42,n0,13.0,ne_rien_faire,1,1,13.0,echec,0.0,2.0,0.4654951964135423,0.6603820313829788,0.5540090517766801,0.6454851273017226,0.49120581708703676,0.4675092505154292,0.35068854839793456,0.6237418885464282,0.0,0.0,-0.2885620750234158
c42,n1,7.0,ne_rien_faire,1,1,7.0,partiel,0.0,1.0,0.20508232334064694,0.2192939410186814,0.8172520131420902,0.23447782739568446,0.5476893576551622,0.45129678273656926,0.5853514504493189,0.35243857254658206,0.0,0.0,-2.6294214304577315
c42,n2,8.0,ne_rien_faire,1,1,8.0,resolu,1.0,2.0,0.4692856833000563,0.09443517790896146,0.8117371542333397,0.7050692018947669,0.16892262212042608,0.49213050450175805,0.20681029400121367,0.8243943568143325,0.0,0.0,-0.9773430717053775
c42,n3,8.0,ne_rien_faire,1,1,8.0,resolu,1.0,4.0,0.06876062217071774,0.28074628944517516,0.9764490939208247,0.3728652402012296,0.3390464211632728,0.625494392991401,0.56607050379621,0.7216736097295225,0.0,0.0,-1.6747781601162588
c42,n4,7.0,ne_rien_faire,1,1,7.0,echec,0.0,1.0,0.3023427331628538,0.38980785307129007,0.6772058424931746,0.6099541716540408,0.17088024069840393,0.1051393198764019,0.9639569086688838,0.5079590258853863,0.0,0.0,0.999087312803489
c42,n5,3.0,ne_rien_faire,1,1,3.0,partiel,0.0,3.0,0.40414351204650734,0.449047416310743,0.35534118903888967,0.6252028419073545,0.30975212249002454,0.7959726153666583,0.3257431772182168,0.5207321736756441,0.0,0.0,0.8829983231788405
c42,n6,17.0,ne_rien_faire,1,1,17.0,resolu,1.0,4.0,0.5319727819487151,0.15002653447014228,0.2874553189723605,0.7456590067734576,0.40228204169689685,0.5409350070267988,0.16407055296685455,0.8102214134189791,0.0,0.0,-0.4626339998055382
c42,n7,13.0,promouvoir_arc_secours,1,1,13.0,echec,0.0,2.0,0.06500774780334326,0.38274159466607294,0.18395903359696889,0.8658543161034885,0.7228062109529949,0.528736347117955,0.7236732853770409,0.7333373429711866,0.06507160887649192,0.06507160887649192,1.1099438711793144
c42,n8,6.0,replanifier_jalon,1,1,6.0,resolu,1.0,1.0,0.46146309054710843,0.33723887204736225,0.02082929436240656,0.35325876519237515,0.7904974651569865,0.5462510854933902,0.8383911224934529,0.5949967041856883,0.11280496606787029,0.11280496606787029,1.1510898142951038
c42,n9,0.0,ne_rien_faire,1,1,0.0,echec,0.0,4.0,0.30482048479105117,0.8246826680288939,0.5728883654992944,0.6787067464221542,0.4258081839272426,0.7799762417013394,0.4186472795027255,0.36768503144472325,0.0,0.0,0.5945073406132048
c42,n10,17.0,ne_rien_faire,1,1,17.0,resolu,1.0,3.0,0.2753247989606697,0.4009397418737655,0.6336215131867786,0.4067206986105085,0.6204974387653508,0.38006856734548783,0.9306913642610783,0.1576850290605267,0.0,0.0,0.722107493101218
c42,n11,2.0,promouvoir_arc_secours,1,1,2.0,partiel,0.0,1.0,0.4502508062779708,0.3376589491588764,0.261269891287521,0.9563965034489995,0.8414633924122145,0.4577751628979193,0.633823593672014,0.8496758825668186,0.09375668266232669,0.09375668266232669,0.3464246252860732
c42,n12,3.0,ne_rien_faire,1,1,3.0,echec,0.0,3.0,0.06843281709139801,0.5584978232871765,0.5388266892589176,0.7285829800005217,0.42587559746431436,0.17532992184519175,0.36775769590921137,0.38814593744993564,0.0,0.0,-0.7742241358729443
c42,n13,17.0,ne_rien_faire,1,1,17.0,echec,0.0,4.0,0.22832148148357395,0.2004790267513731,0.09220476735491362,0.32748736559532876,0.526546933364,0.7864266152734896,0.2313423773365259,0.9568197916936998,0.0,0.0,-0.8863644594845042
c42,n14,5.0,replanifier_jalon,1,0,5.0,en_cours,,4.0,0.22830388103409005,0.16245131278936864,0.5929202200690064,0.8421576809839585,0.3707367686050413,0.6424189753910231,0.7829011349627495,0.9414994258796587,0.06732604454191315,0.06732604454191315,0.967558858266978
c42,n15,4.0,ne_rien_faire,1,1,4.0,echec,0.0,1.0,0.5766257348725786,0.2507499747026468,0.1333461072628147,0.7865731535168473,0.4919869965605406,0.22339347886695257,0.5774994024588765,0.8285259939642406,0.0,0.0,1.0678720119289657
c42,n16,4.0,ne_rien_faire,1,1,4.0,partiel,0.0,0.0,0.09150921989496984,0.7800451021891315,0.5211520260619347,0.49547481740673266,0.5431077169740419,0.27533834380001637,0.5894178802518628,0.8793128068988434,0.0,0.0,-0.1646332980597253
c42,n17,8.0,replanifier_jalon,1,1,8.0,echec,0.0,0.0,0.13451121790960377,0.46402793533091513,0.5487504878861699,0.3698017055179848,0.7627424808941506,0.39464603602324866,0.4923033887682987,0.8481210455812564,0.11280496606787029,0.11280496606787029,-0.33791814325464026
c42,n18,3.0,ne_rien_faire,1,1,3.0,resolu,1.0,3.0,0.05288714305394365,0.2925330989726599,0.36747793892447156,0.176377211549069,0.36160236820688496,0.34646715517671206,0.6207912233954466,0.8486295331082938,0.0,0.0,-1.9603012939791509
c42,n19,11.0,ne_rien_faire,1,1,11.0,partiel,0.0,3.0,0.0707950465316054,0.14179357730240377,0.6087128141343796,0.2830333405310203,0.5730237057572011,0.2278991414495697,0.8384928879592759,0.7248783182427433,0.0,0.0,-0.6901580953862503
c42,n20,6.0,ne_rien_faire,1,1,6.0,resolu,1.0,4.0,0.105820176784351,0.08263384107383737,0.6620087841489078,0.31977155171815436,0.6131886714563535,0.6949910871331358,0.12113302197687509,0.5833097712078392,0.0,0.0,-2.220346853142334
c42,n21,7.0,revue_declaration,1,1,7.0,partiel,0.0,0.0,0.3828097233956401,0.5440446692063095,0.5593985419793612,0.8304315445082345,0.6059289948145223,0.6802677287052743,0.3504160302814309,0.8055896271612176,0.07101163994378579,0.07101163994378579,-0.04591047017463043
c42,n22,11.0,replanifier_jalon,1,1,11.0,partiel,0.0,3.0,0.30593781434576567,0.20163802048410284,0.7251610678607667,0.24042821483894317,0.7046824531108885,0.250870245937377,0.2721907288183682,0.8633635490676316,0.19,0.19,-0.8044188736700211
c42,n23,6.0,ne_rien_faire,1,1,6.0,resolu,1.0,1.0,0.17087095190551124,0.20822905060094896,0.1438260039786741,0.4718841884455933,0.93943854124419,0.1302370297657091,0.5991743816501239,0.9954581946482389,0.0,0.0,-1.3717903113233156
c42,n24,5.0,ne_rien_faire,1,1,5.0,partiel,0.0,1.0,0.4369586499445074,0.15258422473420186,0.38123078719771064,0.5490992508632369,0.6479352008256292,0.24919844914010672,0.8817960721844889,0.5815754006407876,0.0,0.0,1.2291365711178508
c42,n25,5.0,ne_rien_faire,1,1,5.0,partiel,0.0,1.0,0.32884262417058685,0.8145251456201349,0.514084032442964,0.40711394197825124,0.28581760490556174,0.6110095460881108,0.32065676882653954,0.32403321166008625,0.0,0.0,-0.9033065264387747
c42,n26,0.0,ne_rien_faire,1,1,0.0,partiel,0.0,2.0,0.3084560229912568,0.4872541681326917,0.8193571644912166,0.32141817895992675,0.3065976267799548,0.6869216313515627,0.7893878770859344,0.8000097337282571,0.0,0.0,0.2846867217106448
c42,n27,7.0,replanifier_jalon,1,1,7.0,echec,0.0,2.0,0.6299882134983663,0.682744655105928,0.5227952732685157,0.367405756853723,0.6679330959725088,0.5704402634956179,0.4981795745460634,0.8359623772555888,0.19,0.19,0.9867149559774395
c42,n28,4.0,promouvoir_arc_secours,1,1,4.0,echec,0.0,0.0,0.7161339245994017,0.5379001416013516,0.3274492807449638,0.7578491625913433,0.21249614823913898,0.6706985446020935,0.6544867966434871,0.8776252658302227,0.09375668266232669,0.09375668266232669,2.592239592438494
c42,n29,14.0,ne_rien_faire,1,1,14.0,partiel,0.0,1.0,0.2279955296320688,0.4292811040239517,0.3633613190220511,0.6291052558226538,0.4914374104935591,0.4080772631281776,0.20520619304417495,0.7123707163696192,0.0,0.0,-0.30319365182887903
c42,n30,4.0,revue_declaration,1,0,4.0,en_cours,,2.0,0.36439490198877855,0.3060792163459015,0.5900222452765295,0.47718037030499816,0.31901610772153366,0.4941446788605766,0.843051793455686,0.8728725834686112,0.05249761951415173,0.05249761951415173,1.0097550990547481
c42,n31,1.0,ne_rien_faire,1,1,1.0,resolu,1.0,3.0,0.3799539976892202,0.37050560594203513,0.4776607861484458,0.5347026028673658,0.5005361231770147,0.9717956119086404,0.5442385963832571,0.6935434123698918,0.0,0.0,1.2513366916519282
c42,n32,5.0,ne_rien_faire,1,1,5.0,resolu,1.0,0.0,0.44152061375991625,0.386626953821137,0.4359363730994255,0.36317346648212356,0.7709751489013567,0.2974919373103304,0.5562530469376828,0.9313898249963274,0.0,0.0,-1.4469431345302144
c42,n33,13.0,expedition_express,1,0,13.0,en_cours,,2.0,0.4558981506078169,0.43441441834155287,0.6082948430343572,0.2813444994863042,0.7612437401884431,0.8724721485283301,0.5495469014753734,0.5174353918566509,0.19999999999999998,0.19999999999999998,-0.3747577995680066
c42,n34,0.0,ne_rien_faire,1,1,0.0,resolu,1.0,2.0,0.02186043232439026,0.22031619602068686,0.8446934757811797,0.5742360152492445,0.27283226938329996,0.4986414546947227,0.2877868468540764,0.7191634061121821,0.0,0.0,-1.623620362611252
c42,n35,4.0,expedition_express,1,1,4.0,resolu,1.0,0.0,0.042275826159374565,0.4700567461506855,0.7705242377973153,0.8013205714284383,0.9572096071810033,0.21110248640441445,0.22213170969182747,0.4837979643413766,0.18,0.18,0.32813759011722166
c42,n36,11.0,ne_rien_faire,1,1,11.0,partiel,0.0,2.0,0.539666218189051,0.060792060361145595,0.26526454241060254,0.4855627001818593,0.3066111197629708,0.3124059484779737,0.3850335843180611,0.9239027761857493,0.0,0.0,-0.49574904147618826
c42,n37,13.0,promouvoir_arc_secours,1,1,13.0,partiel,0.0,0.0,0.13310751718963937,0.28405758409678766,0.14355113135896286,0.20306043187270742,0.41360657580519444,0.563925233468891,0.22360677802907156,0.956464249579756,0.18,0.18,-0.970769155424865
c42,n38,11.0,promouvoir_arc_secours,1,0,11.0,en_cours,,1.0,0.2173705369812425,0.7027188660435127,0.4966886405859502,0.7944599015590311,0.8153152962856082,0.1641481518815165,0.09899566609511719,0.6299793672707297,0.09375668266232669,0.09375668266232669,-1.674667746992369
c42,n39,12.0,ne_rien_faire,1,1,12.0,partiel,0.0,2.0,0.36266338070937537,0.27401142773489756,0.5697696334404059,0.7105204279486899,0.3790228858844997,0.7057622912739496,0.425029140552536,0.35748800786559115,0.0,0.0,0.22232491225675435
c42,n40,16.0,revue_declaration,1,0,16.0,en_cours,,1.0,0.08201597092116517,0.5405625310842033,0.11252488414196377,0.14126627611660975,0.18918201829357736,0.3413508431954173,0.6994222030095343,0.9389296827511024,0.11922721033773194,0.11922721033773194,-0.7630720294644341
c42,n41,9.0,promouvoir_arc_secours,1,1,9.0,echec,0.0,4.0,0.45177279741958604,0.5745503265734331,0.5794586659996742,0.436222447724854,0.7108804670750556,0.3637012461481352,0.651298408446896,0.55200953463461,0.06507160887649192,0.06507160887649192,0.916846361245029
c42,n42,3.0,boost_capacite,1,1,3.0,partiel,0.0,0.0,0.3384087849242498,0.6403914904687475,0.5446118787245379,0.3927733771865093,0.7304450056042999,0.40191342882411896,0.43898970592679337,0.6059857137441163,0.06576450329934143,0.06576450329934143,-0.21838940165509613
c42,n43,2.0,ne_rien_faire,1,1,2.0,resolu,1.0,2.0,0.38266764136664594,0.31499631920554316,0.41617400043410785,0.77987464949478,0.5427230709675083,0.07270938126139664,0.7186521921585922,0.8917473417297221,0.0,0.0,0.7404993330569349
c42,n44,10.0,ne_rien_faire,1,1,10.0,resolu,1.0,1.0,0.5058666685400782,0.4790908237708213,0.8044443368352727,0.28768781204557725,0.23288043723282512,0.7209882402514807,0.3252686297730224,0.3666835406312132,0.0,0.0,0.04102131097290734
c42,n45,2.0,expedition_express,1,0,2.0,en_cours,,1.0,0.5889725657311676,0.22551908161905487,0.8117242751261822,0.31732151519174157,0.8516776643220326,0.48256470175540206,0.5857626804116228,0.7555041804477955,0.18,0.18,-0.21779590819853412
c42,n46,2.0,revue_declaration,1,1,2.0,resolu,1.0,1.0,0.1452778745226822,0.327382919965961,0.8011931571453081,0.8760325442229906,0.8165111210003178,0.4681327039721998,0.9049939942983178,0.6095095131665236,0.07101163994378579,0.07101163994378579,1.753443471850086
c42,n47,6.0,ne_rien_faire,1,1,6.0,partiel,0.0,2.0,0.3671550484398349,0.3325986036628045,0.4491149920134874,0.9347137514044528,0.5106801922133518,0.7271825257545241,0.6987534190312866,0.9310091427989946,0.0,0.0,0.6354222320295575
c42,n48,8.0,promouvoir_arc_secours,1,1,8.0,echec,0.0,3.0,0.3307930420656065,0.5313956240769686,0.4396824120484404,0.7782575534406863,0.8458125523092359,0.5733100179630896,0.6211151587034474,0.9438180037737404,0.0847811404775453,0.0847811404775453,0.5470086314659062
c42,n49,1.0,ne_rien_faire,1,1,1.0,resolu,1.0,1.0,0.0944743955109723,0.41472580920207186,0.49546561404689393,0.6512880646322574,0.24739733656196533,0.42530390324152617,0.9450434336822234,0.8376266182761078,0.0,0.0,0.28346184045175704
c42,n0,2.0,ne_rien_faire,1,1,2.0,echec,0.0,4.0,0.41919444609972034,0.5438006115246915,0.6408199783533265,0.538780551087825,0.9537806530791492,0.8492003827022646,0.4309044357612218,0.8401128440743888,0.0,0.0,-0.5822088520477484
c42,n1,7.0,replanifier_jalon,1,1,7.0,resolu,1.0,4.0,0.1070491336751432,0.43387123513893594,0.014317888226928704,0.15282016974989884,0.5283000494755132,0.3699343944822385,0.2714941723895318,0.7552499652890045,0.19,0.19,-1.3641273635611464
c42,n2,3.0,ne_rien_faire,1,1,3.0,resolu,1.0,4.0,0.1735924635770789,0.4693179324345221,0.6989780848180299,0.5725716841388415,0.3352071030136297,0.7004731999939778,0.47976659804303645,0.5748793520623842,0.0,0.0,-0.17867801377039572
c42,n3,1.0,ne_rien_faire,1,1,1.0,resolu,1.0,1.0,0.33213027277967305,0.7400469487501306,0.7308614561156362,0.1462606835153655,0.11022983344028939,0.22029740301955936,0.7858380881453022,0.3444015237469764,0.0,0.0,1.4035226243542311
c42,n4,11.0,ne_rien_faire,1,1,11.0,resolu,1.0,0.0,0.09234097206840261,0.7990945996750327,0.6126202835753278,0.5089227520348204,0.6593614977457823,0.8687387530011029,0.07091955944136442,0.8652876101746495,0.0,0.0,-2.4489528765358664
c42,n5,9.0,revue_declaration,1,1,9.0,echec,0.0,2.0,0.22174889351506172,0.7508534093642466,0.3938607084723056,0.3410200849648354,0.864907481662379,0.3664451954280717,0.5179125656474445,0.6070782326403947,0.05249761951415173,0.05249761951415173,0.6150711445854128
c42,n6,11.0,ne_rien_faire,1,1,11.0,resolu,1.0,2.0,0.4523282155954237,0.3995140160049884,0.38039200978841015,0.6660157939086702,0.8332251056449282,0.4525101532156197,0.6902073410858379,0.6116710540859134,0.0,0.0,0.6340423964123009
c42,n7,14.0,ne_rien_faire,1,1,14.0,partiel,0.0,2.0,0.2570235745184647,0.26939206808616495,0.28578770833308176,0.4052931972398683,0.2037640960554826,0.6009933240473763,0.27643121261088105,0.7779846369458188,0.0,0.0,-1.3360526879049892
c42,n8,5.0,ne_rien_faire,1,1,5.0,partiel,0.0,4.0,0.41165879376933384,0.50316029101238,0.5935233523760022,0.6350041311966474,0.1701681617575131,0.14475362862819505,0.4777087724518857,0.42557923182597535,0.0,0.0,-1.2143775450816428
c42,n9,1.0,ne_rien_faire,1,1,1.0,resolu,1.0,3.0,0.13422675456846664,0.06322051230944102,0.8482317951270388,0.16613539844593223,0.4934123227449516,0.9544504058833517,0.1170431346677223,0.740268532673677,0.0,0.0,-1.635693841733179
c42,n10,1.0,expedition_express,1,1,1.0,resolu,1.0,3.0,0.4037970406586099,0.5433011276443028,0.8824295461148186,0.4434590933514955,0.5244519998025395,0.32702299551394215,0.4634033586589055,0.8372086856755727,0.09287777229911215,0.09287777229911215,-0.4197087043893401
c42,n11,0.0,expedition_express,1,1,0.0,partiel,0.0,1.0,0.5083622420078379,0.3221072348010336,0.1772568041756558,0.5582176609879318,0.07300975068557829,0.3193306124644449,0.7831389637847824,0.8619409005224853,0.18,0.18,0.6468410311432142
c42,n12,10.0,replanifier_jalon,1,1,10.0,echec,0.0,0.0,0.22546521607235007,0.2964203714960457,0.26251547818600296,0.5450030208364809,0.8996646389911804,0.71199936870584,0.7640167935088735,0.8524064647908222,0.11280496606787029,0.11280496606787029,0.371630880357144
c42,n13,0.0,promouvoir_arc_secours,1,0,0.0,en_cours,,3.0,0.1301979997083907,0.5385504042160132,0.3609715949560622,0.6588561143092213,0.8284402136262117,0.6610261993634888,0.784974920035122,0.8919199905328871,0.06507160887649192,0.06507160887649192,1.1182460330540782
c42,n14,0.0,promouvoir_arc_secours,1,1,0.0,partiel,0.0,1.0,0.03619141629441767,0.5717299981888208,0.24999477666415204,0.4967560202942919,0.3437378312682807,0.4242816200758828,0.6934429672368703,0.3962791372541545,0.09375668266232669,0.09375668266232669,-0.23368462253236003
c42,n15,16.0,boost_capacite,1,0,16.0,en_cours,,2.0,0.14929324444249156,0.42235392576789826,0.31869739017824333,0.2957207409200174,0.3277072309084348,0.22200086774413172,0.6686671165315266,0.5572188195226943,0.053075940557296836,0.053075940557296836,-0.10449080904341357
c42,n16,14.0,revue_declaration,1,1,14.0,resolu,1.0,4.0,0.42481773696233227,0.2345624344210471,0.7759459256787051,0.278173225429128,0.8594209403407076,0.5287345100819513,0.5061944689759161,0.31010554240003463,0.05249761951415173,0.05249761951415173,-0.2448030026647972
c42,n17,2.0,promouvoir_arc_secours,1,1,2.0,resolu,1.0,2.0,0.3168354511966903,0.4482485117130511,0.76272068509389,0.4837884611532791,0.34654583451109217,0.8599764496489383,0.5664730625353631,0.34400339663929325,0.08604221741899593,0.08604221741899593,1.5403550654053857
c42,n18,11.0,ne_rien_faire,1,1,11.0,resolu,1.0,4.0,0.04367915809065312,0.5872758149017817,0.6647058228383037,0.10241387047072763,0.5594439610889111,0.8985956413123246,0.2441674998852264,0.1982577078750991,0.0,0.0,-1.9453674567155694
c42,n19,3.0,ne_rien_faire,1,1,3.0,resolu,1.0,1.0,0.1943708663976845,0.6381755614946638,0.46562662048613085,0.39401892657453863,0.5207004302854455,0.42716124769683145,0.9043501639713657,0.5276085659687184,0.0,0.0,0.5342898616451639
c42,n20,12.0,boost_capacite,1,1,12.0,partiel,0.0,2.0,0.5077484967398995,0.2439120384301866,0.4732992088472766,0.33888741536215894,0.17130108937339367,0.735005437680652,0.6889289854904489,0.7976288357081194,0.09404583781437073,0.09404583781437073,1.029945382332835
c42,n21,0.0,expedition_express,1,1,0.0,echec,0.0,1.0,0.20723855097443483,0.21596826434115718,0.44976653405534645,0.3889660265225953,0.3363211782086383,0.7119364598361114,0.7039096546691396,0.9277326524899981,0.10548633434496271,0.10548633434496271,1.6130938751864998
c42,n22,16.0,expedition_express,1,1,16.0,resolu,1.0,0.0,0.07084957921111408,0.05113670667440241,0.6205282863926357,0.5787049383496247,0.7224045362589423,0.4546916309523966,0.9171237278393634,0.9923075207368617,0.06784087113578872,0.06784087113578872,0.8754668213649976
c42,n23,0.0,replanifier_jalon,1,1,0.0,resolu,1.0,4.0,0.47006800804576704,0.5638083027333358,0.4520623643434095,0.5414744745409896,0.3868170171834873,0.23417817585568868,0.5841421578888719,0.553962634043052,0.19,0.19,0.49036543999793225
c42,n24,12.0,ne_rien_faire,1,1,12.0,partiel,0.0,2.0,0.3348750141194297,0.2041677651529119,0.48216210762529543,0.22056927774507945,0.34250431584912805,0.4658373018783958,0.34233176770431956,0.8095452395830536,0.0,0.0,-0.7511276975970146
c42,n25,2.0,ne_rien_faire,1,1,2.0,partiel,0.0,4.0,0.3781471594559963,0.27476085790123334,0.5722274015891881,0.843193834115514,0.22449375726407922,0.42217955104477506,0.3124278313862409,0.9525363785594743,0.0,0.0,-0.6657962988476156
c42,n26,15.0,ne_rien_faire,1,1,15.0,resolu,1.0,1.0,0.046287379479585784,0.2087532964113769,0.8151179030121496,0.27918353997918754,0.11637929178652509,0.38779073851880264,0.10118131437191083,0.3243651076677492,0.0,0.0,-1.7068773721909005
c42,n27,15.0,ne_rien_faire,1,1,15.0,partiel,0.0,3.0,0.22061015064344944,0.23051502656357928,0.35666329845587724,0.25102639167414914,0.9263977797693896,0.48233375538306644,0.624541968301252,0.5569831788417985,0.0,0.0,-0.17341015609440494
c42,n28,4.0,ne_rien_faire,1,1,4.0,partiel,0.0,0.0,0.24667130770294052,0.4834807780696572,0.8299521037964991,0.46963051265309014,0.2587631045226249,0.4742103979183564,0.49550747913615706,0.24242295931730393,0.0,0.0,0.16919078282441913
c42,n29,16.0,revue_declaration,1,1,16.0,resolu,1.0,1.0,0.22209970297344925,0.058215908706400095,0.591681791710882,0.26541877038196254,0.7373968584809765,0.1440116926520173,0.25236350015764275,0.8062399776751191,0.07101163994378579,0.07101163994378579,-1.4274427991268093
c42,n30,11.0,ne_rien_faire,1,1,11.0,partiel,0.0,3.0,0.06762603475207409,0.31387123152933055,0.591324170449397,0.30955093748640816,0.6227605830761187,0.5967897179007011,0.7079673969216224,0.41425734020193933,0.0,0.0,-0.20620370910083888
c42,n31,7.0,ne_rien_faire,1,1,7.0,partiel,0.0,3.0,0.3050513570259058,0.37344508771982216,0.5719899053205973,0.668687822985959,0.5689539678755942,0.35371828526641247,0.8959919652806845,0.7335361387455361,0.0,0.0,-0.0004832068495259634
c42,n32,8.0,ne_rien_faire,1,1,8.0,partiel,0.0,2.0,0.5289113541553592,0.2669085513294749,0.2368276544091665,0.6961711590937206,0.44972772225859187,0.5391616321598717,0.20885644876170986,0.2735628714637205,0.0,0.0,-1.000244953548497
c42,n33,9.0,replanifier_jalon,1,1,9.0,resolu,1.0,0.0,0.314860048026306,0.5915115998948525,0.23966489114319103,0.5107989371886423,0.8724861298288187,0.6648653244015776,0.3211994799165526,0.8149204634362383,0.11280496606787029,0.11280496606787029,-0.23228971753951103
c42,n34,8.0,revue_declaration,1,1,8.0,resolu,1.0,2.0,0.2958450109515368,0.4996566535208638,0.19225583645988167,0.12254528211416528,0.9091089024786366,0.6357629889018027,0.37771122759081055,0.8868125434405366,0.05249761951415173,0.05249761951415173,1.315370073976782
c42,n35,13.0,revue_declaration,1,1,13.0,echec,0.0,2.0,0.5283151557874403,0.4797341595793062,0.2410664888183789,0.605080439963653,0.7118638440060253,0.8841622891014205,0.6242368967788058,0.8291661823099026,0.08598823526196597,0.08598823526196597,-0.002846100983432631
c42,n36,13.0,promouvoir_arc_secours,1,1,13.0,resolu,1.0,4.0,0.1363069043345644,0.5543632086076771,0.8059378524894172,0.4211465364696991,0.3457330906594692,0.6545474077739418,0.5733902632176906,0.528095711614785,0.06507160887649192,0.06507160887649192,1.295108024165067
c42,n37,5.0,ne_rien_faire,1,1,5.0,partiel,0.0,2.0,0.20950739452638384,0.5498961269216858,0.11173643497373423,0.43322492382252653,0.4757288332412631,0.8966347213095054,0.7589213167968878,0.2820093883471087,0.0,0.0,0.9509058363299561
c42,n38,3.0,ne_rien_faire,1,1,3.0,partiel,0.0,4.0,0.408832187510196,0.38069075095055155,0.2922879621213163,0.6829900245143545,0.20723694488861208,0.5960100285685753,0.5843448346132961,0.2809910851053785,0.0,0.0,0.3316274522988175
c42,n39,0.0,ne_rien_faire,1,1,0.0,resolu,1.0,1.0,0.41604092776532414,0.33142101385829764,0.4800473215074199,0.8974739689661267,0.19388119997073996,0.6618862687551808,0.48923229341829766,0.28007398670142697,0.0,0.0,0.6848385047406449
c42,n40,10.0,ne_rien_faire,1,1,10.0,partiel,0.0,0.0,0.26437156912147247,0.060287106050590886,0.22097196721811885,0.6786419573509149,0.22253976764271408,0.7144042995863831,0.7281992447592447,0.4743255807951707,0.0,0.0,0.9122871104110709
c42,n41,8.0,ne_rien_faire,1,1,8.0,partiel,0.0,1.0,0.47048363767883955,0.17364020042267098,0.3794493464325429,0.5218035386101595,0.40935051419330676,0.6973717863656805,0.3770275458408827,0.4003475747531843,0.0,0.0,-1.0404757930591535
c42,n42,6.0,ne_rien_faire,1,1,6.0,resolu,1.0,3.0,0.49355800573123265,0.2364603542548058,0.1962818042539327,0.8410259739581399,0.4326282513898251,0.8954475880135654,0.13722950040384463,0.482196528820083,0.0,0.0,0.3541221248453545
c42,n43,2.0,ne_rien_faire,1,1,2.0,resolu,1.0,2.0,0.16656465545558266,0.15904383160511645,0.26405278345444955,0.5956263822949336,0.9078519973923282,0.41994419552339407,0.6075052051686975,0.7529812438711677,0.0,0.0,-1.2528770935562055
c42,n44,17.0,ne_rien_faire,1,1,17.0,partiel,0.0,4.0,0.13597808039341674,0.2512425140548939,0.7575442494430665,0.2198222932390463,0.34117644627417676,0.4188475142616326,0.36936658590942406,0.3538533599320664,0.0,0.0,-1.01713736628146
c42,n45,1.0,ne_rien_faire,1,1,1.0,echec,0.0,3.0,0.26361714322843366,0.5669180425357966,0.4743521176595136,0.864784084619081,0.19969607934632386,0.5328936485264841,0.15726520704931812,0.9957004157594829,0.0,0.0,-0.21539982981077677
c42,n46,2.0,ne_rien_faire,1,1,2.0,echec,0.0,3.0,0.007434467634871742,0.3456009895189839,0.307622158888375,0.9599110286590283,0.13704308317606467,0.2323105103206142,0.5273387862093322,0.6394346634342091,0.0,0.0,1.0273478213915763
c42,n47,12.0,boost_capacite,1,1,12.0,resolu,1.0,0.0,0.005361081152366699,0.1520711089471471,0.7870455294090911,0.5162063816061747,0.7791866064631932,0.664092911868391,0.896572706407784,0.9743171850954626,0.08115534141178526,0.08115534141178526,0.3429494998612851
c42,n48,7.0,ne_rien_faire,1,1,7.0,echec,0.0,4.0,0.40001315646050667,0.6944281090686469,0.32153249112311266,0.2161121248800838,0.13319728348604506,0.4383395881788529,0.8527860083269069,0.7587042732391407,0.0,0.0,1.398228385616991
c42,n49,8.0,revue_declaration,1,1,8.0,resolu,1.0,0.0,0.6306532317782074,0.0319569428437749,0.6249129884302307,0.12800829451292,0.20112693490442768,0.166214494859768,0.404608760112923,0.9273383553875943,0.19999999999999998,0.19999999999999998,0.30615332569903847
c42,n0,16.0,replanifier_jalon,1,1,16.0,partiel,0.0,3.0,0.06740421006394877,0.454741002417269,0.03279706201493305,0.518877254932619,0.6016659084344557,0.7441859308085367,0.49189362316688146,0.47875774383684944,0.08263442177277024,0.08263442177277024,-0.030356755151250782
c42,n1,15.0,boost_capacite,1,1,15.0,resolu,1.0,0.0,0.09239097414252281,0.10794759332126005,0.38090626068523853,0.7527706608188851,0.3428291013684774,0.5494983979022715,0.40862287547723986,0.9308190169795549,0.08115534141178526,0.08115534141178526,-0.2336966412302232
c42,n2,4.0,ne_rien_faire,1,1,4.0,echec,0.0,3.0,0.27933372291037967,0.30134928534871613,0.3590917148478786,0.4288785331961358,0.8115972017092684,0.4276443948024187,0.5748971929529026,0.8631380292507228,0.0,0.0,-0.8213642156847685
c42,n3,13.0,ne_rien_faire,1,1,13.0,partiel,0.0,3.0,0.3435415595244305,0.25292879475335206,0.4456154997168508,0.5087241846576136,0.1986409415275599,0.14445508141914062,0.4160515513203927,0.9345223782460983,0.0,0.0,-0.9884513100531441
c42,n4,12.0,boost_capacite,1,1,12.0,resolu,1.0,3.0,0.23274761827423876,0.7074244320512724,0.8562775137799477,0.6984629792869159,0.21334186193625618,0.19434275598713052,0.5246786198141357,0.5333918494173391,0.053075940557296836,0.053075940557296836,0.24319554726520487
c42,n5,3.0,revue_declaration,1,1,3.0,echec,0.0,1.0,0.5358863854866236,0.5575898950345055,0.5580032182699692,0.36514212123975187,0.6099586741254943,0.9423439235098866,0.22573683827198146,0.8077684399827672,0.08275544669906046,0.08275544669906046,-0.28080762330926917
c42,n6,17.0,boost_capacite,1,1,17.0,partiel,0.0,2.0,0.201315225497009,0.37409207422064916,0.6365783166055573,0.6312296365821776,0.796914035650725,0.10961092557194665,0.4380277857102103,0.7457379207456691,0.053075940557296836,0.053075940557296836,-2.2952866329397175
c42,n7,7.0,ne_rien_faire,1,1,7.0,partiel,0.0,1.0,0.0542321218006704,0.34059942861235826,0.5744008459274397,0.3916184444675395,0.21554486531704078,0.202692162034973,0.517617725778739,0.10885376060740169,0.0,0.0,-0.7052093796121789
c42,n8,16.0,ne_rien_faire,1,1,16.0,partiel,0.0,1.0,0.08295345162329354,0.4141967445207448,0.49423437954304716,0.4062405253478909,0.563232026012029,0.4902603416467639,0.5109828460535305,0.5721422836689063,0.0,0.0,-2.3029965787321527
c42,n9,2.0,ne_rien_faire,1,1,2.0,resolu,1.0,2.0,0.023789125671492148,0.09324935433063493,0.4109441575042857,0.20700944077362735,0.3493421874114779,0.8088576671312039,0.7044375418502052,0.6958761032998445,0.0,0.0,0.03355562942226237
c42,n10,5.0,promouvoir_arc_secours,1,0,5.0,en_cours,,0.0,0.2864735520148597,0.614018407641629,0.7055444515945032,0.17435344607795072,0.1429720075560949,0.4663910544392679,0.5138595426190931,0.737292828435991,0.09375668266232669,0.09375668266232669,-0.20748119121734274
c42,n11,16.0,ne_rien_faire,1,1,16.0,echec,0.0,1.0,0.7705282259801213,0.4213289503360277,0.22594239079579223,0.8917599108953711,0.47079819711518045,0.2819992203065431,0.7455263924412727,0.7550356818806918,0.0,0.0,0.16816253363806422
c42,n12,9.0,ne_rien_faire,1,1,9.0,partiel,0.0,1.0,0.18416316482236822,0.3407806170641421,0.5773791236766556,0.7966536517623458,0.3215175203891782,0.3526687524951623,0.21108450780088286,0.9729543221446841,0.0,0.0,-1.377433830084945
c42,n13,4.0,boost_capacite,1,1,4.0,resolu,1.0,3.0,0.3389438927456247,0.3510986132919332,0.5576059914166734,0.536235236332914,0.22274731319996594,0.9589467205379515,0.5526697114101196,0.8838241909717569,0.09404583781437073,0.09404583781437073,1.6053635467116427
c42,n14,12.0,boost_capacite,1,1,12.0,resolu,1.0,3.0,0.1728881420850793,0.3191393908036737,0.2787983265406695,0.6874960940727495,0.6421928517211457,0.24255727116282594,0.4142296156473965,0.5266148280507387,0.053075940557296836,0.053075940557296836,-0.6614691313429855
c42,n15,16.0,ne_rien_faire,1,1,16.0,partiel,0.0,2.0,0.08674565256932008,0.35937668388531674,0.5369923363521475,0.4361212537354801,0.47902461358446885,0.2156920245919822,0.3357047855736446,0.4518090559574016,0.0,0.0,-1.71115396151318
c42,n16,13.0,expedition_express,1,1,13.0,resolu,1.0,2.0,0.2215341341561034,0.09157947797876907,0.7936860403810381,0.5389894355289007,0.41943728641773675,0.2605027800088517,0.8327353065040961,0.6821352198763111,0.09287777229911215,0.09287777229911215,2.348204777758839
c42,n17,4.0,boost_capacite,1,1,4.0,resolu,1.0,4.0,0.14661382081868016,0.469026342083098,0.6286498107716244,0.8871490932606411,0.0886863296361351,0.3434128627141745,0.578764756965811,0.8541491184404513,0.053075940557296836,0.053075940557296836,0.41486608016191046
c42,n18,8.0,boost_capacite,1,1,8.0,echec,0.0,3.0,0.35518296156977996,0.4405345675686509,0.6144798067996591,0.8450038469717449,0.32151278750639617,0.5610809171461133,0.6933272940198217,0.7986157938330244,0.053075940557296836,0.053075940557296836,0.201273914846966
c42,n19,8.0,ne_rien_faire,1,1,8.0,partiel,0.0,4.0,0.33190274615266463,0.27337018985682193,0.5534823398604227,0.427077472648865,0.1074556628637703,0.30510825362040384,0.5252333585068223,0.9675333703580312,0.0,0.0,0.6970125781322475
c42,n20,14.0,ne_rien_faire,1,1,14.0,echec,0.0,3.0,0.33462350122679485,0.05891008623452871,0.4892142037805702,0.5217609758578805,0.8979114629745899,0.4374224844299872,0.6039763752527441,0.8044733633618238,0.0,0.0,1.196665056368257
c42,n21,16.0,ne_rien_faire,1,1,16.0,echec,0.0,3.0,0.20473276191622278,0.6894937193449507,0.561523524856146,0.4054604111155083,0.7525528598479992,0.4854051331442234,0.3084746951083262,0.9741389072850455,0.0,0.0,-0.24818179164646978
c42,n22,12.0,revue_declaration,1,1,12.0,echec,0.0,1.0,0.5055043188487905,0.7392244819324052,0.5668928645138578,0.7419581770149484,0.575974875821843,0.8460427637473017,0.8229271696305857,0.8647864943750333,0.08275544669906046,0.08275544669906046,1.7829663041808996
c42,n23,14.0,ne_rien_faire,1,1,14.0,resolu,1.0,2.0,0.1107539810455767,0.3926729432883507,0.28471303555659855,0.49919965638958125,0.8837584171363688,0.7201986075567589,0.22686778669278188,0.24573478111341263,0.0,0.0,-0.922022986595691
c42,n24,4.0,ne_rien_faire,1,1,4.0,partiel,0.0,0.0,0.48784894743537427,0.3472297297427406,0.8223035965061425,0.3389031812185989,0.6263632911316226,0.35135878326419623,0.4026691943796834,0.9595384108651454,0.0,0.0,-1.0031575359239697
c42,n25,6.0,ne_rien_faire,1,1,6.0,partiel,0.0,1.0,0.29617746090381786,0.07795979400404277,0.7143502607079346,0.7081301250390128,0.7787793911204481,0.427919030119912,0.33098468256978875,0.7004353030126622,0.0,0.0,-0.5015536324831048
c42,n26,9.0,expedition_express,1,1,9.0,echec,0.0,2.0,0.42233821327694565,0.511349473371051,0.413405796443969,0.8697411281286427,0.7566444211672975,0.4232277116432525,0.5213637173887333,0.9541262108577105,0.050825581787975416,0.050825581787975416,-0.9406977481823768
c42,n27,12.0,ne_rien_faire,1,1,12.0,echec,0.0,4.0,0.2427929875642837,0.3467134657914629,0.5088215585310008,0.43093278541685104,0.7319996082596723,0.274960711989878,0.26715556296966686,0.9058568322272982,0.0,0.0,-1.138302492706598
c42,n28,7.0,revue_declaration,1,1,7.0,echec,0.0,2.0,0.34232860060575626,0.5767433401765054,0.45596476793106117,0.11955243974062327,0.43652968465348146,0.1672114416696006,0.5949510237230421,0.5483847965509977,0.05249761951415173,0.05249761951415173,-0.9084975781286406
c42,n29,2.0,promouvoir_arc_secours,1,1,2.0,echec,0.0,1.0,0.05548356264221298,0.06029560009296119,0.5548858754621331,0.8513845390077962,0.5142663900683577,0.8132186438660433,0.632087148828754,0.5569041271481567,0.09375668266232669,0.09375668266232669,-0.850810178325079
c42,n30,13.0,revue_declaration,1,1,13.0,resolu,1.0,3.0,0.40071903943999104,0.44103936439824337,0.2712957792943848,0.2721741269341982,0.24277529874862808,0.9625896562935383,0.7351336491193097,0.5251975974888663,0.08598823526196597,0.08598823526196597,1.0576139967451395
c42,n31,13.0,ne_rien_faire,1,1,13.0,partiel,0.0,1.0,0.19211851685037562,0.4415534259750872,0.39537581720252135,0.1297190335485432,0.2431861275550445,0.6289648768334994,0.5478313323951433,0.25273863001767355,0.0,0.0,0.9428016303160098
c42,n32,14.0,ne_rien_faire,1,1,14.0,resolu,1.0,0.0,0.3666884825010811,0.13651252408185427,0.4431446267222615,0.6153346600347336,0.682710298981251,0.4669476518761807,0.6356314323173634,0.31256815764971496,0.0,0.0,-0.2994856282025281
c42,n33,15.0,revue_declaration,1,1,15.0,resolu,1.0,3.0,0.34578002197434055,0.6789085746044454,0.4208972024809486,0.610598488347414,0.7919383579946566,0.27572223147658403,0.09587546422103685,0.991580767143068,0.09844224846172875,0.09844224846172875,0.6951628374473482
c42,n34,3.0,ne_rien_faire,1,1,3.0,echec,0.0,3.0,0.22323078964040954,0.3239229703476363,0.36738206948742574,0.652158432993013,0.22041598957022154,0.14635484031387153,0.7068355674937125,0.9792289460332471,0.0,0.0,0.1402416465102389
c42,n35,0.0,replanifier_jalon,1,1,0.0,resolu,1.0,0.0,0.3977771969271849,0.2609598081814931,0.3334610035300537,0.15376376307992987,0.39138192939467603,0.13359958814921705,0.5290859143553542,0.15963162668678077,0.11280496606787029,0.11280496606787029,-0.16675111434514872
c42,n36,11.0,ne_rien_faire,1,1,11.0,echec,0.0,4.0,0.4395455772709827,0.11827000570235315,0.08948069395335152,0.6170940069663219,0.2164072829213247,0.5534903156931834,0.8100244963983345,0.9625132260001243,0.0,0.0,1.2746360829832786
c42,n37,17.0,promouvoir_arc_secours,1,0,17.0,en_cours,,4.0,0.13130756850481634,0.8253047027273169,0.6501533563964881,0.44446584941625644,0.27553550816116396,0.6391148333349984,0.8271267901212648,0.9003824434002663,0.0847811404775453,0.0847811404775453,2.8775991601657136
c42,n38,2.0,ne_rien_faire,1,1,2.0,resolu,1.0,2.0,0.6128724058530928,0.38066438722489987,0.643848214458406,0.42718965788584745,0.42348495535688485,0.4427326411123299,0.27949061217762394,0.6309122857096962,0.0,0.0,-0.2263689398979858
c42,n39,14.0,revue_declaration,1,1,14.0,echec,0.0,1.0,0.7038016547472781,0.5069848682756098,0.8285721383234209,0.7359707137091792,0.29432610294582573,0.32108901379745236,0.5582053240019895,0.5665935024616129,0.07101163994378579,0.07101163994378579,1.2221454814612205
c42,n40,9.0,expedition_express,1,0,9.0,en_cours,,1.0,0.44682143499698734,0.2460152811274747,0.6155898733916076,0.5117756894396299,0.33705862757943483,0.4659109238868804,0.3991466722379461,0.9305449122377624,0.06784087113578872,0.06784087113578872,0.5981455396608367
c42,n41,4.0,ne_rien_faire,1,1,4.0,resolu,1.0,1.0,0.16798690919198303,0.10901864250218395,0.7210862647969921,0.812219931947764,0.4103909518950112,0.8670418849606545,0.3169751153499713,0.5376295360766431,0.0,0.0,-1.5173985622150468
c42,n42,8.0,ne_rien_faire,1,1,8.0,resolu,1.0,1.0,0.5335184905686017,0.12490486532264726,0.8733894517632739,0.9600833698615862,0.4353609175432906,0.7121204776122191,0.7839687361092632,0.3923576908518985,0.0,0.0,2.826515713674487
c42,n43,12.0,ne_rien_faire,1,1,12.0,partiel,0.0,4.0,0.23697343609411775,0.5577528310563913,0.1277886921484413,0.769516673806572,0.9420871341117764,0.4931462379237803,0.5584049437295763,0.6221986430096897,0.0,0.0,-0.3990820761564984
c42,n44,11.0,revue_declaration,1,1,11.0,echec,0.0,1.0,0.13308282465371432,0.5626868176702281,0.7668031372036351,0.5886060881001459,0.47664191380090204,0.5675977493927422,0.5178905254725835,0.9766312726169895,0.19999999999999998,0.19999999999999998,-1.0037289842448054
c42,n45,4.0,ne_rien_faire,1,1,4.0,resolu,1.0,4.0,0.0606929987982456,0.07946039894154279,0.7335578145385394,0.9154580327651805,0.4651880525509107,0.12840382241780038,0.3408415071770092,0.6045214449794016,0.0,0.0,-1.483432564676591
c42,n46,3.0,replanifier_jalon,1,1,3.0,resolu,1.0,4.0,0.4976013657272834,0.2306593308606091,0.4875951715202208,0.5179648130068674,0.5597207761142162,0.431529153273027,0.03247035922606138,0.8041755773947631,0.19,0.19,-0.14173523799442833
c42,n47,2.0,ne_rien_faire,1,1,2.0,resolu,1.0,0.0,0.03853691695381371,0.8045504846965923,0.4163304465926523,0.23503608440541907,0.33064287000986275,0.6451353751570418,0.4390590546987564,0.6058548896926974,0.0,0.0,0.14993286826763524
c42,n48,17.0,ne_rien_faire,1,1,17.0,partiel,0.0,1.0,0.1474047085425977,0.15604205096322346,0.8881978018749932,0.4220555808713303,0.16886173809706798,0.5245873586623345,0.29671164445750703,0.9465837197986319,0.0,0.0,-0.8072659297400779
c42,n49,9.0,ne_rien_faire,1,1,9.0,partiel,0.0,1.0,0.3504155854556432,0.40927360981100347,0.06336665587099287,0.9304850612319301,0.21198153410008488,0.6568087588231355,0.34516345341326193,0.7544290468138402,0.0,0.0,-0.06868263481453105
c42,n0,14.0,replanifier_jalon,1,1,14.0,echec,0.0,1.0,0.43977713965662457,0.5656485373018728,0.24352706882393158,0.4387725440607147,0.28118818623196457,0.3259361992836034,0.8658826349685793,0.6380504409660795,0.11280496606787029,0.11280496606787029,2.147187833989339
c42,n1,11.0,ne_rien_faire,1,1,11.0,partiel,0.0,0.0,0.18613810332690786,0.44631027559667624,0.2985696631051701,0.5707961917232075,0.5912025480000405,0.8775259017964865,0.14640032874969688,0.964866236516508,0.0,0.0,0.24328531219730876
c42,n2,11.0,expedition_express,1,1,11.0,echec,0.0,2.0,0.33924969164220087,0.7393244651970053,0.0645697946770136,0.3894174873444419,0.6173696056512576,0.2568450739173863,0.6497256335026272,0.4732657647658295,0.09287777229911215,0.09287777229911215,0.3598523789618366
c42,n3,15.0,promouvoir_arc_secours,1,1,15.0,resolu,1.0,1.0,0.5874887478824249,0.186989912615526,0.8536419264130722,0.4714274110167448,0.3441524684273112,0.8366522754176178,0.639845527130143,0.7548227030810996,0.09375668266232669,0.09375668266232669,-0.3333181441935731
c42,n4,7.0,expedition_express,1,1,7.0,partiel,0.0,3.0,0.07493986306420138,0.6446135628899529,0.4245863357999105,0.7100878278739623,0.5525068047770048,0.4837993272890218,0.5489030116783497,0.7303859001587083,0.09287777229911215,0.09287777229911215,0.20075919479575527
c42,n5,8.0,boost_capacite,1,1,8.0,resolu,1.0,0.0,0.7861734601422515,0.27532168646804284,0.42279596422630406,0.6641554793216473,0.5697806384082408,0.1972617348620875,0.5700765317215488,0.8711403286152202,0.06576450329934143,0.06576450329934143,0.554380169138191
c42,n6,16.0,ne_rien_faire,1,1,16.0,partiel,0.0,3.0,0.10031070673160401,0.1714208431517808,0.6435354880323156,0.9115641661682016,0.30695596288558863,0.7134426975473582,0.31263737489673493,0.8774751462403235,0.0,0.0,0.3966290884099419
c42,n7,0.0,promouvoir_arc_secours,1,1,0.0,resolu,1.0,3.0,0.07356955963948716,0.13088735423998535,0.9671922991726194,0.08494122059810692,0.6352794017172878,0.5495406549173056,0.4679750411234837,0.4723023639630243,0.06507160887649192,0.06507160887649192,-0.6657135584851188
c42,n8,7.0,promouvoir_arc_secours,1,1,7.0,partiel,0.0,3.0,0.4596014882557855,0.7064317578163538,0.4629889697119601,0.7468106610891461,0.7080795940221825,0.717632201061655,0.40396208085842,0.9564551868212021,0.0847811404775453,0.0847811404775453,-0.8332405146935198
c42,n9,5.0,boost_capacite,1,1,5.0,resolu,1.0,2.0,0.44409226770375837,0.609688095617873,0.2659664306214038,0.6419100311962522,0.47270977917200835,0.6166518418144545,0.8358960912075769,0.6499147562921075,0.053075940557296836,0.053075940557296836,0.8678186643465138
c42,n10,7.0,ne_rien_faire,1,1,7.0,resolu,1.0,4.0,0.8770858088790403,0.0808103382032698,0.04246371434767671,0.5471792304598175,0.7325296758564352,0.34081866587115256,0.10941504829065299,0.6811853514182161,0.0,0.0,0.26835280264915945
c42,n11,4.0,boost_capacite,1,1,4.0,resolu,1.0,2.0,0.446615937243281,0.5407588133238938,0.7459567803258895,0.7754114445303413,0.22341011445201742,0.4652816390926917,0.15066680175250446,0.5610678964798961,0.053075940557296836,0.053075940557296836,-0.7986575201563071
c42,n12,12.0,replanifier_jalon,1,1,12.0,partiel,0.0,2.0,0.20552915091836296,0.6677703777321473,0.5062086954593205,0.5999371227572563,0.5234683663382835,0.4949875304469088,0.15763362661387786,0.6624526666917855,0.19,0.19,0.26326244836909307
c42,n13,9.0,ne_rien_faire,1,1,9.0,resolu,1.0,2.0,0.20359463192294008,0.5390955669219155,0.07790338571938113,0.2066824030400226,0.8238069561164812,0.3690288683125756,0.5236237858513233,0.7206521937044537,0.0,0.0,-0.662425132783441
c42,n14,8.0,boost_capacite,1,1,8.0,echec,0.0,1.0,0.22138437506194428,0.2799124563117365,0.5571148068840994,0.1081047134153318,0.4129344627300869,0.46033151884964124,0.938171674292417,0.9784745821367844,0.08115534141178526,0.08115534141178526,3.293257034369954
c42,n15,11.0,ne_rien_faire,1,1,11.0,resolu,1.0,1.0,0.21815010959005915,0.2373943652874915,0.2579260819648849,0.6561262998945604,0.16158304503409432,0.6151505044939569,0.4449010828373634,0.7491089584666878,0.0,0.0,0.5644360372594204
c42,n16,5.0,revue_declaration,1,1,5.0,resolu,1.0,3.0,0.40866323785098696,0.5344020516945475,0.2524590902535985,0.45054090978043065,0.46997532709137874,0.4577377406253456,0.1590376897983258,0.5799452858518759,0.05249761951415173,0.05249761951415173,-0.4312490773504552
c42,n17,6.0,replanifier_jalon,1,0,6.0,en_cours,,0.0,0.09007529208624782,0.22421752089952426,0.376132387834388,0.1805206226036239,0.6526672237102107,0.3200902468366606,0.5377868996672581,0.9487967376549529,0.06948979284705413,0.06948979284705413,-0.7615487413020251
c42,n18,13.0,replanifier_jalon,1,1,13.0,resolu,1.0,4.0,0.315626965760047,0.45278617055924963,0.06215098603875885,0.18058118450160301,0.747178400003024,0.32218525539795706,0.48087667320704025,0.7188798905071477,0.19,0.19,-0.18076906401997286
c42,n19,4.0,ne_rien_faire,1,1,4.0,partiel,0.0,4.0,0.14318036364954737,0.6753819314638418,0.2847962941272674,0.32010327979609726,0.07847788216072443,0.2358038017488447,0.23579140603588358,0.4357859893578954,0.0,0.0,-0.20898304128861422
c42,n20,17.0,ne_rien_faire,1,1,17.0,partiel,0.0,0.0,0.1966048573994027,0.23003828387137198,0.32253650108784426,0.49368101067488257,0.48201026585659995,0.024280776592631226,0.7459943470169036,0.3617492760730158,0.0,0.0,-0.14334394770744957
c42,n21,4.0,expedition_express,1,1,4.0,resolu,1.0,4.0,0.3523610329856605,0.41653582358204616,0.7556877971228905,0.4942434328041974,0.6227561502427756,0.5428604730037324,0.7087921257912904,0.48723333883301745,0.09287777229911215,0.09287777229911215,1.6193104939584368
c42,n22,8.0,ne_rien_faire,1,1,8.0,partiel,0.0,1.0,0.0020361485376293653,0.28905849956513324,0.2698431669404521,0.4713007006998893,0.26200531699618645,0.601417104086285,0.17810690604047105,0.821777523324519,0.0,0.0,-0.9427370920708312
c42,n23,0.0,boost_capacite,1,1,0.0,partiel,0.0,1.0,0.4278097160743113,0.4719195186897119,0.2529450984669424,0.45285044742475283,0.5410557714155928,0.4723576325413169,0.8156295444449099,0.9164268232367017,0.08115534141178526,0.08115534141178526,2.158056016621763
c42,n24,3.0,ne_rien_faire,1,1,3.0,partiel,0.0,4.0,0.13810990747064048,0.1333406871047314,0.623768725722747,0.46375320045327006,0.1991751260055286,0.9225309267156909,0.4112808825158941,0.5706174591088313,0.0,0.0,-0.25774459290908797
c42,n25,5.0,revue_declaration,1,1,5.0,resolu,1.0,3.0,0.15308399689544916,0.5924548920271123,0.3258550021662808,0.4271678306440315,0.6818128008717368,0.708625184363653,0.42078322316478023,0.8890486398975488,0.08598823526196597,0.08598823526196597,-1.3608848425853048
c42,n26,7.0,boost_capacite,1,1,7.0,echec,0.0,3.0,0.5658404071444826,0.8547954212772937,0.5748565973445939,0.17020867304314613,0.20874874441810576,0.25243016211270186,0.8312724921083797,0.913859291668013,0.18,0.18,0.42370788310900714
c42,n27,8.0,ne_rien_faire,1,1,8.0,partiel,0.0,0.0,0.024178820825102323,0.11287585700984142,0.5930546300817304,0.4699649845398872,0.22884940187956543,0.4676751477300624,0.6575991021390639,0.3505301691557337,0.0,0.0,0.06187767015918724
c42,n28,10.0,promouvoir_arc_secours,1,1,10.0,partiel,0.0,4.0,0.6989465197987944,0.19104146130579228,0.23344613294026653,0.3586012035975174,0.8447826111370252,0.3384419937419121,0.6403839581738803,0.7153224887837437,0.06507160887649192,0.06507160887649192,1.6032152134091568
c42,n29,2.0,expedition_express,1,1,2.0,partiel,0.0,1.0,0.11894023397118861,0.7547044714897472,0.25436888832027876,0.5875926782209283,0.6424566696491939,0.4329189340633394,0.8082399333058957,0.9368107387298124,0.06784087113578872,0.06784087113578872,0.7178422011080915
c42,n30,9.0,revue_declaration,1,1,9.0,partiel,0.0,2.0,0.38453590641686053,0.7312318222232078,0.2683878168660563,0.6720670483390743,0.40844438370554564,0.4739349826744616,0.4738339720895056,0.8351968295250086,0.05249761951415173,0.05249761951415173,1.5518375459803557
c42,n31,15.0,replanifier_jalon,1,1,15.0,resolu,1.0,4.0,0.5495625468613092,0.363924622843159,0.35494742789193,0.48176348405525327,0.14449418642671813,0.6868375988637762,0.24146979846707228,0.8396826624772684,0.08263442177277024,0.08263442177277024,1.3718387543130257
c42,n32,14.0,expedition_express,1,1,14.0,echec,0.0,1.0,0.49408556763412353,0.49516327336676774,0.5787309402020389,0.7247979236040725,0.5059170921125619,0.5062287989542318,0.6413554795910064,0.9136635253630638,0.06784087113578872,0.06784087113578872,1.3543885607777644
c42,n33,11.0,revue_declaration,1,1,11.0,resolu,1.0,3.0,0.404692856729272,0.7098786369797093,0.4527331275451383,0.3432855615417792,0.7205004714847405,0.650009818129251,0.7309251793334431,0.8084853690943754,0.05249761951415173,0.05249761951415173,-0.027040061127744153
c42,n34,8.0,ne_rien_faire,1,1,8.0,resolu,1.0,0.0,0.13512192919656849,0.22666462377106106,0.7204495571316871,0.7249901029820932,0.5161372814460594,0.5852550595226081,0.7113973174428249,0.8791459108572611,0.0,0.0,-1.1553120297135306
c42,n35,6.0,ne_rien_faire,1,1,6.0,resolu,1.0,3.0,0.07736470018516915,0.4211919544244771,0.13842995906665018,0.5869627168205864,0.5974605004912639,0.21179103082474443,0.21119509936519984,0.7019425640889007,0.0,0.0,-1.4164481855655187
c42,n36,2.0,ne_rien_faire,1,1,2.0,resolu,1.0,4.0,0.1480337930705535,0.09974757363529799,0.9346116348777334,0.5422758167020751,0.3518388206200828,0.07225527114439792,0.4062200350903693,0.6837995783367279,0.0,0.0,-1.0562089842934868
c42,n37,17.0,ne_rien_faire,1,1,17.0,echec,0.0,2.0,0.06178251005267369,0.16342056528678184,0.4822452879892736,0.19201773193296737,0.20522344923631686,0.5669225680921621,0.39819601332040294,0.27023691618843504,0.0,0.0,-0.0931524821670815
c42,n38,7.0,ne_rien_faire,1,1,7.0,partiel,0.0,0.0,0.05324064106902953,0.2552350585836033,0.6883284862032628,0.3717125873175151,0.36257336513475363,0.6887305145523026,0.37331383481133446,0.05166868253183546,0.0,0.0,0.7109184034303114
c42,n39,3.0,ne_rien_faire,1,1,3.0,resolu,1.0,4.0,0.1282600101479176,0.17262469374360304,0.47998494978577955,0.4455003441384576,0.2249812458341534,0.8664283526074947,0.18826326331437576,0.23460567907057703,0.0,0.0,-0.5248854629287627
c42,n40,4.0,ne_rien_faire,1,1,4.0,echec,0.0,0.0,0.10700593969815375,0.4489540594661513,0.6905898909187503,0.7404929710819849,0.8006752146864129,0.3898585155513023,0.6016247006880128,0.9258811922843525,0.0,0.0,-0.7951281451171348
c42,n41,13.0,ne_rien_faire,1,1,13.0,resolu,1.0,4.0,0.3670685275511534,0.7406201153782138,0.5051929417287723,0.1794544025879667,0.6935787991951364,0.618433614068102,0.2513382560688335,0.5293198219278685,0.0,0.0,0.26651477563713877
c42,n42,2.0,ne_rien_faire,1,1,2.0,echec,0.0,3.0,0.38826551357390887,0.27735285979413266,0.7487608641357357,0.5214495730277737,0.7213444381749102,0.408497121249998,0.39190015332252187,0.9885037435553311,0.0,0.0,-0.5897087961085152
c42,n43,4.0,promouvoir_arc_secours,1,1,4.0,echec,0.0,1.0,0.19478892019549618,0.6905546676655494,0.6452767510057277,0.43040020772984483,0.6337801762152874,0.33510250525543983,0.6240481648737195,0.6426857881935817,0.09375668266232669,0.09375668266232669,0.9645729892604734
c42,n44,14.0,ne_rien_faire,1,1,14.0,echec,0.0,3.0,0.2854645610093334,0.4696728828450462,0.5120079588633856,0.6800615064943455,0.7658138811262777,0.29761178781941383,0.42382535910996655,0.23381999589312802,0.0,0.0,0.26777232642718574
c42,n45,1.0,expedition_express,1,1,1.0,partiel,0.0,4.0,0.07993694259196174,0.5621565630832344,0.2345392410001605,0.5117484361986686,0.6974962694964626,0.5394797197218596,0.21580806137847297,0.8977095713611594,0.09287777229911215,0.09287777229911215,-0.973186614772977
c42,n46,5.0,ne_rien_faire,1,1,5.0,partiel,0.0,3.0,0.37865905563557734,0.16757712149795082,0.35544663073545335,0.30323047637653244,0.6559124732295579,0.5033210142799114,0.5646149937593159,0.7831025934932603,0.0,0.0,1.743790179316909
c42,n47,13.0,boost_capacite,1,0,13.0,en_cours,,2.0,0.20336662061542876,0.7963745757298318,0.28612598308263437,0.5023626843946526,0.943289478743051,0.6117009180869619,0.7923369945944205,0.640134987050261,0.053075940557296836,0.053075940557296836,1.1354477677468386
c42,n48,0.0,ne_rien_faire,1,1,0.0,echec,0.0,0.0,0.08236547754763675,0.2554569005181858,0.2859697910759968,0.5775491411738541,0.4034268078952603,0.8528150273264611,0.6485483213676164,0.8354837527148699,0.0,0.0,-0.3251510132883948
c42,n49,5.0,replanifier_jalon,1,1,5.0,partiel,0.0,1.0,0.5854921553714659,0.7011042726015625,0.24673537064139453,0.24570995203669413,0.6921763686620913,0.296445355381135,0.8891298631155737,0.6569758292905201,0.11280496606787029,0.11280496606787029,1.0660154146543348
c42,n0,5.0,ne_rien_faire,1,1,5.0,resolu,1.0,2.0,0.15480683052417626,0.2216503697297743,0.1768677904157152,0.5649092503155757,0.7766182114826831,0.5168584808731499,0.9266480815993284,0.5513163415683959,0.0,0.0,2.0290327477447097
c42,n1,8.0,ne_rien_faire,1,1,8.0,resolu,1.0,3.0,0.36653465193901913,0.3181570371836365,0.41051129093316635,0.5460047429843471,0.4433145377399657,0.8369919656460659,0.6398427305397308,0.9903065635496031,0.0,0.0,0.4955588492752653
c42,n2,10.0,revue_declaration,1,0,10.0,en_cours,,3.0,0.21141294032183375,0.6244220057385256,0.9462374778679573,0.5164624927048489,0.44271576029530935,0.12828671362122152,0.7718992130787365,0.7737279594085618,0.05249761951415173,0.05249761951415173,1.1769038599383495
c42,n3,5.0,promouvoir_arc_secours,1,1,5.0,partiel,0.0,1.0,0.515662504526339,0.8630983568642997,0.5126341128614597,0.7114638774498023,0.4625540186081375,0.4691708897643871,0.3148487215699223,0.838981309070769,0.09375668266232669,0.09375668266232669,-2.1699767706290913
c42,n4,6.0,ne_rien_faire,1,1,6.0,partiel,0.0,4.0,0.03992847703571956,0.3654453526282466,0.6184082047858503,0.500431033841312,0.8649395405456721,0.5915099700255007,0.6465577439681982,0.5017000129400093,0.0,0.0,0.8008044026356699
c42,n5,14.0,boost_capacite,1,1,14.0,resolu,1.0,2.0,0.20418789814862412,0.22049830953180036,0.35980593744384826,0.41408441547646374,0.38286294995649284,0.7105398309833065,0.64272488825532,0.8028034524781346,0.09404583781437073,0.09404583781437073,1.1156522421664414
c42,n6,9.0,replanifier_jalon,1,1,9.0,partiel,0.0,2.0,0.0331783449475227,0.4733643513855605,0.5678901831335404,0.3733662789964616,0.7131320143163625,0.6214366698653521,0.3015169127133181,0.7135014318869655,0.19,0.19,0.01779828513360937
c42,n7,8.0,ne_rien_faire,1,1,8.0,resolu,1.0,3.0,0.10373487329243969,0.30884690479131377,0.6230059762873609,0.3923995289747646,0.3060792554509174,0.3758398073993085,0.791042788820974,0.6371227988324559,0.0,0.0,0.5857983855458769
c42,n8,8.0,ne_rien_faire,1,1,8.0,partiel,0.0,4.0,0.10619114799220508,0.5033789386657015,0.7191298135599209,0.7419025611781404,0.6926719731053874,0.5202912538011523,0.19095120728988446,0.9905183054741487,0.0,0.0,-1.318559619185037
c42,n9,15.0,ne_rien_faire,1,1,15.0,partiel,0.0,1.0,0.2527363464022095,0.27954514341722186,0.3291654917413958,0.3647609969944296,0.4851800954407214,0.07399357297268654,0.550020299586954,0.530051518796221,0.0,0.0,-0.5909979528685564
c42,n10,10.0,ne_rien_faire,1,1,10.0,partiel,0.0,3.0,0.6729210818811191,0.1852823604986483,0.164681785980939,0.43786074909664513,0.3741175292394019,0.499782722349689,0.3891239594194565,0.9358066729544716,0.0,0.0,-1.0029992591419687
c42,n11,14.0,ne_rien_faire,1,1,14.0,partiel,0.0,2.0,0.07841923855352213,0.5062832090603936,0.44012972302627157,0.22769401348190205,0.15478008050293876,0.35548881327765147,0.6925987896500897,0.9933118130919767,0.0,0.0,-1.025199945726682
c42,n12,6.0,ne_rien_faire,1,1,6.0,partiel,0.0,4.0,0.3851085052423205,0.24967384827112118,0.7904855629558177,0.8359860600561658,0.35850535727193233,0.16798861274504884,0.6022905231679235,0.8375108463067236,0.0,0.0,-1.9628566704150123
c42,n13,5.0,ne_rien_faire,1,1,5.0,resolu,1.0,1.0,0.5080579819225681,0.10434089392941895,0.3775310697114289,0.8265276927342651,0.5897077141925635,0.31081802373330286,0.14008605901960572,0.8806517007621022,0.0,0.0,-1.2539989871769834
c42,n14,6.0,ne_rien_faire,1,1,6.0,partiel,0.0,1.0,0.045056903243355914,0.678504826308706,0.4742546272790132,0.4607889133376773,0.6575410423952112,0.5148222686007916,0.455237856496641,0.29739141897786264,0.0,0.0,-0.8669310783875743
c42,n15,10.0,replanifier_jalon,1,1,10.0,partiel,0.0,1.0,0.38091246785359373,0.19602624458316445,0.6456943193582344,0.6687401222410007,0.6336137258874568,0.926789026182094,0.4250712001335802,0.8041772455574082,0.05036857131959023,0.05036857131959023,0.9314003710900818
c42,n16,17.0,ne_rien_faire,1,1,17.0,echec,0.0,0.0,0.08608932278735931,0.7415368595188255,0.6258483356108276,0.6448432186641161,0.6275549946969348,0.576097476828834,0.8034046592534747,0.35671861104175695,0.0,0.0,-0.41284311339299007
c42,n17,2.0,ne_rien_faire,1,1,2.0,echec,0.0,1.0,0.14214155880026688,0.16569087565022098,0.6658745937051255,0.7539183021753612,0.21713735033356557,0.5750686975241239,0.7050454914938018,0.537732809877376,0.0,0.0,0.44189408462478685
c42,n18,1.0,ne_rien_faire,1,1,1.0,partiel,0.0,1.0,0.20500207488628144,0.12579201835732454,0.7242437580463333,0.5008272138317678,0.5015424185026278,0.45624240469708977,0.8053964112043897,0.5064255075293624,0.0,0.0,0.13850456285250606
c42,n19,0.0,boost_capacite,1,1,0.0,resolu,1.0,2.0,0.2461967945044108,0.20852561917127108,0.5583374525847675,0.31430770785045126,0.4781052361566251,0.15780397190113,0.651667193947342,0.9984771894975183,0.18,0.18,-0.4283172655936206
c42,n20,13.0,ne_rien_faire,1,1,13.0,resolu,1.0,4.0,0.2649408392573854,0.5022870201242752,0.43128587868219054,0.6668129674432185,0.45115482221705705,0.4253531709905058,0.25944733280657845,0.30946804113385973,0.0,0.0,-1.2625116355811266
c42,n21,17.0,ne_rien_faire,1,1,17.0,partiel,0.0,4.0,0.047507418716319555,0.27824190766642143,0.5223745021503924,0.5749096528500567,0.17500889334015132,0.6532060325883653,0.8416658148549396,0.9900756703229098,0.0,0.0,-0.2527193138705033
c42,n22,16.0,revue_declaration,1,1,16.0,partiel,0.0,3.0,0.6485142524409413,0.19053061665208643,0.39655581335273005,0.6267732326145454,0.593978150941117,0.5515198231399133,0.3814519642330601,0.8947610300282648,0.05249761951415173,0.05249761951415173,1.0288586178562324
c42,n23,2.0,boost_capacite,1,1,2.0,partiel,0.0,0.0,0.2904144218741806,0.4619050806680978,0.11558212253241044,0.33238114125624846,0.5747752681555741,0.48676370749048575,0.4870040141030667,0.718425489867382,0.06576450329934143,0.06576450329934143,0.12712021755424718
c42,n24,7.0,boost_capacite,1,1,7.0,partiel,0.0,1.0,0.16639612439591642,0.4891311942994894,0.14951196512561757,0.5337429999186203,0.7196345121892559,0.407796369254139,0.4703601360148709,0.9619478100958737,0.08115534141178526,0.08115534141178526,0.5958694440720476
c42,n25,5.0,promouvoir_arc_secours,1,1,5.0,resolu,1.0,2.0,0.1190349153168209,0.5483195815609513,0.4048639835255088,0.6469461525972728,0.6970613433229138,0.7699989657666921,0.265488017964141,0.3514472447975503,0.08604221741899593,0.08604221741899593,0.6108352638228962
c42,n26,1.0,ne_rien_faire,1,1,1.0,partiel,0.0,3.0,0.3004635607392539,0.09919669718175203,0.38782772928536674,0.5809773402254281,0.31784763854730264,0.23523725320031016,0.12903186311307893,0.7485232597772867,0.0,0.0,-0.7836124922157839
c42,n27,15.0,ne_rien_faire,1,1,15.0,echec,0.0,1.0,0.23421195977465958,0.44158815503926213,0.7044494887909278,0.27758624340020244,0.12884790761257267,0.8054656827812152,0.6763170953223059,0.47942265480006063,0.0,0.0,-0.25085157075358133
c42,n28,13.0,replanifier_jalon,1,1,13.0,partiel,0.0,1.0,0.23914902430018212,0.15888499926832547,0.8914918199340767,0.910515291638545,0.8283648698903431,0.17934202083145748,0.794551182363418,0.6861720485556763,0.11280496606787029,0.11280496606787029,1.5969572970949903
c42,n29,12.0,expedition_express,1,0,12.0,en_cours,,0.0,0.07080087281829853,0.6828647382331232,0.5349269910417436,0.6312539234021627,0.555233397987329,0.7020639258736774,0.06455968683401077,0.5245515319042546,0.10748598928679363,0.10748598928679363,-1.2559435433055968
c42,n30,4.0,revue_declaration,1,0,4.0,en_cours,,2.0,0.08567165973946628,0.4037970862682626,0.3461848809145108,0.466902479551125,0.36606301443259115,0.43028887923012354,0.5300915178937852,0.7777956470472677,0.05249761951415173,0.05249761951415173,-2.1499795459153574
c42,n31,7.0,ne_rien_faire,1,1,7.0,partiel,0.0,0.0,0.4729234080273883,0.4836261827110019,0.24300099982043477,0.20356075221325434,0.541198678360359,0.20039116761840928,0.8623549766966012,0.6074539079410249,0.0,0.0,0.6331345435753862
c42,n32,6.0,ne_rien_faire,1,1,6.0,resolu,1.0,0.0,0.039511681784888356,0.2702245346166329,0.7454421204618829,0.1563437660869533,0.2499551207515749,0.2101681527538018,0.555301934996502,0.7210284969143143,0.0,0.0,-1.0170706937579246
c42,n33,15.0,revue_declaration,1,1,15.0,resolu,1.0,0.0,0.3104807412494902,0.6100191963095518,0.47364214919616815,0.5371679535404388,0.4051695085449467,0.4591030884942506,0.36478926595302247,0.9267441150908935,0.19999999999999998,0.19999999999999998,-1.01121866215985
c42,n34,17.0,boost_capacite,1,1,17.0,partiel,0.0,1.0,0.4800951771413384,0.4514411664279528,0.33287095755326285,0.5381790838932743,0.7320647891978181,0.45964551400609,0.7827635273142455,0.48809892412370337,0.06576450329934143,0.06576450329934143,-1.052253067372321
c42,n35,2.0,replanifier_jalon,1,1,2.0,resolu,1.0,2.0,0.21295838620908558,0.6398394597639712,0.5320477336563505,0.388476594549152,0.36761003987005236,0.4931475140797036,0.5874502339719676,0.2982921883093638,0.19,0.19,-0.39195492085991546
c42,n36,17.0,ne_rien_faire,1,1,17.0,partiel,0.0,3.0,0.47035962597936776,0.5692328886130309,0.7374077372460263,0.2873731988192078,0.6512234983541084,0.18835319051230448,0.19926449367413096,0.2995275193779741,0.0,0.0,0.24811312091118176
c42,n37,14.0,boost_capacite,1,1,14.0,echec,0.0,2.0,0.5321104662104229,0.5466139310448548,0.6163070798339042,0.7690257997899589,0.6084937082988865,0.45546207382808956,0.47072573708886484,0.9537391145257729,0.18,0.18,1.6155744276104225
c42,n38,15.0,ne_rien_faire,1,1,15.0,partiel,0.0,0.0,0.46405927625189836,0.21517248479021248,0.19191235101053603,0.8128647353410162,0.3848769088651224,0.5472406282439682,0.4216691636531576,0.2914011614371469,0.0,0.0,-0.5415361291611313
c42,n39,15.0,expedition_express,1,1,15.0,resolu,1.0,3.0,0.13944359801303513,0.3424398397478509,0.4683188749979426,0.8798367643988095,0.5272066066009748,0.427953896845652,0.5267594392628493,0.8251675406869264,0.09287777229911215,0.09287777229911215,0.9689701014706977
c42,n40,5.0,promouvoir_arc_secours,1,1,5.0,echec,0.0,4.0,0.3759200722964178,0.6105535318116503,0.7587262404034385,0.32590113045275276,0.6264382045356519,0.37371007015793734,0.1469983355960336,0.7346260037093646,0.06507160887649192,0.06507160887649192,0.2514829607167127
c42,n41,2.0,revue_declaration,1,1,2.0,resolu,1.0,2.0,0.6653158315957848,0.5253845573533091,0.7573509450968909,0.29716289856781436,0.6808280475707866,0.5021565848648148,0.6867848814001509,0.4898253702858126,0.05249761951415173,0.05249761951415173,1.793459144572501
c42,n42,1.0,boost_capacite,1,1,1.0,partiel,0.0,0.0,0.07152082989646609,0.2105291819141625,0.45225128778740714,0.7684877461862801,0.5305927111991319,0.7247284440295149,0.2723660169992064,0.9699873274036284,0.08115534141178526,0.08115534141178526,0.3253017265806044
c42,n43,6.0,ne_rien_faire,1,1,6.0,partiel,0.0,0.0,0.3340404377161531,0.4081067562134232,0.23672609399382397,0.5891090250229493,0.2844153319717033,0.6065829355760874,0.4787245780329439,0.5281825802492541,0.0,0.0,-0.06821285712048794
c42,n44,16.0,ne_rien_faire,1,1,16.0,partiel,0.0,2.0,0.10079427652335518,0.2803993854982234,0.7152384308564598,0.229135098221001,0.4689742842702021,0.5097220737389622,0.8545553684137812,0.7238000393859797,0.0,0.0,0.345430110926875
c42,n45,12.0,revue_declaration,1,1,12.0,partiel,0.0,2.0,0.6343827387473286,0.5391966612419327,0.6860837185073209,0.6542003046456619,0.11968521950262506,0.25850350259118726,0.8903164982779824,0.6763771687179347,0.05249761951415173,0.05249761951415173,1.3379240161100387
c42,n46,16.0,revue_declaration,1,1,16.0,resolu,1.0,0.0,0.25484436843086855,0.34764346122973955,0.20377869591907102,0.831309080183069,0.23698177297902126,0.3384829707013637,0.5299274335858216,0.7812851573013421,0.07101163994378579,0.07101163994378579,-0.37855982509933184
c42,n47,0.0,ne_rien_faire,1,1,0.0,resolu,1.0,2.0,0.139677872023929,0.017993067557831213,0.3687121370635413,0.39049482529399693,0.2804799346175553,0.37335198512987056,0.6312521690916073,0.36010255111771516,0.0,0.0,-1.9503526973655554
c42,n48,6.0,promouvoir_arc_secours,1,1,6.0,partiel,0.0,0.0,0.35597382617532747,0.3176995871496946,0.2202093730857957,0.7553160551403756,0.4303333501549713,0.7782445927964072,0.6815246202121663,0.8474744922046801,0.11114874117773832,0.11114874117773832,-0.029394372176206995
c42,n49,0.0,boost_capacite,1,1,0.0,partiel,0.0,3.0,0.46116803934952527,0.6111348863191768,0.9658567476977589,0.2553346092281596,0.5979524423321798,0.10738825654052551,0.6674535758247958,0.8117867988471149,0.053075940557296836,0.053075940557296836,-0.31062449359848743
c42,n0,5.0,ne_rien_faire,1,1,5.0,resolu,1.0,3.0,0.579597489750506,0.38879786282170553,0.36688968645431935,0.3873404924522031,0.7067857628297192,0.38464058097961934,0.3939447126140219,0.5935056319845903,0.0,0.0,0.033709909733115884
c42,n1,6.0,promouvoir_arc_secours,1,1,6.0,resolu,1.0,2.0,0.47572389012484434,0.41568632324923294,0.5796241500692175,0.07738274198528826,0.3229986597879075,0.3538221803193915,0.8673948355822988,0.5124293022770575,0.06507160887649192,0.06507160887649192,0.10971777202660216
c42,n2,11.0,revue_declaration,1,0,11.0,en_cours,,1.0,0.13598091168354076,0.4491171234787884,0.5452297805895032,0.24206297570938928,0.9540237319466446,0.26658451495455415,0.18529404772809868,0.9900067189800549,0.19999999999999998,0.19999999999999998,-0.6370083333927634
c42,n3,4.0,ne_rien_faire,1,1,4.0,partiel,0.0,0.0,0.18888953341670287,0.1589837978217452,0.38629695475615494,0.45721264153751917,0.5045109472988063,0.5587935031872501,0.4028832567747375,0.4519806900247228,0.0,0.0,0.2979100037821778
c42,n4,11.0,replanifier_jalon,1,1,11.0,partiel,0.0,3.0,0.06822993823087861,0.08565444268209953,0.6965481791670065,0.33731149183273795,0.45921063033880927,0.7665764138738848,0.38064738344702487,0.8361082995965267,0.08263442177277024,0.08263442177277024,0.9548451390154187
c42,n5,8.0,ne_rien_faire,1,1,8.0,partiel,0.0,3.0,0.09274915024087463,0.08863624119189864,0.258114279935649,0.7751541158127622,0.5441154564020899,0.1613355281301602,0.9056718730584836,0.6575266665461231,0.0,0.0,-1.1242002857653441
c42,n6,12.0,revue_declaration,1,1,12.0,partiel,0.0,0.0,0.3009707249658263,0.650470552624527,0.23106422263470813,0.4941549042841307,0.39665360267184324,0.199021655872217,0.8171561799458824,0.8861239279204832,0.07101163994378579,0.07101163994378579,0.4150807021574937
c42,n7,10.0,ne_rien_faire,1,1,10.0,resolu,1.0,3.0,0.24457792003076587,0.2529173460519317,0.45336883099853625,0.4096242642633952,0.6918841292935362,0.7289566289915541,0.7265837576081929,0.6641575767496205,0.0,0.0,0.22970870141733296
c42,n8,0.0,ne_rien_faire,1,1,0.0,partiel,0.0,4.0,0.11844170509349898,0.10429724635536454,0.7817149169682663,0.8872361711318925,0.7037991168045017,0.4875262449329321,0.0946722088893414,0.6208435444149143,0.0,0.0,-0.8980681306059042
c42,n9,0.0,revue_declaration,1,0,0.0,en_cours,,1.0,0.6972886039285708,0.15212749146926147,0.5294939537703824,0.6644504345566625,0.8251895680747605,0.1976256261437566,0.7849539284590927,0.5461597326923877,0.07101163994378579,0.07101163994378579,0.7291708582796462
c42,n10,8.0,revue_declaration,1,1,8.0,partiel,0.0,2.0,0.19834792761587958,0.5367781946376793,0.6758580003944548,0.3751085754432479,0.7826037557056714,0.49236550640639815,0.25557492217017863,0.338250653102556,0.05249761951415173,0.05249761951415173,-0.3031608704101953
c42,n11,2.0,promouvoir_arc_secours,1,1,2.0,partiel,0.0,2.0,0.09919347592805304,0.47934883692537705,0.8731036532622587,0.18685710854572246,0.7111898492801567,0.7789966743462422,0.6661964233807509,0.48216631860932063,0.06507160887649192,0.06507160887649192,0.8017342490827994
c42,n12,10.0,ne_rien_faire,1,1,10.0,resolu,1.0,2.0,0.33683357800180874,0.4496828243113667,0.7935337647616972,0.5458420528877785,0.5581091078727681,0.8356052864384311,0.4617637838821276,0.7964254882694014,0.0,0.0,-0.5431892671600455
c42,n13,15.0,ne_rien_faire,1,1,15.0,echec,0.0,0.0,0.4138505209481877,0.11335631186643573,0.17826378917173707,0.6119223580947437,0.6727640403249037,0.6527438962964746,0.7499046566116224,0.1565941501556337,0.0,0.0,-0.26105989034677757
c42,n14,12.0,boost_capacite,1,1,12.0,resolu,1.0,3.0,0.3593326372690005,0.2173352769622596,0.6470497294114984,0.3469782789654767,0.6867184437169762,0.6283753045519501,0.4035163603364683,0.7512408684187828,0.053075940557296836,0.053075940557296836,0.33859444107571157
c42,n15,7.0,replanifier_jalon,1,1,7.0,resolu,1.0,3.0,0.18323838678059445,0.45742991941376765,0.15487631860135873,0.18134722740266804,0.5173846692007833,0.44905979387126416,0.7293225226018535,0.7846493655957498,0.19,0.19,0.0035425696391653827
c42,n16,0.0,ne_rien_faire,1,1,0.0,partiel,0.0,3.0,0.21965567196784652,0.28091184848237744,0.16952067503205542,0.29954200519356516,0.5327351151075614,0.26154696948063266,0.44671066306717033,0.6671767680288055,0.0,0.0,-2.5831879340576425
c42,n17,0.0,ne_rien_faire,1,1,0.0,resolu,1.0,4.0,0.5296529020955115,0.6183194104120789,0.6281861079590231,0.69694965662996,0.21191293966324837,0.23378045478931925,0.41065308619990354,0.6577356239475122,0.0,0.0,0.04204555988674491
c42,n18,12.0,promouvoir_arc_secours,1,1,12.0,echec,0.0,3.0,0.329099928392729,0.5380381078056452,0.16123301681419075,0.435522590878443,0.29805845863812175,0.4213781292943424,0.41692135608760605,0.9719658272728674,0.0847811404775453,0.0847811404775453,0.21801579283244005
c42,n19,8.0,ne_rien_faire,1,1,8.0,partiel,0.0,3.0,0.07390157595403361,0.3080067408787614,0.842670868179177,0.360442969292075,0.21612911142804245,0.6579389798972946,0.3489716893131548,0.8350005808499494,0.0,0.0,-0.2040347775867608
c42,n20,15.0,replanifier_jalon,1,1,15.0,partiel,0.0,0.0,0.37627430085397895,0.3193908057697167,0.7175684009984317,0.6931037763097352,0.7069977643651914,0.5129690740439419,0.7862748597667696,0.9478701430919312,0.06948979284705413,0.06948979284705413,-0.4698856255861714
c42,n21,15.0,replanifier_jalon,1,1,15.0,resolu,1.0,4.0,0.08029247952645766,0.5186131853020517,0.45707964592375866,0.4399747047704613,0.6650483085301291,0.31145359606939066,0.3188476790709245,0.8626094283995309,0.19,0.19,-2.5052011971529815
c42,n22,5.0,ne_rien_faire,1,1,5.0,resolu,1.0,2.0,0.2999245055498031,0.43255806319891316,0.40019246931215685,0.36746953821248807,0.8459891837048538,0.22906691348656047,0.7527419923711656,0.6949914278394467,0.0,0.0,-1.6052173206601676
c42,n23,5.0,ne_rien_faire,1,1,5.0,resolu,1.0,2.0,0.18962928795103703,0.8789751772490008,0.6894573122259725,0.24035054257087093,0.7535656368692168,0.49847261615114496,0.0488669619896204,0.6420881216632467,0.0,0.0,-0.7798506913854781
c42,n24,7.0,ne_rien_faire,1,1,7.0,resolu,1.0,1.0,0.17961505525119859,0.47745612614771704,0.2566872981919036,0.26542387926201766,0.2317714433794974,0.534848607581184,0.11375737068095525,0.15968243299821588,0.0,0.0,-0.05571802179617846
c42,n25,4.0,ne_rien_faire,1,1,4.0,partiel,0.0,0.0,0.11270195208073545,0.09701625035117796,0.8377985702292514,0.7318142973285232,0.5521906324258274,0.26010762771944973,0.825370802617254,0.8702569787759253,0.0,0.0,-1.9110838891924862
c42,n26,10.0,ne_rien_faire,1,1,10.0,echec,0.0,4.0,0.0031578210553985966,0.5656551219681215,0.1217474328872695,0.8149772675761531,0.7893131900378852,0.3509389352611895,0.23305497375983047,0.9671002117138658,0.0,0.0,-2.4070683414113896
c42,n27,8.0,ne_rien_faire,1,1,8.0,echec,0.0,4.0,0.36951570915397347,0.44381662464245425,0.7249858396906657,0.1258568583107004,0.7536603358097431,0.659152892371538,0.17373085270688868,0.9072947059820236,0.0,0.0,-0.6889744130508315
c42,n28,5.0,expedition_express,1,1,5.0,resolu,1.0,4.0,0.1723688500925104,0.8849605026803296,0.9358621851479438,0.4389472580504002,0.5567672242809527,0.16671011412644343,0.6726530462487206,0.422585744737037,0.09287777229911215,0.09287777229911215,-0.27162744519033977
c42,n29,1.0,expedition_express,1,1,1.0,partiel,0.0,3.0,0.31987812904980684,0.2104551653841404,0.2076743966972573,0.8482240420647095,0.26415119746577964,0.3196046241478269,0.6088165044372328,0.9833372556031353,0.050825581787975416,0.050825581787975416,0.7705598767488109
c42,n30,5.0,revue_declaration,1,1,5.0,echec,0.0,4.0,0.11212078889527145,0.6035814140030737,0.13310880709453562,0.5502948935506401,0.23383451340241643,0.799014077219935,0.48596204188524,0.8058357874445398,0.08598823526196597,0.08598823526196597,1.7917534400213975
c42,n31,0.0,boost_capacite,1,1,0.0,partiel,0.0,1.0,0.6585729835608408,0.2700118989098082,0.800248928948669,0.2888075728244924,0.5306998214161727,0.5412931446667154,0.8440341767834924,0.9438504145345826,0.08115534141178526,0.08115534141178526,2.5677588107252283
c42,n32,15.0,ne_rien_faire,1,1,15.0,echec,0.0,3.0,0.38149228600594537,0.6398031560030312,0.753399149051352,0.3571311515849824,0.6651551669727164,0.4919851342591723,0.19628169793597552,0.3683539460961249,0.0,0.0,-0.6897319822957851
c42,n33,10.0,ne_rien_faire,1,1,10.0,partiel,0.0,1.0,0.4243429520970346,0.38601889909604037,0.4942875806795925,0.7781790781192751,0.3861361995565514,0.48607046026706835,0.7026564092139373,0.19475706570457552,0.0,0.0,0.5185208629603528
c42,n34,6.0,ne_rien_faire,1,1,6.0,echec,0.0,0.0,0.447437794437387,0.12681765617354387,0.43680853301367917,0.20819795334823832,0.40910437879149,0.8201784104821868,0.7034490493664299,0.42384176462906237,0.0,0.0,1.851828236039613
c42,n35,5.0,ne_rien_faire,1,1,5.0,partiel,0.0,1.0,0.1599663448986222,0.22450773883473707,0.36524272508091926,0.18165114183390516,0.7883986355979484,0.4891319395061611,0.2585542314817208,0.6330435595483885,0.0,0.0,-0.5734331844764163
c42,n36,14.0,ne_rien_faire,1,1,14.0,echec,0.0,4.0,0.34678566901667673,0.5123066192897477,0.5234959881630898,0.3115954374888736,0.508194887764394,0.5236931871947875,0.5466989764728256,0.6021480237284598,0.0,0.0,1.1577335036151801
c42,n37,14.0,replanifier_jalon,1,1,14.0,partiel,0.0,0.0,0.559931132675659,0.22716697298597194,0.7275033310653201,0.5462621442198462,0.8757623829344877,0.5225658059918333,0.541368737855499,0.6895264001797302,0.11280496606787029,0.11280496606787029,0.2990277286281809
c42,n38,6.0,ne_rien_faire,1,1,6.0,partiel,0.0,0.0,0.36919678339218637,0.28353612756763147,0.6846597778812457,0.10852479572670008,0.18354494248636063,0.10672399340332821,0.3285282658814576,0.9911644256517479,0.0,0.0,-1.8329949640354104
c42,n39,10.0,promouvoir_arc_secours,1,1,10.0,resolu,1.0,1.0,0.21764582486866604,0.4432432939777667,0.3084082931533543,0.758996921799328,0.720789400863075,0.7304483225633525,0.46098737338664064,0.8629702303807327,0.09375668266232669,0.09375668266232669,-0.14699276519187146
c42,n40,13.0,replanifier_jalon,1,1,13.0,resolu,1.0,3.0,0.25437404025124166,0.24576217133329176,0.5746153932326754,0.5686922834117286,0.5894518940772575,0.4093680600136174,0.5157830364112405,0.3329626206264905,0.19,0.19,0.462267730953245
c42,n41,3.0,ne_rien_faire,1,1,3.0,partiel,0.0,2.0,0.18871702398464024,0.3914094231102465,0.34050093892965333,0.6841495261221564,0.6474232865566575,0.17736271086740282,0.07178088307880255,0.8546249878094635,0.0,0.0,-1.302342241932487
c42,n42,15.0,ne_rien_faire,1,1,15.0,echec,0.0,1.0,0.5381631284678114,0.49122267466332303,0.2268551266663183,0.52809962571772,0.5830116933346855,0.4856884504127431,0.1830643531529638,0.27251291472188605,0.0,0.0,1.0068243286420806
c42,n43,12.0,promouvoir_arc_secours,1,1,12.0,echec,0.0,0.0,0.5807965228624288,0.5767460186851011,0.5372332858934468,0.4967859837897235,0.7644132440305587,0.2707047879151926,0.5304391226035075,0.502773125436934,0.09375668266232669,0.09375668266232669,-0.044720809637272374
c42,n44,9.0,ne_rien_faire,1,1,9.0,resolu,1.0,2.0,0.3977146062349313,0.3201146439031714,0.6421931584171129,0.5604188213858833,0.48668754207200277,0.10742987799671747,0.17432330426672382,0.8666468197810422,0.0,0.0,-1.495842627769093
c42,n45,0.0,ne_rien_faire,1,1,0.0,partiel,0.0,0.0,0.0313927768425477,0.31611064523670046,0.4022551608701769,0.21875328346753634,0.0629845032281228,0.811921424256932,0.22740000225861218,0.5018234130705582,0.0,0.0,-0.047021900901199176
c42,n46,1.0,ne_rien_faire,1,1,1.0,partiel,0.0,2.0,0.1466657535469945,0.4064250676587755,0.9087370079273186,0.20309994820646846,0.2550708982865583,0.9563549469459174,0.5791970500991697,0.8340876578277089,0.0,0.0,-0.047730317922984655
c42,n47,3.0,ne_rien_faire,1,1,3.0,partiel,0.0,2.0,0.2935094571061821,0.6725376078851416,0.8108398495321432,0.8976867290341884,0.3351944513803295,0.02899892510614546,0.14116254837487954,0.6662688807978558,0.0,0.0,-0.5421347069288169
c42,n48,17.0,ne_rien_faire,1,1,17.0,resolu,1.0,0.0,0.5890004617854655,0.08997954131709505,0.4122517840606767,0.8508078465524928,0.44792716856801246,0.7085531603432218,0.2977105405485818,0.2921973565076656,0.0,0.0,-0.19287254730810366
c42,n49,5.0,ne_rien_faire,1,1,5.0,partiel,0.0,1.0,0.34157118178131457,0.48377844093535827,0.5680032066385482,0.3428885396102444,0.38782539719786513,0.6813751548266812,0.348653771461641,0.43598710350591974,0.0,0.0,0.11223967330537377
c42,n0,2.0,promouvoir_arc_secours,1,1,2.0,partiel,0.0,2.0,0.1739597724038486,0.5835455943043628,0.6190043260315254,0.41533776841161557,0.2632731669493273,0.9599255420309015,0.5518164677139932,0.7759537998732865,0.08604221741899593,0.08604221741899593,0.5206236019196584
c42,n1,4.0,boost_capacite,1,1,4.0,resolu,1.0,4.0,0.26107116433562133,0.6813391477258368,0.47939011843429796,0.6916360296527586,0.5894592413562129,0.651608493060831,0.4703517609903371,0.8038575949677574,0.053075940557296836,0.053075940557296836,-1.0664249071529825
c42,n2,11.0,revue_declaration,1,0,11.0,en_cours,,1.0,0.25358109473521706,0.41643760088543785,0.6593918209205011,0.4132684580799888,0.5685931100217467,0.5208154186004185,0.696623948879214,0.8799049602950602,0.07101163994378579,0.07101163994378579,0.6790496190850321
c42,n3,2.0,ne_rien_faire,1,1,2.0,echec,0.0,3.0,0.19955544960067562,0.6162816847792677,0.8145115084961349,0.30469728495752574,0.8614896465776872,0.675540828232926,0.20528029455374547,0.9693233914077517,0.0,0.0,-0.10669450526637558
c42,n4,2.0,expedition_express,1,1,2.0,resolu,1.0,1.0,0.0638499142320681,0.4722425320549794,0.7640701825260339,0.25280655509032396,0.6569656050954347,0.4831549912742409,0.35293873610437426,0.9461812738662271,0.06784087113578872,0.06784087113578872,-1.8320890246780817
c42,n5,4.0,ne_rien_faire,1,1,4.0,partiel,0.0,4.0,0.22387622703237364,0.4277597070299764,0.8562474927469961,0.7063945187707396,0.5611729860798951,0.5345668296711539,0.3224202992225723,0.654019005368922,0.0,0.0,0.11505768032842695
c42,n6,5.0,ne_rien_faire,1,1,5.0,echec,0.0,0.0,0.24633571319799483,0.2307461277305049,0.412543244530232,0.14660989958973483,0.2941460646771391,0.7634159905294906,0.41670403852637994,0.9772632666295153,0.0,0.0,-1.6115468443364265
c42,n7,7.0,ne_rien_faire,1,1,7.0,partiel,0.0,1.0,0.11642819009185666,0.07335252026924298,0.4062226199995471,0.19923225658862598,0.444110145113491,0.4181216761969319,0.7350831364952705,0.6197788720438281,0.0,0.0,-0.8514283600197482
c42,n8,7.0,ne_rien_faire,1,1,7.0,partiel,0.0,2.0,0.06636261300152307,0.4881195309054835,0.8219327298779326,0.8569457130422583,0.40298329595878957,0.9324449698290531,0.708133609192733,0.9899812154235285,0.0,0.0,0.7009303463512526
c42,n9,9.0,ne_rien_faire,1,1,9.0,resolu,1.0,1.0,0.3225662744903599,0.3964019158290221,0.7137714767790863,0.4513051545841921,0.6600646863930845,0.7772537858017472,0.5386872379491318,0.10624700744064977,0.0,0.0,-0.7107109020894803
c42,n10,14.0,promouvoir_arc_secours,1,1,14.0,resolu,1.0,4.0,0.20485695329951403,0.7026787841235379,0.7994710511410262,0.7296694729310028,0.5169046151581,0.08456388571683791,0.6695765646101296,0.5945287451719162,0.06507160887649192,0.06507160887649192,-0.2933892238956978
c42,n11,5.0,ne_rien_faire,1,1,5.0,echec,0.0,2.0,0.16938609596296547,0.5073859164105586,0.8346635305235655,0.34875519573555835,0.5371221433524289,0.5037345426962988,0.45787653498578934,0.8947268756063097,0.0,0.0,0.9253860471820078
c42,n12,12.0,ne_rien_faire,1,1,12.0,partiel,0.0,2.0,0.03984436169894785,0.7517782977060421,0.4656933421102804,0.7564404393746971,0.7173510338490056,0.15778584018570296,0.802093067040696,0.7669452268352045,0.0,0.0,-0.42616993189498503
c42,n13,12.0,ne_rien_faire,1,1,12.0,partiel,0.0,4.0,0.34551434691077587,0.17615731029680953,0.2763294901068238,0.6251072783985365,0.8456661449205605,0.43689806619207966,0.6530401990371079,0.8606553583451305,0.0,0.0,-0.8232292101077545
c42,n14,11.0,expedition_express,1,1,11.0,resolu,1.0,4.0,0.11626296926090134,0.4630769737254911,0.5535918816223573,0.30389076896359346,0.5204366235716148,0.7869742193663967,0.4897969957188182,0.4655131151603512,0.19999999999999998,0.19999999999999998,0.4546581254585721
c42,n15,16.0,ne_rien_faire,1,1,16.0,partiel,0.0,4.0,0.09188141695402287,0.67349986018368,0.22287898530367956,0.3440097956123843,0.25251591703844,0.8505332151424818,0.5514965316784416,0.0957246667872975,0.0,0.0,0.1107425588022482
c42,n16,7.0,ne_rien_faire,1,1,7.0,partiel,0.0,3.0,0.07384334463024991,0.3533793331595544,0.5330235503971228,0.5447628218908888,0.30728930200972726,0.519730075517445,0.7203646306270975,0.9465278703114928,0.0,0.0,-0.6595420206845839
c42,n17,8.0,ne_rien_faire,1,1,8.0,echec,0.0,0.0,0.549384186448655,0.42419398984502105,0.8021933599982938,0.20084817491584417,0.4586368105081369,0.714006474139665,0.19888792101000596,0.4710678372990842,0.0,0.0,0.5054749915811727
c42,n18,3.0,boost_capacite,1,1,3.0,echec,0.0,3.0,0.4091738019058454,0.6295684218746478,0.4664456478265712,0.3523310850991196,0.4761325132594558,0.28053171093571916,0.8778561848219546,0.8003467576882001,0.053075940557296836,0.053075940557296836,0.23838846098113214
c42,n19,5.0,revue_declaration,1,1,5.0,resolu,1.0,2.0,0.5226213680832522,0.39683652434839456,0.49733760856395426,0.5615211170890698,0.6753168621722209,0.607019219287951,0.535650382945006,0.8695140474108985,0.05249761951415173,0.05249761951415173,0.17923149193790266
c42,n20,1.0,ne_rien_faire,1,1,1.0,partiel,0.0,2.0,0.08026211137529338,0.2866717297096848,0.5103794202634043,0.5377400634029125,0.8579650426653944,0.6401175721253157,0.4598782120307313,0.28534707259068587,0.0,0.0,-0.48921283103823254
c42,n21,14.0,ne_rien_faire,1,1,14.0,partiel,0.0,0.0,0.3564467013868691,0.06434488030274332,0.544278073717621,0.8083144255823616,0.6842796960058987,0.24600432554719143,0.8892701182515175,0.26122994047923404,0.0,0.0,1.0031313065594147
c42,n22,2.0,ne_rien_faire,1,1,2.0,partiel,0.0,2.0,0.42344699976867706,0.47163899677238563,0.29485894745790264,0.31898566091839886,0.24333263005171304,0.6348097352735039,0.5037446779433014,0.18582951324884198,0.0,0.0,-0.11091592412111134
c42,n23,13.0,replanifier_jalon,1,1,13.0,resolu,1.0,0.0,0.4063480760908658,0.46947622167589537,0.40888283380182916,0.8650321383138901,0.8157654534661832,0.7377530619661266,0.6478912735250933,0.6736687780558361,0.11280496606787029,0.11280496606787029,0.20170906288606882
c42,n24,4.0,ne_rien_faire,1,1,4.0,echec,0.0,1.0,0.1635826963012132,0.596501938533204,0.31445799637689487,0.39409921102122,0.9153001144928562,0.245628273214597,0.5995551457179404,0.9228249311972687,0.0,0.0,-1.8232512692802503
c42,n25,17.0,ne_rien_faire,1,1,17.0,echec,0.0,2.0,0.35195168409572314,0.8206033077539165,0.32616151144562655,0.7203216231558902,0.7200096886701063,0.34774624750488436,0.20869486400665252,0.8292349979795505,0.0,0.0,-1.3667826194946273
c42,n26,1.0,boost_capacite,1,1,1.0,resolu,1.0,3.0,0.2471680109860568,0.16176898631792452,0.4583674815246056,0.37109287950681863,0.7267325277464077,0.9319137218608516,0.24411362949846407,0.5514627181650822,0.09404583781437073,0.09404583781437073,-0.9662826031123966
c42,n27,2.0,ne_rien_faire,1,1,2.0,partiel,0.0,1.0,0.19008887943136996,0.315160405193296,0.8120013670332585,0.45053141266622243,0.45392686363650436,0.4976549422479672,0.13392773904961652,0.804997045550201,0.0,0.0,-0.9857828491681083
c42,n28,17.0,ne_rien_faire,1,1,17.0,resolu,1.0,1.0,0.1836426890503206,0.06613147886040287,0.2693274918092959,0.4790691308282933,0.5406757651834952,0.5965501741382075,0.24271652195629334,0.4377046457132871,0.0,0.0,-0.7514168373951104
c42,n29,7.0,ne_rien_faire,1,1,7.0,partiel,0.0,4.0,0.4498508810405197,0.10769015540638542,0.38433424381542874,0.18668898999473074,0.6746092512480258,0.5524156553397652,0.4697869079181094,0.648255671893399,0.0,0.0,0.2682004643994504
c42,n30,11.0,ne_rien_faire,1,1,11.0,echec,0.0,1.0,0.1622910883759194,0.515121038372607,0.404274043668606,0.6538459753626908,0.6885950451479023,0.4205491228607778,0.5656158306597772,0.9016140378423707,0.0,0.0,-1.1162855369354763
c42,n31,0.0,ne_rien_faire,1,1,0.0,resolu,1.0,4.0,0.1916961263760413,0.3492854358357984,0.3800505156608785,0.1194112275823563,0.4878723125932412,0.5552794621084465,0.7186824294091453,0.7699493555903686,0.0,0.0,0.4604099684891512
c42,n32,6.0,ne_rien_faire,1,1,6.0,partiel,0.0,3.0,0.11544907657741234,0.36201128082091244,0.41285305018351404,0.6463931676907131,0.06902536660736751,0.9380818156599725,0.576133987836717,0.4475451293159294,0.0,0.0,0.5321772175077739
c42,n33,10.0,replanifier_jalon,1,1,10.0,resolu,1.0,0.0,0.4551006473175904,0.7379559825383573,0.3907654733401371,0.519279258518072,0.1371370282146843,0.8991121566606568,0.600933838310571,0.7814273813752178,0.05036857131959023,0.05036857131959023,0.42667407564487125
c42,n34,2.0,ne_rien_faire,1,1,2.0,resolu,1.0,0.0,0.28817120777963695,0.1946380664374761,0.3427399988338267,0.16331463282583464,0.1258529046883371,0.2715572392049887,0.4618437478589617,0.8699608066463409,0.0,0.0,-0.8267415958974071
c42,n35,4.0,replanifier_jalon,1,1,4.0,echec,0.0,0.0,0.628902585261056,0.401942975542441,0.5543365669783268,0.43883308349257943,0.1321576249057483,0.7471301243916891,0.8250473317230723,0.9732367909683114,0.11968501984040748,0.11968501984040748,1.2003791700818207
c42,n36,14.0,ne_rien_faire,1,1,14.0,resolu,1.0,4.0,0.03974763527318956,0.7247009481467445,0.3564659002402623,0.39370292529990253,0.5892607593629985,0.8852987915872856,0.6364748239344143,0.27651198882288397,0.0,0.0,-0.6870639247880423
c42,n37,14.0,boost_capacite,1,1,14.0,echec,0.0,1.0,0.0902799956476848,0.6469781913356503,0.5422963936405866,0.7931936692629976,0.5206825047338057,0.875609918400608,0.7903528758540433,0.9400945462369987,0.09355254606088138,0.09355254606088138,2.3500641862663842
c42,n38,7.0,promouvoir_arc_secours,1,1,7.0,partiel,0.0,2.0,0.4956345265684931,0.5935742513350687,0.2380229067938223,0.7593529003938952,0.8708564682643943,0.2745707541059228,0.6654849500529977,0.8565148130907142,0.06507160887649192,0.06507160887649192,0.857673723612996
c42,n39,9.0,ne_rien_faire,1,1,9.0,partiel,0.0,1.0,0.5612842308551779,0.23938478686186856,0.2689783843987589,0.36749829813332097,0.09876490972319456,0.647075663007604,0.10139432058534596,0.6662939290341243,0.0,0.0,-0.2884298701426482
c42,n40,17.0,ne_rien_faire,1,1,17.0,partiel,0.0,1.0,0.36423686964595214,0.5073323190268422,0.5242701097798416,0.6062456382920461,0.04414206827539598,0.2313575033419503,0.7101896847384485,0.20537073395871064,0.0,0.0,-1.3028307901702092
c42,n41,13.0,revue_declaration,1,1,13.0,resolu,1.0,0.0,0.03967935961221555,0.4179561302748433,0.7034174504198298,0.319570520972867,0.17141073964892625,0.4913405678877314,0.6815297843402542,0.8039451418381183,0.07101163994378579,0.07101163994378579,-0.37976663524981924
c42,n42,16.0,ne_rien_faire,1,1,16.0,partiel,0.0,2.0,0.010706624146855274,0.3835523385200213,0.7657073040152795,0.5091350696436113,0.916453034713166,0.3520817111886964,0.34854532876226574,0.7582373094689363,0.0,0.0,-1.686299103126389
c42,n43,5.0,ne_rien_faire,1,1,5.0,resolu,1.0,0.0,0.4371378854982464,0.40969727070036926,0.31725346406009736,0.5648483627945341,0.6262014449445832,0.16436938265622983,0.39398208115380545,0.5410807928874697,0.0,0.0,-1.0168604829698018
c42,n44,7.0,ne_rien_faire,1,1,7.0,partiel,0.0,2.0,0.21797213423475667,0.2220751436597094,0.7261853658675108,0.2534537446118581,0.13077161798303036,0.16741487988798653,0.7478963276895214,0.8611304372685462,0.0,0.0,0.8488115300947723
c42,n45,13.0,boost_capacite,1,1,13.0,resolu,1.0,1.0,0.024363368116128263,0.19202163341720033,0.967381487251947,0.42199066524387346,0.3537476082018426,0.5900513222809426,0.28667137686254457,0.7578531772505702,0.06576450329934143,0.06576450329934143,-0.7042094590340404
c42,n46,0.0,ne_rien_faire,1,1,0.0,partiel,0.0,4.0,0.08665207030994274,0.3154957695443374,0.8526375584994004,0.3910344239064515,0.19268077602804629,0.6780627664442483,0.8312016575894652,0.6541646432990986,0.0,0.0,0.3689837858565411
c42,n47,10.0,revue_declaration,1,1,10.0,partiel,0.0,3.0,0.42851148892091556,0.6381655901439066,0.5435351091727412,0.4227998563443304,0.06849440793683728,0.33031003083219673,0.6156156976820608,0.7198111015948546,0.05249761951415173,0.05249761951415173,0.001089799201403674
c42,n48,17.0,promouvoir_arc_secours,1,1,17.0,resolu,1.0,3.0,0.1884984947185904,0.4356261609707061,0.6020882421984617,0.5804644290914267,0.40192078744461446,0.6061884351569723,0.8116757564437291,0.25223091734089625,0.08604221741899593,0.08604221741899593,2.126825084512185
c42,n49,3.0,ne_rien_faire,1,1,3.0,resolu,1.0,2.0,0.09634193672977782,0.21569353386080364,0.5619437955152613,0.5989352228003821,0.259314386275293,0.6054728340907634,0.42741157646218175,0.3846943234157745,0.0,0.0,0.28366991586902174
c42,n0,6.0,revue_declaration,1,1,6.0,resolu,1.0,3.0,0.2548377815386241,0.31312658985482594,0.20609411561586,0.39951046389313305,0.8030949578706799,0.645894764326057,0.8306525622589628,0.876480262205776,0.05249761951415173,0.05249761951415173,-0.2650997042299038
c42,n1,1.0,revue_declaration,1,1,1.0,resolu,1.0,0.0,0.3002336512998521,0.7714390952341538,0.0965559825272876,0.6719566079376793,0.3340297869732798,0.7045374713548023,0.9044556330229928,0.79259283821312,0.08275544669906046,0.08275544669906046,1.116518488738045
c42,n2,15.0,replanifier_jalon,1,1,15.0,partiel,0.0,4.0,0.2130588385462545,0.4175592108699916,0.39705137214204506,0.5230044998195749,0.19437737113060052,0.2998563234715318,0.5463931713998968,0.8536579320814476,0.19,0.19,0.357571114577037
c42,n3,7.0,replanifier_jalon,1,1,7.0,partiel,0.0,0.0,0.52897590096779,0.4721308127538629,0.4919712721436532,0.42149000873908976,0.35942553650958414,0.8275019932764915,0.12888563278534293,0.9212194980281804,0.11968501984040748,0.11968501984040748,-1.8737523536100147
c42,n4,7.0,boost_capacite,1,1,7.0,resolu,1.0,2.0,0.25017148698159203,0.5418537811148018,0.2013732547263405,0.41990138577012603,0.19218908278760685,0.5784131775027397,0.8602474626440307,0.6057311336533987,0.09404583781437073,0.09404583781437073,1.2553525851519447
c42,n5,8.0,expedition_express,1,0,8.0,en_cours,,2.0,0.23197163787191968,0.5663038195462402,0.5745381758798701,0.5252526264787036,0.4657997980526052,0.6986542513265198,0.6163279777565022,0.9449715970250153,0.05026139694364532,0.05026139694364532,0.8165871017601084
c42,n6,0.0,ne_rien_faire,1,1,0.0,partiel,0.0,2.0,0.07428424518144847,0.47584024254077556,0.7691705837587424,0.7375763116916082,0.6580434544686693,0.2868069949377867,0.5754256230317016,0.591186146642985,0.0,0.0,-1.4302184521479693
c42,n7,2.0,replanifier_jalon,1,1,2.0,partiel,0.0,4.0,0.46007037499613845,0.8305992768941108,0.5203449362492942,0.9086864384650271,0.12095550731672845,0.6401282305184319,0.2553702735589832,0.5227615681941988,0.19,0.19,0.5043014721909508
c42,n8,5.0,expedition_express,1,1,5.0,partiel,0.0,2.0,0.4030414293761283,0.3992441628725633,0.06503774844088807,0.09363745142201207,0.7125187945496969,0.4864488847772727,0.3300565798829144,0.3231208848742378,0.09287777229911215,0.09287777229911215,-0.485355134393369
c42,n9,11.0,expedition_express,1,0,11.0,en_cours,,4.0,0.16686145872133665,0.23146118971581758,0.6926336309517848,0.7503497175821969,0.3690663123060236,0.8787817747524352,0.6388645854904792,0.17121335117123163,0.19999999999999998,0.19999999999999998,0.4190805718422709
c42,n10,10.0,replanifier_jalon,1,1,10.0,echec,0.0,3.0,0.06738989625213732,0.7316433457852025,0.40240550862469626,0.31268086252729277,0.3682246927793497,0.41068017764731185,0.6454638056004144,0.4254440118311538,0.08263442177277024,0.08263442177277024,0.30308899602555606
c42,n11,2.0,ne_rien_faire,1,1,2.0,partiel,0.0,2.0,0.12031252874641452,0.24350571671775315,0.8025425536806643,0.5738815444175442,0.6947204017767766,0.5428260758580289,0.4464744225977181,0.371407275385147,0.0,0.0,-0.12228019760044953
c42,n12,5.0,ne_rien_faire,1,1,5.0,partiel,0.0,4.0,0.06878991043837716,0.2461032948817695,0.5505751515736222,0.88725283260905,0.13031854573487833,0.15709929413646148,0.48955892039956,0.6663799032296283,0.0,0.0,-0.9843289042627862
c42,n13,4.0,replanifier_jalon,1,1,4.0,resolu,1.0,4.0,0.0203678766177758,0.47957372060178416,0.5226176474131554,0.9390294302323398,0.7095593322495146,0.382072825535255,0.6321576232052712,0.9741971151804715,0.06732604454191315,0.06732604454191315,-0.9802165062072159
c42,n14,2.0,ne_rien_faire,1,1,2.0,echec,0.0,2.0,0.18424631404219685,0.39742595964904115,0.7482851273823273,0.29767100635027927,0.7011097326494911,0.12686942589486952,0.06826697495598454,0.9448310991285697,0.0,0.0,-2.434224967537462
c42,n15,9.0,promouvoir_arc_secours,1,1,9.0,echec,0.0,2.0,0.6966603015466689,0.7438750680769569,0.6996091766628726,0.10107133236471925,0.36778463017254276,0.33754849198767134,0.19958081426204824,0.42193907136813447,0.06507160887649192,0.06507160887649192,1.215658741174953
c42,n16,15.0,replanifier_jalon,1,1,15.0,echec,0.0,4.0,0.3699050763196196,0.6007359046451879,0.5055580708219753,0.15618941148631085,0.6596749138430272,0.8953112670099194,0.620205512919659,0.4804339867061826,0.08263442177277024,0.08263442177277024,0.538333051668276
c42,n17,12.0,ne_rien_faire,1,1,12.0,partiel,0.0,4.0,0.7585617535753704,0.36613483423175697,0.3666770075904893,0.49618481392083524,0.2685925067334825,0.28399992242481714,0.347382326104673,0.6068524707403948,0.0,0.0,1.2797285594054681
c42,n18,15.0,revue_declaration,1,1,15.0,partiel,0.0,3.0,0.6448513940435376,0.2687838726991624,0.4412419801262225,0.5144115116510274,0.5719263954150019,0.34430297426372125,0.6277443808274489,0.5859375772482517,0.05249761951415173,0.05249761951415173,0.0837526543726288
c42,n19,6.0,ne_rien_faire,1,1,6.0,resolu,1.0,2.0,0.08840361133263092,0.4819564593646459,0.19538378111499263,0.37848803434932043,0.7025656939643278,0.4530390036796887,0.15716263630006838,0.9461078091426941,0.0,0.0,-1.7297103706805126
c42,n20,1.0,boost_capacite,1,1,1.0,echec,0.0,3.0,0.7119526893324962,0.14589743260337512,0.40638351814442386,0.20642927545040504,0.7064036918464079,0.7636306765405819,0.3723488022976832,0.5864914038821798,0.09404583781437073,0.09404583781437073,2.3158682369581403
c42,n21,11.0,ne_rien_faire,1,1,11.0,echec,0.0,1.0,0.45330788351172496,0.3241647152176383,0.6937257548049952,0.6812160988630441,0.45235883932847526,0.9408184271150177,0.17368642232126386,0.6409666112749994,0.0,0.0,0.05196660976913814
c42,n22,5.0,ne_rien_faire,1,1,5.0,partiel,0.0,0.0,0.23757054795512922,0.3274353358596254,0.16749094386363222,0.10047368996660092,0.15257987233006007,0.32171798309588856,0.29699347089620654,0.5357010443817475,0.0,0.0,1.0367114731848397
c42,n23,2.0,promouvoir_arc_secours,1,1,2.0,resolu,1.0,1.0,0.6083642652694401,0.23240669285837828,0.5005469664881431,0.42692254379345707,0.854400905150369,0.5845240776387652,0.4577431520073688,0.5235080405587755,0.09375668266232669,0.09375668266232669,0.5270879795642326
c42,n24,17.0,revue_declaration,1,1,17.0,echec,0.0,2.0,0.22813425467869675,0.21207174451980482,0.19505433971824165,0.5329222157690635,0.8897552101962499,0.5814291625287035,0.8906779685063655,0.430866903259511,0.05249761951415173,0.05249761951415173,1.3083735542135377
c42,n25,4.0,ne_rien_faire,1,1,4.0,partiel,0.0,0.0,0.3086205372053548,0.12602579434166644,0.30875261145226435,0.09698934741158989,0.8428897368468387,0.49682062698864926,0.6380251222032579,0.6520056701822798,0.0,0.0,0.5166726141296206
c42,n26,10.0,ne_rien_faire,1,1,10.0,resolu,1.0,0.0,0.17400572866942593,0.1989519761345256,0.25802422465548747,0.8372300983551586,0.5757161039890807,0.36476120179780236,0.6773637530635437,0.7182118910457141,0.0,0.0,-0.31085925516934376
c42,n27,10.0,boost_capacite,1,1,10.0,partiel,0.0,0.0,0.28936668864555165,0.2940114408869117,0.41923666830638023,0.545914402366686,0.38818212095744054,0.49974169784750566,0.5377430183897506,0.9430432480518691,0.08115534141178526,0.08115534141178526,1.1814521119393486
c42,n28,11.0,ne_rien_faire,1,1,11.0,resolu,1.0,1.0,0.1749978806585193,0.27524386884124397,0.36590666024010304,0.2845195988862197,0.8145089884070663,0.5177181795736545,0.4249058994215687,0.3740593654214482,0.0,0.0,-0.11996251059046059
c42,n29,16.0,promouvoir_arc_secours,1,1,16.0,resolu,1.0,1.0,0.19374283007878798,0.17864734743268174,0.786235355496751,0.0668006998353688,0.7021678256385978,0.5891006780376932,0.2436345945868244,0.9515635873869894,0.07121226987735195,0.07121226987735195,0.27871766651828034
c42,n30,2.0,boost_capacite,1,1,2.0,resolu,1.0,1.0,0.2920191087112038,0.27781318056853976,0.4633584042870169,0.6536818574158098,0.861333867080836,0.6613091084356645,0.22486029619649295,0.9935536582063362,0.08115534141178526,0.08115534141178526,-0.6836512595411495
c42,n31,6.0,ne_rien_faire,1,1,6.0,resolu,1.0,4.0,0.18799131890886228,0.4364315644925056,0.5220190390255713,0.23513865886641952,0.22583407699152658,0.6917278293845083,0.07832057014956423,0.8176587322511276,0.0,0.0,-1.8987000376544483
c42,n32,8.0,ne_rien_faire,1,1,8.0,partiel,0.0,3.0,0.34678667647274,0.574044166155134,0.6598916272052737,0.8201051624180888,0.8729015620719561,0.21489900131189568,0.5057719394794571,0.9213540164252475,0.0,0.0,-0.9783231144521117
c42,n33,8.0,ne_rien_faire,1,1,8.0,partiel,0.0,1.0,0.27094466338317935,0.31723796007507393,0.27802044788699004,0.5731493656674267,0.121710769879933,0.5700948628300104,0.29964718143584207,0.6068743710182192,0.0,0.0,-0.5059520019273333
c42,n34,16.0,ne_rien_faire,1,1,16.0,partiel,0.0,1.0,0.07511417114941053,0.734130401376603,0.5755368442484989,0.7253364298676106,0.28655640668823196,0.25120031623315936,0.2321892837018634,0.6602146655639625,0.0,0.0,-2.8757979788032064
c42,n35,6.0,boost_capacite,1,1,6.0,resolu,1.0,4.0,0.3434346830812169,0.3970147583423761,0.569076724087858,0.544450947636303,0.6412112856383652,0.42667314004291895,0.3707301164363749,0.43766455598655846,0.053075940557296836,0.053075940557296836,0.31851498103589615
c42,n36,3.0,replanifier_jalon,1,1,3.0,echec,0.0,1.0,0.2552266411888724,0.6301040316231353,0.6071186370513686,0.8581974341908969,0.8945901132436636,0.22109782645274959,0.44134660290764394,0.9169566684654405,0.06948979284705413,0.06948979284705413,-0.8827394609053658
c42,n37,12.0,ne_rien_faire,1,1,12.0,partiel,0.0,0.0,0.21193290458019848,0.20898794811158877,0.7359305958493264,0.6210130558654188,0.46897847775470153,0.2845419914305886,0.37168304146421294,0.10466835372359956,0.0,0.0,0.22704547890436932
c42,n38,7.0,ne_rien_faire,1,1,7.0,partiel,0.0,0.0,0.2966561875606811,0.32537455858727654,0.09649368780378137,0.8936324527440097,0.8603102415650606,0.32734726901721395,0.5474396554629049,0.4228326381960022,0.0,0.0,-0.3587906086647291
c42,n39,5.0,ne_rien_faire,1,1,5.0,resolu,1.0,0.0,0.3666851879065702,0.235118591575284,0.48720612915294975,0.09120775132349701,0.3615744628116368,0.035279525053201824,0.49972433252780823,0.4867475666867248,0.0,0.0,-0.12465865753437688
c42,n40,3.0,boost_capacite,1,1,3.0,echec,0.0,0.0,0.45403037185976475,0.599363968176635,0.2828589565680866,0.7960049423427635,0.5121510413938994,0.6874493545279722,0.6767638594140823,0.8644385727181816,0.06576450329934143,0.06576450329934143,1.3921833304638098
c42,n41,14.0,replanifier_jalon,1,1,14.0,echec,0.0,2.0,0.4838497902232219,0.7476320109324589,0.23491608169987957,0.7181926856712035,0.6083590422939807,0.7918499777199507,0.5484051396001759,0.6998826605887805,0.08263442177277024,0.08263442177277024,1.3437695074466371
c42,n42,5.0,boost_capacite,1,1,5.0,partiel,0.0,3.0,0.19833785119382646,0.37698997261748396,0.1238330183331549,0.27493979118543854,0.5716509621569938,0.593115649283536,0.7536004790360202,0.813243248067579,0.09404583781437073,0.09404583781437073,1.4419598620732288
c42,n43,13.0,ne_rien_faire,1,1,13.0,resolu,1.0,1.0,0.35868834446800846,0.3108814083980463,0.21334451579064453,0.540008253057521,0.23596118825234175,0.9073609858530045,0.5428125712562659,0.5861968455053831,0.0,0.0,2.1636057230901553
c42,n44,12.0,ne_rien_faire,1,1,12.0,partiel,0.0,3.0,0.16192805120580617,0.25426815183474544,0.21243994957139847,0.5795891286075643,0.44222247652576824,0.6904291293547345,0.41142386904690104,0.438463305911376,0.0,0.0,-0.8567339437197489
c42,n45,2.0,ne_rien_faire,1,1,2.0,partiel,0.0,0.0,0.0542438267016721,0.4618429353164738,0.35404184781422343,0.7820430191589499,0.3964432480321211,0.31722414734551946,0.86459399231124,0.4377728618721315,0.0,0.0,0.09291301666650709
c42,n46,11.0,ne_rien_faire,1,1,11.0,partiel,0.0,3.0,0.1995505567471663,0.5242759144335362,0.07758385236468655,0.8310055590046916,0.2845670919034513,0.45031725531197325,0.7584495054756167,0.4749754828275666,0.0,0.0,0.4371645991122223
c42,n47,0.0,revue_declaration,1,1,0.0,resolu,1.0,1.0,0.1623988297919529,0.5836868746142628,0.387483831376157,0.4149410297614233,0.5156661158646697,0.8601388424240808,0.5475640577900485,0.3249892073767577,0.08275544669906046,0.08275544669906046,1.9497759842405555
c42,n48,16.0,ne_rien_faire,1,1,16.0,resolu,1.0,4.0,0.02598558668049871,0.22900213720393597,0.20154246771308068,0.8210194361365472,0.29641261313486134,0.5896757541091721,0.5405490538344856,0.7535765039611241,0.0,0.0,-0.5706390249173329
c42,n49,1.0,ne_rien_faire,1,1,1.0,resolu,1.0,1.0,0.36635518546368767,0.20120130456721624,0.6384807843125332,0.5489570414164126,0.8225874246185001,0.39098780191865257,0.1436312329444475,0.8310533218519616,0.0,0.0,-0.5679034061051744
c42,n0,8.0,revue_declaration,1,1,8.0,echec,0.0,1.0,0.4534945631816979,0.050514777891049266,0.13119158317068305,0.4145814415232159,0.4069745507001007,0.6000871283638958,0.6457521617538118,0.9999186749134084,0.11922721033773194,0.11922721033773194,1.150215338321913
c42,n1,7.0,ne_rien_faire,1,1,7.0,partiel,0.0,1.0,0.10511735300370409,0.5437497118278867,0.2634224684699008,0.2933550289645813,0.4981409514529458,0.33343043601840294,0.6828887586653181,0.14676158680120505,0.0,0.0,0.29433596176053756
c42,n2,10.0,ne_rien_faire,1,1,10.0,echec,0.0,0.0,0.07425926173689025,0.4558417826687787,0.7012112706448148,0.32231073316932324,0.08089042475783939,0.08905475590730626,0.136079913765866,0.98785185899424,0.0,0.0,-1.1840432149801234
c42,n3,17.0,ne_rien_faire,1,1,17.0,resolu,1.0,1.0,0.5143408164336492,0.16723652784722237,0.10881990936281713,0.6161244088244233,0.4960305318900708,0.8512310906784137,0.9210233777728115,0.3919658577928484,0.0,0.0,0.7450332994540931
c42,n4,10.0,revue_declaration,1,0,10.0,en_cours,,3.0,0.3644720395920226,0.655956940251707,0.13518242386647217,0.5386025685473446,0.30692731547376967,0.1172004476912182,0.21383548056494026,0.6205498517079521,0.05249761951415173,0.05249761951415173,-0.18098432104496887
c42,n5,2.0,ne_rien_faire,1,1,2.0,resolu,1.0,0.0,0.13069605299929618,0.13639400330659157,0.2798139558868078,0.1307185587514866,0.6572288205944058,0.352584721447578,0.10996370350379492,0.5058994197597465,0.0,0.0,0.24811680161933736
c42,n6,13.0,ne_rien_faire,1,1,13.0,partiel,0.0,2.0,0.4949723801808363,0.5005394980199269,0.2393950228761783,0.47970293071015907,0.09162627712193996,0.4139288322956764,0.5441680219786491,0.9783392824269374,0.0,0.0,-0.8662440198460082
c42,n7,11.0,ne_rien_faire,1,1,11.0,echec,0.0,3.0,0.4218867449594407,0.5674153565002762,0.7591109324411983,0.6483182478420255,0.7274771050460827,0.33226631341580765,0.2274689283588923,0.8941322317298488,0.0,0.0,-0.8596436086234871
c42,n8,14.0,ne_rien_faire,1,1,14.0,partiel,0.0,2.0,0.37761433141702944,0.3893336020862214,0.8864160320027701,0.5286209352417894,0.653629119444946,0.7092658328106776,0.20599213485996312,0.6839331272467387,0.0,0.0,-1.3280025030401845
c42,n9,0.0,replanifier_jalon,1,1,0.0,resolu,1.0,4.0,0.10337859327164103,0.24762296690561916,0.4269805734114813,0.18865773068161593,0.7869710827787285,0.47612525168290204,0.3191124586698731,0.7365209879573726,0.19,0.19,-0.19799454642110098
c42,n10,14.0,ne_rien_faire,1,1,14.0,resolu,1.0,4.0,0.17545235741037504,0.46456532352056357,0.6038872612806165,0.6217374175776729,0.6817352168896901,0.37168858894624773,0.5425920694696936,0.3350112977524158,0.0,0.0,-1.2413009810458624
c42,n11,17.0,revue_declaration,1,1,17.0,resolu,1.0,0.0,0.12427151775352152,0.18255531220504645,0.7106086748529166,0.6524370175065067,0.3034688502834308,0.12542668364124712,0.5608191730172988,0.32283590055253236,0.07101163994378579,0.07101163994378579,0.5080555834570749
c42,n12,16.0,boost_capacite,1,1,16.0,echec,0.0,1.0,0.3178092406930044,0.3556239579081788,0.37344258681056686,0.4259506466355589,0.6415092995763921,0.11977866273569061,0.47510877426721393,0.9973377355094738,0.08115534141178526,0.08115534141178526,0.5331531516309327
c42,n13,15.0,promouvoir_arc_secours,1,1,15.0,resolu,1.0,1.0,0.5788189821951246,0.38768247405197914,0.464222651718795,0.9302625769145713,0.58726269046329,0.43818050106155065,0.882537399874299,0.8326109297915683,0.09375668266232669,0.09375668266232669,0.41516373281462404
c42,n14,12.0,ne_rien_faire,1,1,12.0,partiel,0.0,1.0,0.17236594031239813,0.21518827962994622,0.2537504160181762,0.3426563817029207,0.6051303470100655,0.053185939737303956,0.715986565648261,0.7727014106698462,0.0,0.0,-0.6801641249016087
c42,n15,13.0,revue_declaration,1,1,13.0,resolu,1.0,4.0,0.2596795882322909,0.7172650135288229,0.3360273101820193,0.9287471359541283,0.913106895829079,0.3149593206499225,0.8400876100383492,0.5681222917876975,0.05249761951415173,0.05249761951415173,1.5902265892082408
c42,n16,16.0,ne_rien_faire,1,1,16.0,partiel,0.0,1.0,0.16597070723903276,0.5288161847467248,0.10848216123765106,0.7678701322548431,0.8316121370681401,0.3772254823185305,0.7101830012837247,0.6899043083405527,0.0,0.0,-1.0016194417361233
c42,n17,8.0,revue_declaration,1,1,8.0,resolu,1.0,1.0,0.6394200895077249,0.41294054265845254,0.12343634062015514,0.35161091343864737,0.6715081698450137,0.2910152340307665,0.8015786256990969,0.9427279160734776,0.19999999999999998,0.19999999999999998,1.5428264321704233
c42,n18,12.0,ne_rien_faire,1,1,12.0,resolu,1.0,3.0,0.24218683110766692,0.17007976976394137,0.29772376810770107,0.7695392571352302,0.5901552799241492,0.37655764316228296,0.938627396679251,0.9943582433912675,0.0,0.0,0.9463657061743311
c42,n19,11.0,ne_rien_faire,1,1,11.0,echec,0.0,3.0,0.2974087124592129,0.6284716589146128,0.34291583245049806,0.2311075203486989,0.6037870215267079,0.1441564005934749,0.5117873915001143,0.5114563492679037,0.0,0.0,0.33062454134917846
c42,n20,12.0,ne_rien_faire,1,1,12.0,partiel,0.0,1.0,0.1674025624892181,0.022631546086241672,0.5066034425759463,0.5139293951385643,0.5792123833330642,0.8614162602073497,0.6698411333142927,0.6467748460360072,0.0,0.0,0.05426465963438354
c42,n21,2.0,boost_capacite,1,1,2.0,partiel,0.0,4.0,0.16600104064633497,0.5023701670604225,0.569252206487614,0.767619318298908,0.4808878685290466,0.6179722385013834,0.5407827331801379,0.7538425138054062,0.053075940557296836,0.053075940557296836,1.154206606505753
c42,n22,9.0,ne_rien_faire,1,1,9.0,partiel,0.0,1.0,0.5346988389966842,0.30338888710534584,0.7499499664499776,0.42019791751122837,0.5000966546743865,0.6546104362037579,0.1310362251195523,0.9083006367517642,0.0,0.0,0.32064399506020475
c42,n23,0.0,ne_rien_faire,1,1,0.0,partiel,0.0,1.0,0.0828649611230922,0.11840689679222016,0.47895257262770174,0.24154818856893315,0.3919499464266008,0.7046825848724433,0.1455748657397896,0.8835397493436731,0.0,0.0,-2.5166786578977165
c42,n24,0.0,ne_rien_faire,1,1,0.0,echec,0.0,0.0,0.19239334725346088,0.2037084002713635,0.5938938063855567,0.3942265990333868,0.5722672621744237,0.19685750905496507,0.8890133036349732,0.88331833810339,0.0,0.0,-1.4062301693622359
c42,n25,0.0,ne_rien_faire,1,1,0.0,resolu,1.0,1.0,0.13298626913757333,0.6242556386446767,0.3920107382899164,0.5331501245880311,0.3888522404197686,0.2671697473911716,0.3055875703711986,0.9267799341845516,0.0,0.0,-2.611656210816356
c42,n26,9.0,replanifier_jalon,1,1,9.0,resolu,1.0,4.0,0.02136120124540485,0.6488088637397357,0.6251024138333764,0.6947363335367945,0.30642361346996655,0.2778596889559029,0.6152055512217425,0.569065583340787,0.19,0.19,1.06511676048912
c42,n27,8.0,boost_capacite,1,1,8.0,partiel,0.0,1.0,0.09949567863391988,0.3759277395884228,0.6338850508490776,0.29150543841760623,0.7347100603872063,0.7299129745943059,0.36833752150645843,0.9629034148876988,0.08115534141178526,0.08115534141178526,1.4986370078400675
c42,n28,4.0,expedition_express,1,1,4.0,resolu,1.0,0.0,0.16819819369069883,0.2711097959578765,0.39226045832254386,0.5155468646816701,0.873343994827018,0.3795679882343481,0.32371404076034116,0.7333930089943814,0.18,0.18,-0.5595829737767544
c42,n29,10.0,ne_rien_faire,1,1,10.0,resolu,1.0,4.0,0.5356701857708986,0.47968829388043543,0.2528822450873927,0.12515849125894024,0.7975713773090498,0.17756809261584025,0.6436690416100153,0.591837348745788,0.0,0.0,0.876815298987011
c42,n30,15.0,ne_rien_faire,1,1,15.0,echec,0.0,0.0,0.36214139815490043,0.6550058762363412,0.5243752158040101,0.8579372092700688,0.32754122152391685,0.4819611576409301,0.560780609023616,0.6151908662350342,0.0,0.0,-0.1040220548259595
c42,n31,16.0,ne_rien_faire,1,1,16.0,resolu,1.0,4.0,0.17615202975186534,0.06666902151118043,0.2947447883778132,0.7190284506321639,0.48871748150164923,0.8531319123223962,0.625187129880439,0.7057190143533638,0.0,0.0,0.08716228861371222
c42,n32,12.0,ne_rien_faire,1,1,12.0,partiel,0.0,0.0,0.455119534812151,0.4547118189394283,0.2946547882911978,0.3296509398036334,0.050287854623812654,0.49074696386196465,0.2267463194473934,0.2950319582322797,0.0,0.0,-0.702935629572804
c42,n33,2.0,ne_rien_faire,1,1,2.0,resolu,1.0,4.0,0.3091905750740318,0.3327504216483428,0.19471538450670559,0.43155049045460997,0.8126866612637919,0.8255192290118182,0.29860836968941734,0.22410419400031223,0.0,0.0,0.08123801831880181
c42,n34,6.0,expedition_express,1,1,6.0,resolu,1.0,3.0,0.1425750421565317,0.736206029855834,0.21253956790141681,0.755263930886783,0.7530852115868389,0.2091487026656224,0.8657643206273711,0.6214946181088241,0.09287777229911215,0.09287777229911215,-0.45665027644704315
c42,n35,2.0,ne_rien_faire,1,1,2.0,echec,0.0,2.0,0.4820957460248015,0.5073901243133048,0.1613915737420972,0.8023315043668195,0.6384110011845605,0.7184812324636614,0.5160276632996001,0.7775830400692323,0.0,0.0,1.428635296669507
c42,n36,3.0,ne_rien_faire,1,1,3.0,partiel,0.0,4.0,0.15222931231478087,0.09014476766311384,0.6537108808591053,0.47323488388027807,0.3764953430608908,0.18673210187889888,0.24400458818032167,0.3914309942442286,0.0,0.0,-1.283795533280857
c42,n37,0.0,ne_rien_faire,1,1,0.0,partiel,0.0,1.0,0.11889585247859583,0.453897261220374,0.48941521496925644,0.263954667393615,0.8432398943282287,0.6350316057668989,0.8997328638814359,0.5800662611770419,0.0,0.0,0.22173823180738061
c42,n38,12.0,boost_capacite,1,1,12.0,resolu,1.0,0.0,0.4591309987182528,0.6603230471748154,0.2233248123994776,0.5062919448799563,0.17332263741715817,0.9604997642316863,0.3376180474222708,0.7873941856553326,0.19,0.19,-0.8257491730147387
c42,n39,9.0,ne_rien_faire,1,1,9.0,resolu,1.0,1.0,0.09652780083697998,0.5038703206692684,0.727354069202625,0.3488828814748163,0.3826538196044369,0.5681945523503135,0.3118133483620649,0.7974924804752217,0.0,0.0,0.6240697679669457
c42,n40,4.0,promouvoir_arc_secours,1,1,4.0,resolu,1.0,4.0,0.08884667835975986,0.425298278049714,0.7442775584839494,0.35765512361059987,0.8833005332586243,0.5221438051553648,0.42249791645198853,0.7628995018297225,0.06507160887649192,0.06507160887649192,-0.13734078985526932
c42,n41,7.0,boost_capacite,1,1,7.0,partiel,0.0,2.0,0.3245423390219287,0.606510945829833,0.521967673957586,0.17153141528623828,0.2874567579948619,0.4684294489040909,0.795130371699006,0.25274965084617057,0.053075940557296836,0.053075940557296836,2.4622854790794895
c42,n42,7.0,ne_rien_faire,1,1,7.0,echec,0.0,3.0,0.05459964598202424,0.25163993083016534,0.2585083915927604,0.54642745565102,0.8029798615549587,0.9141366562273356,0.7791329644396099,0.7987726712986264,0.0,0.0,1.1777565295035037
c42,n43,8.0,ne_rien_faire,1,1,8.0,partiel,0.0,3.0,0.4031366320528664,0.11643250928369446,0.5318428477446959,0.38004668853460016,0.6923639469483307,0.5958671769585459,0.12164868039189708,0.7536897081759055,0.0,0.0,0.8951878018864214
c42,n44,9.0,boost_capacite,1,1,9.0,resolu,1.0,3.0,0.3002503925300567,0.4261674613761651,0.7402035167047771,0.565148358855596,0.4785577297427343,0.6073284321967781,0.10079677842410936,0.4902659773331926,0.053075940557296836,0.053075940557296836,0.2526407423740752
c42,n45,11.0,expedition_express,1,0,11.0,en_cours,,2.0,0.2534137383406727,0.8421965133289141,0.24685491090442674,0.13679274143678907,0.8051241670933065,0.6649493237531,0.9290682540816022,0.9745076754193549,0.050825581787975416,0.050825581787975416,1.855909268805444
c42,n46,2.0,ne_rien_faire,1,1,2.0,resolu,1.0,2.0,0.2071069452613341,0.12599042122311419,0.06069634948562593,0.7446012655918309,0.5642817010575697,0.61805445172565,0.36343963529199,0.6220162674342187,0.0,0.0,0.3770206834278924
c42,n47,16.0,revue_declaration,1,1,16.0,partiel,0.0,2.0,0.07941278751129674,0.32564603864696395,0.5264255299062248,0.5358377532598221,0.7284716894313484,0.20003487565887335,0.5267492161776933,0.8229602503751086,0.05249761951415173,0.05249761951415173,1.0437047936348183
c42,n48,12.0,ne_rien_faire,1,1,12.0,partiel,0.0,2.0,0.08698304180226099,0.8804909001392685,0.26844445747149814,0.5023810659662422,0.207016993596491,0.34251858000334884,0.2796393499536878,0.5178580281005191,0.0,0.0,-1.4187390814225544
c42,n49,8.0,ne_rien_faire,1,1,8.0,resolu,1.0,0.0,0.2969487820968415,0.38396555118681946,0.3496972456598588,0.5274110131635764,0.4111311533157414,0.44042276318195883,0.2051123623424354,0.6782462288428827,0.0,0.0,-1.4616422910195523
c42,n0,6.0,ne_rien_faire,1,1,6.0,resolu,1.0,2.0,0.08796574538699824,0.24182509261302898,0.36827724782951693,0.9833957968643954,0.6931479332721386,0.4127471576330203,0.8312965190428985,0.991897820681125,0.0,0.0,-0.5176737829645041
c42,n1,1.0,expedition_express,1,1,1.0,partiel,0.0,1.0,0.7644270935657267,0.35697817984789715,0.3106661984520395,0.562858390470917,0.6356802987873861,0.30510061610455663,0.3788595726187852,0.8869469837427901,0.18,0.18,0.16565548444613598
c42,n2,6.0,promouvoir_arc_secours,1,1,6.0,echec,0.0,1.0,0.21877379171884692,0.7701621737768464,0.09483838663936738,0.2461046374997272,0.3531703865847605,0.49043798527929566,0.790328610658921,0.9729694411018942,0.18,0.18,0.8839440817903352
c42,n3,16.0,ne_rien_faire,1,1,16.0,partiel,0.0,0.0,0.10083487673745538,0.4354247248315333,0.27405861964145173,0.5986286442878008,0.5486936543681095,0.870023263994681,0.08781005299772021,0.23544450853480356,0.0,0.0,-0.5747733261014702
c42,n4,7.0,ne_rien_faire,1,1,7.0,partiel,0.0,2.0,0.026686284009796973,0.5614787416171523,0.10369192226071303,0.6178298892917862,0.28987744594729564,0.01556661888712493,0.3575751315117748,0.9449289861679147,0.0,0.0,-0.3209520496741244
c42,n5,13.0,ne_rien_faire,1,1,13.0,partiel,0.0,2.0,0.088273417286861,0.633322113296186,0.12840244285064653,0.5547202348778661,0.11351607507904576,0.3255782371703473,0.3221257644142681,0.3759553487353066,0.0,0.0,-1.5192749234916083
c42,n6,9.0,boost_capacite,1,1,9.0,partiel,0.0,1.0,0.215595555230064,0.2510216960167547,0.7167433633691093,0.3006425972981224,0.44773791898059073,0.1934550834957678,0.9268611904283456,0.7102392763103272,0.06576450329934143,0.06576450329934143,-0.5116811550323874
c42,n7,6.0,promouvoir_arc_secours,1,1,6.0,resolu,1.0,2.0,0.2683734307905333,0.1944867056630004,0.7943119379681115,0.8653043829340245,0.9269949412685362,0.3498877179132723,0.5602415965006354,0.5740161707703637,0.06507160887649192,0.06507160887649192,0.413250535608932
c42,n8,16.0,ne_rien_faire,1,1,16.0,partiel,0.0,2.0,0.3087433148757906,0.41590183478467774,0.7905904921276256,0.2734540400472531,0.682693966432126,0.18103805399926026,0.2541160477029782,0.612988116712124,0.0,0.0,-0.7867080409716243
c42,n9,15.0,expedition_express,1,1,15.0,partiel,0.0,3.0,0.3426894382550469,0.20394790712659513,0.040734664621226255,0.4539558610909583,0.3531182539472206,0.3971447057094614,0.6909471777227726,0.49021068951093777,0.09287777229911215,0.09287777229911215,0.4476993216057296
c42,n10,0.0,ne_rien_faire,1,1,0.0,partiel,0.0,4.0,0.06001452902892986,0.16996530177988647,0.5046827926400226,0.3751417915769229,0.5117693128812169,0.5530143947905145,0.7200329583245632,0.15334937494380457,0.0,0.0,0.2035568624499038
c42,n11,2.0,promouvoir_arc_secours,1,1,2.0,partiel,0.0,3.0,0.15433665770961555,0.32806122917081704,0.17134354963398704,0.6851287169571681,0.5686940005367396,0.617724597153941,0.7569882125507683,0.8098412686794421,0.06507160887649192,0.06507160887649192,-0.39834254029041494
c42,n12,13.0,replanifier_jalon,1,1,13.0,partiel,0.0,0.0,0.015624058910611414,0.3911760071219215,0.7888905929214085,0.46729055544237935,0.5439529463742214,0.7618731589932096,0.6716315166994177,0.7254972466621721,0.11280496606787029,0.11280496606787029,2.1779215744825096
c42,n13,7.0,promouvoir_arc_secours,1,1,7.0,resolu,1.0,4.0,0.08741217344604232,0.4397391534080502,0.735540497961328,0.12136149399552984,0.2170597050763428,0.5931508578304244,0.43745127231677666,0.8789106227016988,0.06507160887649192,0.06507160887649192,-0.7730375647817087
c42,n14,8.0,boost_capacite,1,1,8.0,resolu,1.0,0.0,0.09114195051008354,0.5063964882491814,0.44320032183095803,0.5236020389467286,0.6610515599793251,0.5845585555871361,0.3934359926010442,0.41204642205099984,0.06576450329934143,0.06576450329934143,0.03281559306427628
c42,n15,12.0,ne_rien_faire,1,1,12.0,partiel,0.0,3.0,0.7023811111531733,0.4476738478889809,0.4865595265142972,0.5956236701514912,0.6302357575144286,0.1391227230042001,0.5061583404160436,0.9601639609854571,0.0,0.0,-1.9432894328510766
c42,n16,13.0,revue_declaration,1,1,13.0,resolu,1.0,1.0,0.2707259611473428,0.4831532266614433,0.5720734236211057,0.7006482467128703,0.39387844309775105,0.7810410955827367,0.12634274956422772,0.9407995801153086,0.11922721033773194,0.11922721033773194,-0.1079109540264265
c42,n17,17.0,promouvoir_arc_secours,1,0,17.0,en_cours,,1.0,0.11569000058565032,0.38869681779260384,0.36258991872156965,0.11583147209894434,0.9693803715697281,0.8809686292133805,0.4992862333898382,0.5365120883750671,0.09375668266232669,0.09375668266232669,1.7421858114190214
c42,n18,7.0,ne_rien_faire,1,1,7.0,resolu,1.0,4.0,0.3656566975995911,0.1453311455565332,0.44314363788155003,0.5532566812101881,0.6875127320971774,0.6748557073878165,0.19098773840220004,0.63516976054687,0.0,0.0,-1.336160476510471
c42,n19,14.0,ne_rien_faire,1,1,14.0,echec,0.0,2.0,0.1458945563750034,0.39443508997614773,0.26424038595970806,0.8374200472867376,0.33628552830129044,0.8908157834680949,0.7016430117044726,0.8357067807949302,0.0,0.0,0.7418168794094605
c42,n20,9.0,revue_declaration,1,0,9.0,en_cours,,1.0,0.4988082826006388,0.26016758763365144,0.8450921172601881,0.24745629900754718,0.5823334877075449,0.6912992102184613,0.565977113042997,0.9597438185713498,0.19999999999999998,0.19999999999999998,0.5308358453458315
c42,n21,11.0,ne_rien_faire,1,1,11.0,partiel,0.0,0.0,0.23460718953949491,0.563620537440102,0.460633593897042,0.30374001583187404,0.3085044299976283,0.5300354186896278,0.39897865238080954,0.5547255946314843,0.0,0.0,-0.8285063314202986
c42,n22,0.0,replanifier_jalon,1,1,0.0,echec,0.0,3.0,0.5662675358464536,0.18718011300877602,0.5478543423939032,0.5437734671005746,0.2913804654666335,0.8346546701514526,0.6426882713061832,0.8762617921429025,0.08263442177277024,0.08263442177277024,0.5793088821992446
c42,n23,13.0,ne_rien_faire,1,1,13.0,partiel,0.0,3.0,0.3501528399252849,0.1537333328903728,0.8351087430547978,0.30376647864275547,0.28524358058051563,0.730704823439459,0.7118434738622134,0.3579862152975338,0.0,0.0,0.5727140098371777
c42,n24,8.0,ne_rien_faire,1,1,8.0,partiel,0.0,3.0,0.19003978430605278,0.3146624254527075,0.3399718322802464,0.7142357243636485,0.5800406944627962,0.1038987847787386,0.3580885382596061,0.6442383137984207,0.0,0.0,-2.1556577279145492
c42,n25,3.0,ne_rien_faire,1,1,3.0,echec,0.0,2.0,0.10724652207554061,0.2962882124565739,0.04505845167430233,0.4487293165754165,0.6969152280933946,0.6369206631806988,0.6512931970464604,0.7985350984597468,0.0,0.0,0.0057042395864225215
c42,n26,10.0,promouvoir_arc_secours,1,0,10.0,en_cours,,3.0,0.22345393399408384,0.5083233315443682,0.8303593904799825,0.27284263569634365,0.4978599777908754,0.5224195374104689,0.22224077577485252,0.928358749624864,0.0847811404775453,0.0847811404775453,-1.5696815419617545
c42,n27,12.0,boost_capacite,1,1,12.0,partiel,0.0,3.0,0.354057100883322,0.07206246163436511,0.7163737418943739,0.8351564448761355,0.7044717470148254,0.6285396441895326,0.7431826458766284,0.8717433695633141,0.053075940557296836,0.053075940557296836,1.5913619503804999
c42,n28,15.0,boost_capacite,1,1,15.0,partiel,0.0,0.0,0.13235601056308632,0.744823535533958,0.7281437236345457,0.5327040951192605,0.19288639055440346,0.5861279514261657,0.674608650729476,0.8191850879696573,0.06576450329934143,0.06576450329934143,1.3426592267636193
c42,n29,4.0,expedition_express,1,1,4.0,echec,0.0,2.0,0.23370972591173475,0.53634022968597,0.7386896212635166,0.2652029982281799,0.17225684980146455,0.5127371228998753,0.6337243859136228,0.6513570511851386,0.09287777229911215,0.09287777229911215,-0.28516066005678736
c42,n30,8.0,ne_rien_faire,1,1,8.0,echec,0.0,0.0,0.19175674687604458,0.7821884348775772,0.5062560216290269,0.6263476026964756,0.37838071923859146,0.7262377590231518,0.12002793335367012,0.8077994762287509,0.0,0.0,-0.7219775891142415
c42,n31,8.0,boost_capacite,1,1,8.0,resolu,1.0,4.0,0.29633308201084874,0.7600128536853535,0.37698363374525923,0.5571844583776409,0.7670675198444645,0.8645418341158564,0.6305807895183745,0.5359403595474403,0.09404583781437073,0.09404583781437073,1.1350065842820136
c42,n32,16.0,ne_rien_faire,1,1,16.0,echec,0.0,0.0,0.7771921971945087,0.0916353523993345,0.3665358077302415,0.48719440515259793,0.7066648984528895,0.6019057573956873,0.8850661158169303,0.9083194716759386,0.0,0.0,0.38175100057941314
c42,n33,13.0,ne_rien_faire,1,1,13.0,resolu,1.0,0.0,0.19141571753152725,0.49532543483079117,0.49859257251794226,0.828511560496332,0.23274903230394747,0.07518869301672569,0.5496687008627453,0.5606119543560435,0.0,0.0,-0.6402259761960944
c42,n34,6.0,promouvoir_arc_secours,1,1,6.0,echec,0.0,0.0,0.2717283567884828,0.753899561397546,0.6586330912007347,0.22513929589874318,0.19419024224514148,0.15718758035541983,0.5857027145222474,0.8177438787205192,0.09375668266232669,0.09375668266232669,0.370718104085833
c42,n35,17.0,ne_rien_faire,1,1,17.0,resolu,1.0,4.0,0.2054346192029501,0.7718006397714646,0.6530680781073216,0.21505008877110476,0.6105927755033915,0.7597886561055553,0.7174909292582132,0.42388176201942035,0.0,0.0,0.03740697738165277
c42,n36,16.0,ne_rien_faire,1,1,16.0,resolu,1.0,3.0,0.3850719711353297,0.47077494198215075,0.3485719031307684,0.3720568651618678,0.38515419011414337,0.7336603548611358,0.5257514587839699,0.9233508733688539,0.0,0.0,-0.9222823614180858
c42,n37,14.0,replanifier_jalon,1,1,14.0,partiel,0.0,2.0,0.32075050427115376,0.2928137669620399,0.4390942118777257,0.3099818695938901,0.8218592358656446,0.8011412050657777,0.7535898200506523,0.9212304397678692,0.06732604454191315,0.06732604454191315,0.7555580598968701
c42,n38,5.0,replanifier_jalon,1,0,5.0,en_cours,,2.0,0.40267913323492077,0.4562737720687305,0.6352722495400038,0.48023428201609863,0.9074674731399067,0.7129362875394614,0.23713074632564024,0.4452154253630766,0.19,0.19,-0.13929750890802844
c42,n39,6.0,expedition_express,1,1,6.0,resolu,1.0,4.0,0.03058134530015982,0.1835007433587738,0.2371996057366555,0.7953367782537801,0.5341264923685441,0.5932791081679489,0.8552688220755776,0.5805861894717755,0.09287777229911215,0.09287777229911215,0.7622968994068695
c42,n40,5.0,ne_rien_faire,1,1,5.0,partiel,0.0,3.0,0.20038656649777922,0.21567194496388964,0.5332351750791235,0.655765941370398,0.41391507285042567,0.19149405081956083,0.640097462504754,0.9727279420104837,0.0,0.0,-1.9005804995362492
c42,n41,17.0,ne_rien_faire,1,1,17.0,resolu,1.0,3.0,0.6146737018682777,0.3952470962220525,0.3521703122378209,0.35024079446096734,0.37666438048591266,0.3826932086816361,0.11317084902828477,0.585055457057926,0.0,0.0,-1.6380504191180545
c42,n42,4.0,ne_rien_faire,1,1,4.0,echec,0.0,1.0,0.11584810055812725,0.43730958352097427,0.6213287102153402,0.42949481765369246,0.9590545333858674,0.223795637013793,0.1891859754955243,0.7443366896861037,0.0,0.0,-2.0775923779441743
c42,n43,9.0,replanifier_jalon,1,1,9.0,echec,0.0,1.0,0.2759906931163876,0.361850564794333,0.05446490411951753,0.7042769577896645,0.8898053133038958,0.6749379140112162,0.28906852675124345,0.9625313060666764,0.06948979284705413,0.06948979284705413,0.47824393924030684
c42,n44,12.0,expedition_express,1,1,12.0,resolu,1.0,3.0,0.29577732139468543,0.48378704295016256,0.6553488399331895,0.708713327119046,0.3680835158584489,0.6514538208630332,0.5795394250577471,0.28789788289605683,0.09287777229911215,0.09287777229911215,0.9118652073551905
c42,n45,17.0,ne_rien_faire,1,1,17.0,partiel,0.0,4.0,0.6196448953870083,0.47414832847481797,0.2832276538929584,0.4299349790343485,0.17097933608706134,0.7297189227238483,0.4253388758291135,0.4853221433188707,0.0,0.0,-0.9220295218829734
c42,n46,6.0,ne_rien_faire,1,1,6.0,echec,0.0,1.0,0.0898394647948423,0.8731499844110117,0.5141949277060183,0.2252789974603971,0.18923649278182486,0.21071325465730278,0.5463356557832079,0.5845415393441195,0.0,0.0,0.5082829857065191
c42,n47,11.0,ne_rien_faire,1,1,11.0,resolu,1.0,1.0,0.07161028019271944,0.6013031508237833,0.33298287887296407,0.1881790506254827,0.5849037640831866,0.29939048081344766,0.7342422000664375,0.5637344909767017,0.0,0.0,0.010314189801005763
c42,n48,15.0,ne_rien_faire,1,1,15.0,echec,0.0,2.0,0.13360684591216088,0.41618330858175895,0.627145922394913,0.7251571711328609,0.3641160175966171,0.33764932931128994,0.6185670291400015,0.9206072494072417,0.0,0.0,-0.09102251231281375
c42,n49,4.0,expedition_express,1,1,4.0,echec,0.0,4.0,0.24994186648248648,0.5977223086273715,0.04592439692090609,0.23335478880773847,0.3665139311586386,0.49241392333928113,0.6232414640712812,0.7175859027295215,0.19999999999999998,0.19999999999999998,2.8242750817580786
c42,n0,3.0,revue_declaration,1,0,3.0,en_cours,,4.0,0.10310285004476644,0.36267290829443377,0.6173380167239482,0.7007767527947315,0.5411478614260324,0.12713469365689217,0.6366900046229356,0.969246502268034,0.09844224846172875,0.09844224846172875,-0.6418237584373077
c42,n1,9.0,replanifier_jalon,1,1,9.0,partiel,0.0,1.0,0.09082419057267933,0.6832026862710815,0.5164387404215894,0.49854745425918584,0.37629691800524795,0.7004968477271607,0.23233898129702665,0.9287920281321433,0.11968501984040748,0.11968501984040748,-1.0489648189319682
c42,n2,8.0,replanifier_jalon,1,1,8.0,resolu,1.0,3.0,0.03275857913184996,0.2440676002583719,0.053731322961338916,0.21558219382845298,0.5337444927840845,0.38252803513461886,0.27938516020598253,0.9536722691520949,0.06732604454191315,0.06732604454191315,-0.8170274192274634
c42,n3,0.0,boost_capacite,1,1,0.0,partiel,0.0,3.0,0.29920187161469997,0.5124794892077487,0.7998118829488075,0.5421804116848209,0.47410981105026084,0.6102750199256102,0.5024794504990141,0.789638933674808,0.053075940557296836,0.053075940557296836,-0.35763989453785683
c42,n4,13.0,promouvoir_arc_secours,1,1,13.0,partiel,0.0,2.0,0.5647757391903534,0.5462303551003341,0.76106494393892,0.6338700779473003,0.24600344137049718,0.5554575423718527,0.5575692344359047,0.8775951734142029,0.06507160887649192,0.06507160887649192,1.1328663381488762
c42,n5,15.0,revue_declaration,1,1,15.0,partiel,0.0,3.0,0.3148544302751514,0.10519763756708748,0.466088451976711,0.6306988018188082,0.4142539886810107,0.4723191436261848,0.5387705284344897,0.8580388249589823,0.05249761951415173,0.05249761951415173,1.9664570927274077
c42,n6,12.0,ne_rien_faire,1,1,12.0,resolu,1.0,4.0,0.34313584838657263,0.18498037682314225,0.6248200457941517,0.5465183977353185,0.5565329070216192,0.6066365761666693,0.23101996472154016,0.7523323171455889,0.0,0.0,-1.3219377364969847
c42,n7,17.0,ne_rien_faire,1,1,17.0,partiel,0.0,3.0,0.16070758836290794,0.30109034091531817,0.6452506090579999,0.9034182999902252,0.21462705645682117,0.4998826861781494,0.3771421508829708,0.8743100317190048,0.0,0.0,-1.3532421746640577
c42,n8,6.0,ne_rien_faire,1,1,6.0,resolu,1.0,0.0,0.020077610591261067,0.30465934327706856,0.5860715835803222,0.8706417339085558,0.7332354435028378,0.1811104853850321,0.6693547255932097,0.3912593337563249,0.0,0.0,0.23679694288353476
c42,n9,13.0,ne_rien_faire,1,1,13.0,partiel,0.0,4.0,0.6725621721487604,0.07575772004087322,0.47754769721192,0.28849674649052653,0.5212209138206323,0.32168354766558643,0.7848390620102341,0.8565651587154832,0.0,0.0,0.8695622650222485
c42,n10,15.0,ne_rien_faire,1,1,15.0,resolu,1.0,4.0,0.07936580226667919,0.10528836832966765,0.7492317892119267,0.29560665794113916,0.21609109394416712,0.6186854322205796,0.7095786249497943,0.6462795511645186,0.0,0.0,-0.007347004595737006
c42,n11,7.0,ne_rien_faire,1,1,7.0,partiel,0.0,3.0,0.5381523414073159,0.19463934184104395,0.634346893999371,0.6882937284644453,0.21798887913263135,0.2533345947188267,0.6828345818023586,0.8693983765687876,0.0,0.0,0.9383097563219784
c42,n12,3.0,ne_rien_faire,1,1,3.0,partiel,0.0,1.0,0.18752064248691064,0.06882353342912007,0.20174276885396367,0.49952387913318474,0.7386487174109732,0.11938846816643921,0.20711482298686373,0.25907294428723454,0.0,0.0,-1.5733652345629794
c42,n13,10.0,ne_rien_faire,1,1,10.0,partiel,0.0,4.0,0.003316772858550071,0.11340993756160703,0.7341825108251373,0.14684093909114715,0.6870720557280736,0.4727240731520468,0.7100328569345512,0.6021734220580978,0.0,0.0,-0.43584205454008923
c42,n14,0.0,ne_rien_faire,1,1,0.0,partiel,0.0,4.0,0.11752811541739819,0.14075528738221776,0.8556762853180429,0.7428708501579004,0.5349718175395041,0.34529143745199736,0.2533864137592198,0.8549963746706188,0.0,0.0,-2.5422682003065527
c42,n15,2.0,ne_rien_faire,1,1,2.0,resolu,1.0,0.0,0.07520775678427986,0.4443556856497537,0.5132165632246999,0.6565122423867132,0.4875605117921293,0.8466755750099328,0.7347418526030297,0.135564911183215,0.0,0.0,0.005651778371727478
c42,n16,12.0,ne_rien_faire,1,1,12.0,resolu,1.0,3.0,0.46746997582898725,0.2738944511240966,0.6386199876941229,0.03647717186676673,0.7807605717529331,0.1516614438029989,0.46394586297780105,0.7328663829225618,0.0,0.0,-2.0061094987496424
c42,n17,5.0,boost_capacite,1,1,5.0,partiel,0.0,1.0,0.6009693847091812,0.3339915604050626,0.44647198622460305,0.2353747921562409,0.6491188422661567,0.18829587948389193,0.37880753332626965,0.11567631286102237,0.06576450329934143,0.06576450329934143,1.5137681912268253
c42,n18,11.0,replanifier_jalon,1,0,11.0,en_cours,,0.0,0.0908671798391801,0.1778431376048616,0.6356666763050215,0.4574774522478802,0.7169937673313523,0.7618545062704533,0.5627915947171354,0.7502488841356252,0.05036857131959023,0.05036857131959023,1.3436452771352163
c42,n19,10.0,ne_rien_faire,1,1,10.0,echec,0.0,0.0,0.07036884692195045,0.6198646172321934,0.25817555677547877,0.3508309263759053,0.6076526290759428,0.6875003050083581,0.45477814720872967,0.3252571222000496,0.0,0.0,-0.7414237412204274
c42,n20,10.0,ne_rien_faire,1,1,10.0,partiel,0.0,1.0,0.6634657252685184,0.2999071630497617,0.8140938778745319,0.8299276809588049,0.6885840183405506,0.7578684148061202,0.5563081539896391,0.3883200885783664,0.0,0.0,1.5438930270234665
c42,n21,13.0,ne_rien_faire,1,1,13.0,echec,0.0,1.0,0.28418859287489034,0.1364620482056831,0.26930409001992767,0.49148720011086644,0.5311203131230456,0.17437995094457795,0.2605546658758595,0.9461639550056365,0.0,0.0,0.07488079381666046
c42,n22,13.0,ne_rien_faire,1,1,13.0,echec,0.0,2.0,0.6598207385292661,0.35873070140934993,0.5457546716248978,0.8426393211676836,0.5189355362653066,0.23230037858429622,0.504089077527882,0.37904043543256416,0.0,0.0,0.3415623543030405
c42,n23,5.0,replanifier_jalon,1,0,5.0,en_cours,,1.0,0.30165701221266955,0.15724374454689274,0.6646102966651811,0.27266729041775944,0.4321306766418067,0.8166174418685103,0.16494993944292033,0.6832072267920141,0.05036857131959023,0.05036857131959023,0.4761519301287567
c42,n24,11.0,replanifier_jalon,1,0,11.0,en_cours,,3.0,0.048158183162427266,0.7266768746355905,0.3961092081066517,0.208956898525807,0.20780138427269426,0.9126647742365227,0.9082054692927997,0.48560468066610585,0.08263442177277024,0.08263442177277024,1.4728644635208101
c42,n25,6.0,revue_declaration,1,1,6.0,partiel,0.0,4.0,0.1676081406119491,0.40141403546160365,0.3649599087586425,0.3817215282404445,0.25120415317656203,0.35783725346134554,0.7039799697405384,0.7633640431567753,0.05249761951415173,0.05249761951415173,-0.12936675928086067
c42,n26,16.0,replanifier_jalon,1,0,16.0,en_cours,,1.0,0.12745641363575994,0.49401072422451686,0.8751717036227001,0.7454051846140202,0.6558015390617375,0.7180722315380744,0.372231999561489,0.28040122327243744,0.11280496606787029,0.11280496606787029,1.0564247466993728
c42,n27,2.0,revue_declaration,1,0,2.0,en_cours,,4.0,0.4134798652759876,0.4224917981025577,0.609031318003221,0.6714519607236953,0.768404185855228,0.31209532433910053,0.6492570289601284,0.9745301709084361,0.09844224846172875,0.09844224846172875,0.3237569780129027
c42,n28,12.0,replanifier_jalon,1,1,12.0,partiel,0.0,2.0,0.2539443479200353,0.42691298368057295,0.8326774956234885,0.5684391128855225,0.41334836728097935,0.32920688137512316,0.01505907705959873,0.9338776967424371,0.06732604454191315,0.06732604454191315,-0.7769973766260307
c42,n29,11.0,revue_declaration,1,1,11.0,resolu,1.0,4.0,0.537938680728261,0.1382584277291764,0.7485471243190037,0.38914304936898897,0.3900398194442869,0.35364540160369135,0.6292535546150294,0.9847446459844306,0.09844224846172875,0.09844224846172875,1.6566293690888343
c42,n30,12.0,replanifier_jalon,1,1,12.0,resolu,1.0,1.0,0.5665991631115894,0.5915086671733693,0.6308045434834861,0.10710070684209919,0.6754904284444206,0.6890842155428775,0.35492195168687296,0.6540387439324519,0.05036857131959023,0.05036857131959023,0.6907843103061968
c42,n31,17.0,ne_rien_faire,1,1,17.0,echec,0.0,2.0,0.0778392050542096,0.26582322639304745,0.17933432720978382,0.3390982016708586,0.4133493590857248,0.24054928874735795,0.795225147044515,0.9043459159130067,0.0,0.0,-1.150242697960676
c42,n32,9.0,boost_capacite,1,1,9.0,resolu,1.0,1.0,0.41691381156109397,0.07879874395776626,0.5433484845131196,0.7840879338301588,0.4395723386950221,0.8982327995829251,0.7867437552111752,0.6690938943712404,0.19,0.19,1.2348496834858076
c42,n33,6.0,ne_rien_faire,1,1,6.0,partiel,0.0,0.0,0.09454624970689042,0.2242713106398636,0.7087891698879324,0.4859259260421394,0.6658013148142933,0.359659434833799,0.31877392828174894,0.593143393837518,0.0,0.0,-1.0582944389097193
c42,n34,11.0,replanifier_jalon,1,1,11.0,echec,0.0,3.0,0.3623345266006846,0.6167357415979245,0.3823457284818638,0.6746925395850755,0.7974614731161674,0.670565833255135,0.817041953580355,0.7397272368587295,0.19,0.19,1.8949103008973127
c42,n35,17.0,ne_rien_faire,1,1,17.0,resolu,1.0,0.0,0.117257154136664,0.4020259265338917,0.4883956536074305,0.7821560235286261,0.43206410874164486,0.40689858029538495,0.633979758109818,0.7520264727919385,0.0,0.0,-2.1845878748258207
c42,n36,15.0,ne_rien_faire,1,1,15.0,partiel,0.0,1.0,0.08907792160916374,0.4565545020291408,0.3746516921265932,0.9194465440942571,0.45255257853415637,0.4289976034816077,0.7725150991793033,0.824754111582809,0.0,0.0,0.6347429171959471
c42,n37,8.0,replanifier_jalon,1,1,8.0,partiel,0.0,4.0,0.48746195289169314,0.09141959308764094,0.6504983292063399,0.6354254894564016,0.717374534404152,0.8785566271875453,0.3427629360229482,0.841439371321012,0.08263442177277024,0.08263442177277024,1.1157151535946188
c42,n38,17.0,ne_rien_faire,1,1,17.0,resolu,1.0,1.0,0.5672510731865977,0.3584239425774123,0.06587696388388845,0.3207702169935922,0.19560623419171944,0.33586330971049067,0.7116087932874796,0.9667164163174463,0.0,0.0,-0.7791458693966561
c42,n39,11.0,ne_rien_faire,1,1,11.0,resolu,1.0,2.0,0.21464399807540213,0.24729580564772283,0.20373732982963114,0.237418774944129,0.766800601624885,0.1126834028630085,0.41094880183662696,0.8263642285975119,0.0,0.0,-1.3367635926857777
c42,n40,13.0,boost_capacite,1,1,13.0,echec,0.0,3.0,0.6927797810741683,0.2968320144728676,0.24262196930564225,0.6591176241984911,0.47946034409361604,0.44902829563324453,0.3165531569259379,0.49198142954903323,0.053075940557296836,0.053075940557296836,1.5567984952369036
c42,n41,11.0,ne_rien_faire,1,1,11.0,resolu,1.0,2.0,0.5768919482965806,0.7617592759710247,0.18739560915646872,0.17952317484189373,0.05201703827395054,0.630090276904589,0.3808775830596573,0.6469451309238866,0.0,0.0,0.16182163229835178
c42,n42,2.0,ne_rien_faire,1,1,2.0,resolu,1.0,0.0,0.02289239482848153,0.39241426200719187,0.5832787355025143,0.650246993250779,0.4422029270147936,0.37550989037971,0.839450513463255,0.38600665181284877,0.0,0.0,-1.5014288786866539
c42,n43,1.0,ne_rien_faire,1,1,1.0,echec,0.0,1.0,0.034767014723121506,0.9054408881243164,0.5940255057048246,0.10009036378700462,0.3127248482030907,0.5787410800248528,0.6164844273448552,0.6778148807971762,0.0,0.0,-0.6379656789895408
c42,n44,3.0,revue_declaration,1,1,3.0,resolu,1.0,0.0,0.398232148920151,0.5219802609831083,0.3376706817049429,0.5688819830851962,0.57719790803033,0.4824178059481649,0.7067612013034117,0.7141406806181803,0.07101163994378579,0.07101163994378579,1.4210799966286813
c42,n45,10.0,expedition_express,1,1,10.0,echec,0.0,4.0,0.3949189850047124,0.44071819050299854,0.06411201189435027,0.939700847473297,0.7390298307687706,0.5498062191974777,0.07433185106654165,0.9711955387344513,0.050825581787975416,0.050825581787975416,-0.7281251282271635
c42,n46,15.0,ne_rien_faire,1,1,15.0,resolu,1.0,2.0,0.22224377790132305,0.5705141807444055,0.876501696441023,0.6976563148703229,0.19607148595782453,0.1551901396202379,0.7322724203285887,0.9248389407702596,0.0,0.0,-0.6040362651161802
c42,n47,12.0,ne_rien_faire,1,1,12.0,resolu,1.0,1.0,0.23618747552210081,0.49009442602379605,0.4725085771338691,0.07703795558788475,0.7682669694642714,0.19597577040554476,0.12672683323787454,0.7870539617510142,0.0,0.0,-0.3718881675783461
c42,n48,17.0,ne_rien_faire,1,1,17.0,partiel,0.0,1.0,0.1100158527941736,0.4723137125493796,0.47616853377955176,0.17101737989836266,0.7171695505321903,0.5040160276793294,0.2568799567419002,0.4983317580358484,0.0,0.0,-1.3504194959248244
c42,n49,8.0,ne_rien_faire,1,1,8.0,resolu,1.0,2.0,0.09596333663573131,0.6145775145610175,0.3864562621649109,0.779075584320857,0.6704520372958237,0.6392075665629786,0.6187276980148013,0.9163067889034211,0.0,0.0,-0.594945670343499
c42,n0,12.0,ne_rien_faire,1,1,12.0,resolu,1.0,4.0,0.16227240348780095,0.36304668473734836,0.45277280129608766,0.9232046435062518,0.6452492410226275,0.7224630795052351,0.9030944171650602,0.4712163254428861,0.0,0.0,-0.6802403110582761
c42,n1,14.0,ne_rien_faire,1,1,14.0,echec,0.0,3.0,0.21896817587905743,0.3254267423833046,0.49476807952012686,0.9521136433868402,0.029062513210353767,0.1910542162201758,0.34568751406619147,0.9017849661862992,0.0,0.0,-0.4042001634653957
c42,n2,1.0,ne_rien_faire,1,1,1.0,resolu,1.0,1.0,0.4960071297921592,0.46856942091023224,0.3884353300186086,0.7436042798020615,0.3877891770421315,0.6411145826493522,0.23218350264196988,0.6673000320958864,0.0,0.0,-0.09989381758326685
c42,n3,2.0,ne_rien_faire,1,1,2.0,echec,0.0,3.0,0.6048565826305756,0.49350898135883087,0.25406796772588,0.18208474574345204,0.4415252882293325,0.8678524747574092,0.4245611917205736,0.21911843463944253,0.0,0.0,0.4588034631601611
c42,n4,10.0,ne_rien_faire,1,1,10.0,partiel,0.0,3.0,0.22655729884229633,0.5840999088531447,0.14471727525342934,0.5086430629074015,0.6691187093287562,0.5174336633328344,0.17595521295133587,0.20304451245850044,0.0,0.0,-1.4797835009998659
c42,n5,0.0,boost_capacite,1,0,0.0,en_cours,,0.0,0.4277706837958027,0.610157278144588,0.4494304865157725,0.7026124322855759,0.8441312086719879,0.4084240379741514,0.4377318999975011,0.2681982014887103,0.06576450329934143,0.06576450329934143,0.915251833466728
c42,n6,0.0,promouvoir_arc_secours,1,1,0.0,partiel,0.0,0.0,0.3574410144398633,0.4533682659354214,0.7849578038124112,0.49243785477143925,0.7728949317676937,0.11312096202615105,0.1392928358630191,0.33633924936658416,0.09375668266232669,0.09375668266232669,-0.6256506720550404
c42,n7,3.0,boost_capacite,1,1,3.0,resolu,1.0,0.0,0.44376780720798065,0.349429053019078,0.8173663166210413,0.7141569764630948,0.6876696811653156,0.7596608309975734,0.4191442694217084,0.8453262389897003,0.06576450329934143,0.06576450329934143,2.3506006896908134
c42,n8,16.0,ne_rien_faire,1,1,16.0,partiel,0.0,1.0,0.41602940872575095,0.06718429700859109,0.5996039524188077,0.3911876113781097,0.22202971265706825,0.7771261447567472,0.5407916378403776,0.5543560466616977,0.0,0.0,0.265631830139626
c42,n9,14.0,replanifier_jalon,1,1,14.0,resolu,1.0,3.0,0.17758720349063464,0.8552188123191673,0.4963515516610419,0.7536741837695847,0.05342242083335011,0.6690185377187344,0.3729864939868572,0.7964522335570215,0.19,0.19,-0.8764941094386165
c42,n10,7.0,ne_rien_faire,1,1,7.0,echec,0.0,0.0,0.07227618300798737,0.5008015608779577,0.3730364387526433,0.32789167833990307,0.6523984639841609,0.1648493185656737,0.18381157268237966,0.6451373912293757,0.0,0.0,-1.812793730279521
c42,n11,14.0,ne_rien_faire,1,1,14.0,echec,0.0,3.0,0.44106958055316514,0.223877845897165,0.6384589888601977,0.7236621703230265,0.2899327441616346,0.8377399994131046,0.2065161940232714,0.882614636203045,0.0,0.0,0.568595113121829
c42,n12,17.0,ne_rien_faire,1,1,17.0,partiel,0.0,0.0,0.1584130539086452,0.45183139280646584,0.7969565169120035,0.44579151020876695,0.42292948992825224,0.1883524896323868,0.9184604844829337,0.4733266901615226,0.0,0.0,-0.4273482731822069
c42,n13,16.0,promouvoir_arc_secours,1,1,16.0,echec,0.0,4.0,0.34593908898430886,0.7319050525512171,0.2959965880650903,0.5275726417899396,0.37565385527319206,0.2536144798367044,0.6645794603081896,0.9924201201062234,0.0847811404775453,0.0847811404775453,0.48613091002187553
c42,n14,11.0,replanifier_jalon,1,1,11.0,resolu,1.0,4.0,0.38318261806232057,0.32005281869950786,0.1750356325447864,0.8114497714701174,0.410809892904896,0.8099604183833846,0.7166219247043953,0.5810048234893939,0.19,0.19,2.6676814301636558
c42,n15,8.0,expedition_express,1,1,8.0,resolu,1.0,2.0,0.2816639062787022,0.484845395780544,0.9474060910861267,0.441380894804592,0.7708452961895399,0.716335708264053,0.7087506103937942,0.7747862027095397,0.09287777229911215,0.09287777229911215,1.4948577717931162
c42,n16,4.0,boost_capacite,1,1,4.0,echec,0.0,4.0,0.0655885955753954,0.5349121554088125,0.6669297011743285,0.5610335973168927,0.5949034442805389,0.1923254467278986,0.4864042905309964,0.9125065651749605,0.18,0.18,-0.1860355920015374
c42,n17,16.0,replanifier_jalon,1,1,16.0,resolu,1.0,1.0,0.22809404148965964,0.48996448417376776,0.48346114685033686,0.7844975994019496,0.6279385084522604,0.5212442130202033,0.6580608677926589,0.7925277387017052,0.11280496606787029,0.11280496606787029,-0.45687138577682895
c42,n18,2.0,expedition_express,1,1,2.0,resolu,1.0,2.0,0.3318201870207073,0.19986873687708584,0.5406321829327934,0.20456474037769085,0.8453275883684922,0.802520513146755,0.6108150697129734,0.8381063946986334,0.09287777229911215,0.09287777229911215,0.8749935063708224
c42,n19,8.0,expedition_express,1,1,8.0,partiel,0.0,4.0,0.45737377790654465,0.2994431876773246,0.4794877028926479,0.11957372596633291,0.8641900181049057,0.5165049025583316,0.23134980060776633,0.7591625401242167,0.09287777229911215,0.09287777229911215,-0.3422221970180687
c42,n20,12.0,boost_capacite,1,1,12.0,resolu,1.0,3.0,0.13749144902738178,0.3065544161127121,0.7797120893206134,0.9623907276509709,0.6704205562563217,0.8970335988010486,0.5113805869889981,0.5996010563692487,0.053075940557296836,0.053075940557296836,0.25599204646099627
c42,n21,7.0,replanifier_jalon,1,1,7.0,resolu,1.0,4.0,0.2539342619360944,0.23624881382593624,0.33395459622318185,0.3766297038319824,0.5057463014172277,0.43691138675997626,0.8480599997914859,0.7431229111226315,0.19,0.19,0.7707127526082967
c42,n22,7.0,ne_rien_faire,1,1,7.0,partiel,0.0,0.0,0.3915945619817806,0.4575033726448626,0.30222147615146666,0.3571552611193213,0.4388408961225958,0.42553961624799136,0.26501223488520237,0.4602966519290691,0.0,0.0,1.010152462385731
c42,n23,8.0,ne_rien_faire,1,1,8.0,echec,0.0,3.0,0.1827316782305887,0.1608777979227638,0.7058889509879436,0.4712348493005926,0.8186942414564461,0.7934471853026054,0.6762416577391445,0.574841866980752,0.0,0.0,2.871971506729844
c42,n24,8.0,ne_rien_faire,1,1,8.0,resolu,1.0,4.0,0.07225333334990874,0.3267705252820353,0.7491407862333171,0.5693515426941499,0.1343691013080507,0.34237827287466416,0.3546064552198691,0.39889737904335765,0.0,0.0,-0.3713239358063668
c42,n25,13.0,ne_rien_faire,1,1,13.0,partiel,0.0,1.0,0.20446164794299995,0.05310251935981296,0.6432249154506934,0.9717304163783407,0.666563179461041,0.2738691419034957,0.7456003795122544,0.6516134239853246,0.0,0.0,-0.9545675726702996
c42,n26,17.0,ne_rien_faire,1,1,17.0,echec,0.0,2.0,0.5036571946409695,0.7482152981966107,0.5011257441384341,0.40462326851478814,0.5381701282860505,0.7515323251993008,0.045735285908978435,0.25515325867778316,0.0,0.0,0.5946088269658574
c42,n27,14.0,replanifier_jalon,1,1,14.0,echec,0.0,4.0,0.3023066286410975,0.7868071153449946,0.9255565203471613,0.40604814761941305,0.5581803297012469,0.5872757682469655,0.3714323315300969,0.9763766040403337,0.06732604454191315,0.06732604454191315,0.12233950187624518
c42,n28,9.0,promouvoir_arc_secours,1,1,9.0,resolu,1.0,0.0,0.293029264633009,0.27680595769569527,0.5031331163644935,0.8020351161880581,0.8082612713971653,0.5301824683641566,0.7412820257227198,0.9693678692816872,0.07121226987735195,0.07121226987735195,-1.141412695380005
c42,n29,17.0,revue_declaration,1,1,17.0,resolu,1.0,3.0,0.3637911633560904,0.20245517780998465,0.34456880433275766,0.565639945449806,0.7126212072713737,0.6287334979644024,0.7402717562234247,0.9952597115205871,0.09844224846172875,0.09844224846172875,1.0180318430538704
c42,n30,10.0,promouvoir_arc_secours,1,0,10.0,en_cours,,2.0,0.24401026563698267,0.42893564317063954,0.2237913866382745,0.6628305232773695,0.4736500681490576,0.27561400199519287,0.7807708775632736,0.45143724197650875,0.06507160887649192,0.06507160887649192,0.6841119064618526
c42,n31,1.0,expedition_express,1,1,1.0,echec,0.0,1.0,0.07205777441241637,0.6206757798623872,0.6680736687677442,0.4065881673901181,0.5101358711207752,0.23294548163829135,0.5313263280376913,0.9143874573799183,0.06784087113578872,0.06784087113578872,0.13632770264023808
c42,n32,8.0,ne_rien_faire,1,1,8.0,partiel,0.0,3.0,0.4929120398311614,0.36958087468303974,0.48207779672991763,0.09375519814475837,0.8195192565059505,0.5792768577259981,0.7377382620511405,0.7530041979338054,0.0,0.0,2.0828545035318515
c42,n33,8.0,ne_rien_faire,1,1,8.0,resolu,1.0,4.0,0.2786824843432297,0.13400367758788712,0.7913705910186011,0.6118371826601919,0.636549829998425,0.24146699766343602,0.4640324585520904,0.9440597260429802,0.0,0.0,-1.117900659654035
c42,n34,2.0,expedition_express,1,0,2.0,en_cours,,4.0,0.025633177854832805,0.08779011930762787,0.811811784562438,0.49267475311997677,0.6532923431670823,0.38397633097208406,0.41756692878252305,0.8005199578944433,0.09287777229911215,0.09287777229911215,0.5247840163566712
c42,n35,11.0,promouvoir_arc_secours,1,0,11.0,en_cours,,1.0,0.20851176806862504,0.34825027678526255,0.3647913343878172,0.6777191573233292,0.4762486011309838,0.7490134904482536,0.521094873688513,0.8880455113559298,0.11114874117773832,0.11114874117773832,0.8246703529346378
c42,n36,8.0,ne_rien_faire,1,1,8.0,partiel,0.0,4.0,0.38230963186327643,0.07585648534625054,0.8693964794621178,0.028741413280965956,0.9094086960415084,0.30482700453892453,0.4069739087092431,0.6059197650001394,0.0,0.0,-0.8618443074462456
c42,n37,3.0,ne_rien_faire,1,1,3.0,resolu,1.0,2.0,0.02873829791671659,0.48578989024541036,0.3388537035460574,0.6403826335920427,0.3375936989355547,0.411202661169199,0.3352600247746573,0.3820606985487828,0.0,0.0,-0.34581837596983434
c42,n38,14.0,ne_rien_faire,1,1,14.0,partiel,0.0,0.0,0.3275289284967213,0.21643506761674144,0.8073435976662309,0.581002468791714,0.5168662566925791,0.453937301793092,0.22313257613716442,0.4067293174424342,0.0,0.0,0.17620109931798922
c42,n39,3.0,ne_rien_faire,1,1,3.0,partiel,0.0,1.0,0.2769752614882165,0.5456898924571305,0.7800363580382039,0.09261542108850122,0.5369054288845261,0.5514129650196864,0.25983634924565163,0.739512661284703,0.0,0.0,-1.609406332590307
c42,n40,2.0,ne_rien_faire,1,1,2.0,echec,0.0,1.0,0.5012170375995618,0.27714831962361763,0.5979289264743328,0.747554181484763,0.6072973486113622,0.3237073324210651,0.47436175170143596,0.7490934099206458,0.0,0.0,0.37902396047717124
c42,n41,2.0,ne_rien_faire,1,1,2.0,resolu,1.0,2.0,0.2254521612754192,0.5350605596488789,0.7554112264301983,0.8570827317194416,0.7075814076962945,0.7802632611838652,0.8421565833328376,0.6164608157299367,0.0,0.0,-0.25369015134183137
c42,n42,9.0,replanifier_jalon,1,0,9.0,en_cours,,0.0,0.21813923152364625,0.11120463881618056,0.6695636562073669,0.8787189560026101,0.6950393152017081,0.1820440672632959,0.18087275626940813,0.9688151730650446,0.06948979284705413,0.06948979284705413,-0.06801704996630153
c42,n43,15.0,ne_rien_faire,1,1,15.0,partiel,0.0,0.0,0.6624528341365892,0.4306413924713125,0.14858238412369396,0.18264481123247245,0.42687627519418214,0.3421486484677998,0.6622642016240617,0.5615462423731773,0.0,0.0,0.28713235397553755
c42,n44,14.0,revue_declaration,1,1,14.0,partiel,0.0,4.0,0.3079848116837004,0.44454125640578557,0.29999197974028347,0.5269382495054225,0.8195887414361922,0.4609944136639919,0.4871586694610506,0.6278454903255412,0.05249761951415173,0.05249761951415173,-0.05466485819946433
c42,n45,11.0,revue_declaration,1,1,11.0,resolu,1.0,3.0,0.1928457048606634,0.51827415416697,0.6968643382920209,0.3179147086952741,0.4754403388390058,0.5243425280495061,0.4743081602009558,0.5647840669173312,0.05249761951415173,0.05249761951415173,-1.0330285582264915
c42,n46,6.0,ne_rien_faire,1,1,6.0,partiel,0.0,3.0,0.09447439662564679,0.2959821140370985,0.7436094271747901,0.31146868015502127,0.4966013981263818,0.402912698383017,0.04414088836293357,0.9572753077649956,0.0,0.0,-1.3654557231869688
c42,n47,2.0,ne_rien_faire,1,1,2.0,resolu,1.0,1.0,0.23360445887186682,0.21335472674929634,0.26793661801148905,0.41415462699326155,0.3300556273251795,0.3269750673230743,0.5225475521849752,0.9687868375601971,0.0,0.0,-1.108306982641074
c42,n48,3.0,ne_rien_faire,1,1,3.0,resolu,1.0,2.0,0.20969626554905513,0.43817453675295315,0.4380521045286395,0.6984760162537914,0.40221254881354546,0.21025556488611705,0.5317423047530665,0.5271883753082879,0.0,0.0,-0.9547246630787176
c42,n49,8.0,ne_rien_faire,1,1,8.0,resolu,1.0,1.0,0.12274322360317277,0.24955189375314688,0.6169765488293286,0.8812107054696003,0.7697266416999118,0.7009773676607076,0.7459176380160731,0.5430850457119061,0.0,0.0,1.289605333230618
c42,n0,6.0,ne_rien_faire,1,1,6.0,partiel,0.0,0.0,0.6196543924174056,0.36614229046869046,0.5951506021155369,0.38076612131555054,0.5046649964981695,0.31134731441729824,0.3533518232788538,0.9553182977289395,0.0,0.0,-0.7993142066722746
c42,n1,10.0,ne_rien_faire,1,1,10.0,resolu,1.0,1.0,0.16904504131328998,0.40379634185420027,0.34068132190029604,0.4842902646003605,0.30298678844326316,0.1309955973492317,0.624985302821846,0.851249598614608,0.0,0.0,-0.5626198188818676
c42,n2,2.0,ne_rien_faire,1,1,2.0,resolu,1.0,2.0,0.4413770972473307,0.12843266482288,0.30629172774346686,0.9513196314808889,0.48028712262975665,0.4277413838231088,0.789627937701222,0.9749882037107557,0.0,0.0,-0.8600439597239347
c42,n3,8.0,boost_capacite,1,1,8.0,resolu,1.0,0.0,0.19708619024159058,0.22973325327959818,0.7501934372184058,0.7386906614862571,0.1389127382578861,0.5712671411521801,0.2315216857916417,0.4970428482736342,0.06576450329934143,0.06576450329934143,1.790774627913643
c42,n4,11.0,ne_rien_faire,1,1,11.0,partiel,0.0,2.0,0.08320425736267115,0.3328836722271202,0.39022108584871285,0.32085009068168946,0.23771734734690314,0.4650617344944697,0.23881610177165585,0.7291506180094581,0.0,0.0,-0.9965505649664006
c42,n5,8.0,replanifier_jalon,1,1,8.0,partiel,0.0,4.0,0.6632074896088765,0.8989277779111242,0.5721565799991843,0.1978831844809749,0.49653927376330526,0.8868438041694392,0.6875709827720983,0.16567066792538415,0.08263442177277024,0.08263442177277024,0.46124001770725576
c42,n6,3.0,boost_capacite,1,1,3.0,partiel,0.0,3.0,0.27606320849641947,0.37821882015633373,0.5673058024591727,0.4343462020711067,0.3575013490278365,0.5438521465203827,0.438840372292949,0.8051929616353267,0.053075940557296836,0.053075940557296836,-0.23666692442525972
c42,n7,0.0,ne_rien_faire,1,1,0.0,partiel,0.0,3.0,0.3670928108831447,0.5767341513504622,0.583417261742287,0.4689411939607476,0.3669633753079355,0.5670524787743555,0.569192595524141,0.44715311713032235,0.0,0.0,-0.3638474001669232
c42,n8,4.0,ne_rien_faire,1,1,4.0,resolu,1.0,2.0,0.10158799694225812,0.03231000847890317,0.5838586044659044,0.45924460359985314,0.7613223966336278,0.3791087663697994,0.5147856249110034,0.7253190369574334,0.0,0.0,0.12095073690670982
c42,n9,6.0,ne_rien_faire,1,1,6.0,partiel,0.0,3.0,0.12825894144532998,0.2208071398030348,0.6872690650440964,0.2591101750554259,0.41413030261857503,0.8924922617058773,0.35296004892916366,0.26780727437157476,0.0,0.0,-1.6797381936735292
c42,n10,16.0,ne_rien_faire,1,1,16.0,resolu,1.0,1.0,0.014319513152993363,0.4631557427635832,0.5717557062249028,0.054944143374319576,0.22971638922410192,0.3752032306572996,0.6425559840943499,0.19730695501570822,0.0,0.0,-0.031021910750312742
c42,n11,0.0,replanifier_jalon,1,1,0.0,partiel,0.0,0.0,0.28215695927728696,0.597446650223328,0.19836423861647595,0.2396708824744787,0.44233295699472164,0.486189213569081,0.1850879477008078,0.7220316696178672,0.05036857131959023,0.05036857131959023,-1.1666521228437052
c42,n12,2.0,replanifier_jalon,1,1,2.0,resolu,1.0,2.0,0.14577696629935596,0.3592446259456114,0.4268170085354189,0.7634645693649175,0.5215512177022469,0.632020176380258,0.8178193215937662,0.47564994519784215,0.19,0.19,1.1359761286326062
c42,n13,0.0,ne_rien_faire,1,1,0.0,partiel,0.0,0.0,0.6802814188362082,0.17934741987428604,0.6241023390300809,0.9427539529736372,0.22159082514852332,0.8592035281619783,0.4389762368788005,0.4417166985217784,0.0,0.0,0.8223269293664685
c42,n14,9.0,ne_rien_faire,1,1,9.0,partiel,0.0,3.0,0.24311893166121104,0.5232677939920435,0.2683962645889532,0.748112456985155,0.7666763656377193,0.27589504501307394,0.7855719954173557,0.4759362687167047,0.0,0.0,0.16111694600397986
c42,n15,14.0,revue_declaration,1,1,14.0,echec,0.0,4.0,0.27349874616274195,0.5388898892958877,0.030153317512888335,0.8501888859849982,0.22969145795317028,0.3075122678386053,0.6351478733100171,0.9510095885614505,0.09844224846172875,0.09844224846172875,1.1112045303803915
c42,n16,10.0,ne_rien_faire,1,1,10.0,partiel,0.0,3.0,0.6313613439049433,0.05909842187314899,0.49865022522626123,0.6975175884161824,0.4593183503571333,0.8145587138917231,0.8722742845450244,0.4712158334913752,0.0,0.0,2.2262020606148627
c42,n17,3.0,promouvoir_arc_secours,1,1,3.0,resolu,1.0,4.0,0.006904325545007526,0.3770726769163782,0.7198212463944357,0.5566244413016814,0.8088968660326021,0.5846342564162942,0.43767901977838386,0.8465783077573648,0.06507160887649192,0.06507160887649192,-1.6190035954444442
c42,n18,12.0,ne_rien_faire,1,1,12.0,partiel,0.0,4.0,0.1619852711762223,0.53419789837775,0.1414110755484248,0.39837649928638286,0.8378785447294755,0.44239807606212084,0.1087704330448443,0.37585300813074135,0.0,0.0,-1.0644816551141938
c42,n19,16.0,revue_declaration,1,0,16.0,en_cours,,1.0,0.2107352814750529,0.5307104904396696,0.2813706544632417,0.40496782511383556,0.6814609987425471,0.599260326262967,0.5272930873307805,0.7618446929722875,0.07101163994378579,0.07101163994378579,0.3166617884178855
c42,n20,9.0,ne_rien_faire,1,1,9.0,partiel,0.0,3.0,0.1713817017958491,0.04185989213565846,0.5768324448518871,0.727876860734425,0.2520805481986747,0.19118286263455447,0.5691211853706657,0.9166892785205263,0.0,0.0,-0.2468683723350104
c42,n21,16.0,ne_rien_faire,1,1,16.0,partiel,0.0,1.0,0.07657224480621767,0.23381413254683978,0.25320827557634046,0.6434888535798938,0.21633121804960062,0.37544998269015556,0.8920156720959992,0.7214762342866023,0.0,0.0,-0.30508971896187415
c42,n22,14.0,revue_declaration,1,1,14.0,partiel,0.0,2.0,0.35061552193803885,0.4775916305889367,0.6448611019730749,0.17382170290022259,0.410342429557183,0.4100323765483322,0.5966725664793676,0.38879653957263854,0.05249761951415173,0.05249761951415173,0.2606416471928674
c42,n23,14.0,promouvoir_arc_secours,1,1,14.0,partiel,0.0,3.0,0.17679813451041043,0.9122249971839659,0.6376515111515119,0.6722168921989989,0.7744045547716109,0.8053401967503503,0.5587606998337385,0.584444840944669,0.08604221741899593,0.08604221741899593,-0.01535116226674521
c42,n24,7.0,expedition_express,1,1,7.0,resolu,1.0,4.0,0.40314461006445246,0.4299338257263971,0.40486947365975856,0.5821385316734913,0.8455236887587708,0.4222811925082588,0.6175787248199501,0.9803410707721019,0.050825581787975416,0.050825581787975416,0.5718357416277389
c42,n25,11.0,replanifier_jalon,1,0,11.0,en_cours,,0.0,0.7641182454775968,0.6905024980562209,0.5070355370199108,0.22658062874799723,0.4214495063056749,0.34047527339469214,0.34248962056522797,0.9687653293026134,0.06948979284705413,0.06948979284705413,0.339153121292668
c42,n26,14.0,expedition_express,1,1,14.0,partiel,0.0,4.0,0.1942798850233698,0.20866480450443164,0.30994926776408155,0.4907604073776607,0.7420747949495702,0.7347889119471125,0.2913180457814184,0.929008577832695,0.050825581787975416,0.050825581787975416,-0.022185973373890472
c42,n27,14.0,ne_rien_faire,1,1,14.0,resolu,1.0,2.0,0.39998924039252504,0.4883047216607917,0.4623905794109757,0.42005259762588454,0.3472077704118637,0.2958669928075633,0.5183258795204966,0.6162051575307882,0.0,0.0,-1.3133429626229338
c42,n28,7.0,revue_declaration,1,1,7.0,resolu,1.0,1.0,0.11279868455438943,0.6304041440687079,0.5711041112859073,0.48126933696632296,0.6795187251895741,0.8400556080869883,0.11265216307509965,0.05815741837731409,0.08275544669906046,0.08275544669906046,-1.5282815554709397
c42,n29,11.0,ne_rien_faire,1,1,11.0,partiel,0.0,3.0,0.349056793790713,0.3217592783185714,0.6950907848277529,0.25352640955770034,0.8523432757433792,0.09258312280699187,0.6363954427018428,0.6492435948766767,0.0,0.0,-1.4702052515499058
c42,n30,6.0,ne_rien_faire,1,1,6.0,partiel,0.0,0.0,0.06915987469510108,0.5337478791169685,0.6726418938503402,0.08047608861333969,0.3252259242184914,0.2725616923387905,0.11740887797952441,0.8765311764739738,0.0,0.0,0.0867324144281254
c42,n31,3.0,ne_rien_faire,1,1,3.0,partiel,0.0,1.0,0.7518581768284137,0.8117866104693201,0.6267413198413714,0.3524064352828833,0.3798323229098078,0.2681492685261966,0.1299305684635185,0.3239995862886891,0.0,0.0,-0.23358605278642874
c42,n32,1.0,promouvoir_arc_secours,1,1,1.0,resolu,1.0,1.0,0.1198277783387399,0.35052992049933446,0.7403526053651474,0.0674727579474052,0.5459513900316743,0.7786286280946925,0.21988480756408013,0.9878379457315114,0.18,0.18,-0.549642433786245
c42,n33,16.0,ne_rien_faire,1,1,16.0,partiel,0.0,0.0,0.15276946185183468,0.277120602212589,0.5589943042091313,0.29755833843602797,0.47074780592866705,0.5175149496940411,0.8007226727228095,0.7534838796719684,0.0,0.0,-1.4991033278374093
c42,n34,12.0,ne_rien_faire,1,1,12.0,partiel,0.0,2.0,0.20951655968941588,0.35130396182305457,0.6321212573580368,0.19134584521334397,0.2832288981321516,0.4647784298965222,0.6873959623257596,0.9891833059834708,0.0,0.0,-0.7862275028739533
c42,n35,11.0,ne_rien_faire,1,1,11.0,resolu,1.0,1.0,0.09874460395812217,0.77841174371026,0.12322473252279594,0.6665847030226292,0.5447449809701156,0.3686710416669406,0.6541199704136642,0.16673813377914712,0.0,0.0,-0.22079886995436027
c42,n36,3.0,ne_rien_faire,1,1,3.0,echec,0.0,3.0,0.03252582330663719,0.7946655646888197,0.7657577445150716,0.715693757702359,0.3744188356410394,0.11928426340847006,0.28396887818965044,0.8952292434343948,0.0,0.0,-1.6455790062322948
c42,n37,13.0,ne_rien_faire,1,1,13.0,resolu,1.0,1.0,0.1500388402272393,0.2353467798563069,0.3228555690694783,0.3520275674155478,0.6658211235133337,0.09064616920755521,0.30333696722944364,0.8741026163410012,0.0,0.0,-0.46747534413669833
c42,n38,5.0,ne_rien_faire,1,1,5.0,resolu,1.0,3.0,0.2679629290155347,0.5192152697545287,0.6715494044887617,0.29315617414520256,0.5610917058743534,0.3421402607227755,0.5369380384838093,0.8047294127628454,0.0,0.0,-1.2847995403902461
c42,n39,12.0,ne_rien_faire,1,1,12.0,resolu,1.0,4.0,0.1390214911258171,0.25156608981137335,0.4915138863096903,0.6165592333698117,0.8881757855063875,0.10999551554000726,0.6757089049204953,0.6715113235347622,0.0,0.0,-1.7210682229607208
c42,n40,13.0,expedition_express,1,0,13.0,en_cours,,1.0,0.1361443898086632,0.6380236513354163,0.6096880337244694,0.601651982996409,0.3178257193052432,0.5084402024277681,0.4225939531211557,0.5953002272171879,0.18,0.18,-1.5491748611608134
c42,n41,12.0,ne_rien_faire,1,1,12.0,resolu,1.0,2.0,0.5817264712885021,0.4997736525432965,0.327124869082166,0.43157728781449817,0.7829037573164636,0.35238443162988736,0.6346161031450475,0.4134470620695734,0.0,0.0,0.3614290301374271
c42,n42,15.0,ne_rien_faire,1,1,15.0,resolu,1.0,2.0,0.21408105148501103,0.023309922281458388,0.6477154064890815,0.7931946276974079,0.2802423950411378,0.8315623589007226,0.4343475395157568,0.5108782941551421,0.0,0.0,-0.6069132462939066
c42,n43,13.0,ne_rien_faire,1,1,13.0,partiel,0.0,3.0,0.273394776941738,0.3599357726023758,0.5363941474317615,0.7995946004330429,0.31607688704546494,0.20150734294258132,0.3261680515425938,0.38904132187593066,0.0,0.0,-0.878760756070732
c42,n44,13.0,revue_declaration,1,0,13.0,en_cours,,4.0,0.29550279577628913,0.5034811315511144,0.5517608478913091,0.32664114189548804,0.2793095492810659,0.8127063537567986,0.30485195463126746,0.5522738699204222,0.08598823526196597,0.08598823526196597,1.30640710455425
c42,n45,17.0,ne_rien_faire,1,1,17.0,resolu,1.0,4.0,0.4833249990930053,0.05196119107211358,0.20104016171270292,0.5191171554007301,0.19641056439936086,0.28293239591766506,0.9087806685230785,0.41684580072343963,0.0,0.0,0.13694109740314642
c42,n46,4.0,ne_rien_faire,1,1,4.0,echec,0.0,2.0,0.45514712977783955,0.4161501835457018,0.35254073050783086,0.6842579764567654,0.807536779334586,0.16390317286229333,0.4532726470400179,0.8404401234959208,0.0,0.0,-0.702849170953953
c42,n47,15.0,replanifier_jalon,1,1,15.0,resolu,1.0,3.0,0.5813629619606009,0.37905070069696584,0.9558746514759406,0.5406911867997034,0.8315473566471009,0.4812077861503459,0.33941354762579706,0.9793209017620225,0.06732604454191315,0.06732604454191315,1.9238462009533968
c42,n48,12.0,ne_rien_faire,1,1,12.0,partiel,0.0,2.0,0.5822045364429445,0.25670665750155003,0.9359665889952035,0.592643975279587,0.1358629169064152,0.42262352054626673,0.6296638936118032,0.6171402875619061,0.0,0.0,1.5457705228277705
c42,n49,13.0,ne_rien_faire,1,1,13.0,partiel,0.0,0.0,0.29102463189153355,0.38918417828625335,0.681671528117624,0.16005383951322058,0.7480681129692909,0.19568953897774063,0.1584513450735039,0.7596983967405907,0.0,0.0,-0.5195809564388243
c42,n0,10.0,ne_rien_faire,1,1,10.0,partiel,0.0,4.0,0.14325888325890263,0.1353735840666111,0.5828134952708662,0.10716957845746027,0.36941329539825335,0.25949937184587885,0.6600036268152915,0.34049163848585307,0.0,0.0,-0.494885083072117
c42,n1,10.0,ne_rien_faire,1,1,10.0,partiel,0.0,2.0,0.1688210998030939,0.4511717282440952,0.8751449777895165,0.5470439841569361,0.07307582818227129,0.03664315272204149,0.14351944646805254,0.9035033279096476,0.0,0.0,-0.11854686786523971
c42,n2,17.0,promouvoir_arc_secours,1,1,17.0,partiel,0.0,1.0,0.21036975006275177,0.15594239130004667,0.7086319625948947,0.4001739374128595,0.8291479976492893,0.34892701956445593,0.5850434785005063,0.8076729687606564,0.09375668266232669,0.09375668266232669,0.1622690518382986
c42,n3,4.0,replanifier_jalon,1,1,4.0,resolu,1.0,2.0,0.13741524344850453,0.12838816067216396,0.8595217210386955,0.4062166953329643,0.5548937698383981,0.36338883588752713,0.6339657795671257,0.6115234879484859,0.19,0.19,0.6436988261492179
c42,n4,8.0,ne_rien_faire,1,1,8.0,partiel,0.0,1.0,0.2650848209314893,0.5758718916143323,0.7571253508798051,0.5415747789222112,0.5488317865618468,0.4614808261751063,0.5229092464775649,0.988747514571195,0.0,0.0,-1.3401585927510955
c42,n5,0.0,ne_rien_faire,1,1,0.0,partiel,0.0,4.0,0.12602433751432576,0.16166960696889873,0.7975359819379503,0.5515857653724541,0.7020298932857854,0.3640760476355313,0.5233637985511894,0.9749700923759146,0.0,0.0,-1.431809063685153
c42,n6,10.0,ne_rien_faire,1,1,10.0,resolu,1.0,2.0,0.17631551754484032,0.059438701548343034,0.5762804430221148,0.5542950459495153,0.7251978376675013,0.5864761730566531,0.7144916516498024,0.7544530726860537,0.0,0.0,0.0013627990873860685
c42,n7,16.0,ne_rien_faire,1,1,16.0,partiel,0.0,1.0,0.3517424370633456,0.1829664873882898,0.31171584358711646,0.8983254034194849,0.5524123955060966,0.35670456429434244,0.6727092298283424,0.847137437631121,0.0,0.0,0.6205269085622684
c42,n8,3.0,ne_rien_faire,1,1,3.0,resolu,1.0,2.0,0.8180368548391915,0.2539426717869333,0.8959066784926402,0.5466781774048867,0.8603533849120202,0.5259916094097457,0.5317657713537257,0.34955722169744385,0.0,0.0,1.0288082967483612
c42,n9,1.0,ne_rien_faire,1,1,1.0,partiel,0.0,1.0,0.4150033437700455,0.18226463941724297,0.3446816843056234,0.20007992796714377,0.6387688236164125,0.1424424532498383,0.568987352050844,0.5040162878381477,0.0,0.0,0.12136986839693857
c42,n10,12.0,replanifier_jalon,1,1,12.0,resolu,1.0,1.0,0.38284054328223294,0.10531484329545589,0.31972328718151194,0.37858413429208704,0.1892237370212517,0.34088921409539513,0.6548469091333096,0.5113371893040323,0.11280496606787029,0.11280496606787029,0.8312372881231929
c42,n11,10.0,boost_capacite,1,1,10.0,resolu,1.0,2.0,0.10524544546689907,0.43351564322166114,0.0692838324402444,0.17668432206766474,0.8643953072798676,0.5117631613810774,0.5811632058059896,0.7739703700520136,0.053075940557296836,0.053075940557296836,0.7742767951249845
c42,n12,5.0,ne_rien_faire,1,1,5.0,partiel,0.0,1.0,0.27127334388239227,0.19917531971173855,0.027114137419110774,0.27764079959140725,0.25213753379178633,0.6720415109229246,0.5646430179672282,0.6797630175971041,0.0,0.0,1.8920594058040792
c42,n13,7.0,ne_rien_faire,1,1,7.0,partiel,0.0,1.0,0.10173438887397812,0.3626842362803992,0.5485966083242207,0.6488982947111017,0.7386748673579369,0.22794975058718728,0.6950260151614369,0.7186533682693569,0.0,0.0,-0.7356251692116016
c42,n14,14.0,replanifier_jalon,1,0,14.0,en_cours,,0.0,0.3269747368905847,0.29052788551756414,0.3864954141318276,0.5332575689348997,0.6564062190509001,0.2868366578599465,0.4846769732013983,0.7858836671982078,0.11280496606787029,0.11280496606787029,-0.234538270650685
c42,n15,9.0,boost_capacite,1,1,9.0,resolu,1.0,3.0,0.38334102541368065,0.5059206665612023,0.8556474791628137,0.5616590860088939,0.6715682472104295,0.4035529368470718,0.28821087330145956,0.8476924783672517,0.053075940557296836,0.053075940557296836,0.34938015255296423
c42,n16,14.0,ne_rien_faire,1,1,14.0,resolu,1.0,0.0,0.22595164718807995,0.32311853414849584,0.6667969489055431,0.24686603773213248,0.3013756586970546,0.603995354394596,0.23011858362138385,0.5418988611835154,0.0,0.0,0.5528878959117987
c42,n17,7.0,promouvoir_arc_secours,1,1,7.0,resolu,1.0,2.0,0.1536889399593456,0.2578545672385136,0.24042395858392962,0.3235812376869523,0.6545367176159606,0.5358064751782388,0.7791113887555322,0.6668675998190969,0.06507160887649192,0.06507160887649192,1.0624600653479246
c42,n18,13.0,ne_rien_faire,1,1,13.0,resolu,1.0,0.0,0.4125088099596275,0.5674586797613453,0.18605867613772317,0.7880281653002217,0.41814605769292224,0.4078465033512429,0.6147604700428845,0.40594348596443397,0.0,0.0,-0.20767897053716122
c42,n19,10.0,replanifier_jalon,1,1,10.0,echec,0.0,2.0,0.20893522467388326,0.5873608738951553,0.8058088938535123,0.881883457741645,0.2865036142075731,0.5701668994613232,0.4965475018781649,0.9741514323651683,0.06732604454191315,0.06732604454191315,0.33418958202108207
c42,n20,5.0,expedition_express,1,1,5.0,partiel,0.0,3.0,0.31635980011151515,0.46290166571115693,0.4388713941378139,0.41807762408942944,0.7395286456417833,0.40604696095405973,0.5613307353222917,0.729973132893458,0.09287777229911215,0.09287777229911215,0.15465152582252714
c42,n21,16.0,ne_rien_faire,1,1,16.0,echec,0.0,2.0,0.2522242524299084,0.5718203064150666,0.2932046183525482,0.3651179672308258,0.445990188733204,0.3594030131912495,0.22816597557447474,0.6858876314153308,0.0,0.0,-0.9707622338404103
c42,n22,16.0,ne_rien_faire,1,1,16.0,partiel,0.0,0.0,0.4083667431154032,0.5571361656323223,0.967923117150833,0.498050720509545,0.58251127418427,0.7886498375373666,0.24398828227035252,0.1983124707562032,0.0,0.0,0.5547342115002835
c42,n23,11.0,expedition_express,1,0,11.0,en_cours,,1.0,0.04494752437326689,0.38469063254709834,0.32435788007167204,0.21684664850701227,0.39103317995892156,0.8726327518995782,0.6815964510997027,0.733433049213554,0.10748598928679363,0.10748598928679363,0.5626349409695164
c42,n24,13.0,ne_rien_faire,1,1,13.0,partiel,0.0,0.0,0.23263769122284167,0.20430889375078135,0.37185045584751986,0.4146200989669147,0.37556247159854816,0.6495586784189694,0.8232296586726914,0.8835214671351205,0.0,0.0,-0.6162470062583951
c42,n25,9.0,boost_capacite,1,1,9.0,resolu,1.0,1.0,0.21879218988540863,0.4737145877999043,0.6061757453725984,0.6014651238788817,0.5513406051566906,0.40702898788210756,0.5319237965293662,0.5373079273260485,0.06576450329934143,0.06576450329934143,0.32113405270951256
c42,n26,2.0,revue_declaration,1,1,2.0,partiel,0.0,1.0,0.026921258671256134,0.43215497782613116,0.2232022995091031,0.8267793991858857,0.5215211872740206,0.4984717996706642,0.7925061998724914,0.9222521671661101,0.19999999999999998,0.19999999999999998,-0.8336111380578118
c42,n27,7.0,promouvoir_arc_secours,1,1,7.0,partiel,0.0,2.0,0.13764936366403643,0.5485293717339013,0.3354794888475794,0.7244463256588145,0.4379128358543168,0.6053284422664973,0.7102089597471194,0.8087401266789304,0.06507160887649192,0.06507160887649192,-0.18912622729540823
c42,n28,2.0,ne_rien_faire,1,1,2.0,partiel,0.0,3.0,0.1874288018164844,0.44585677284416186,0.5999269992382128,0.16232736221618724,0.2897471350882927,0.646565157969188,0.4957591758796452,0.7587561761454392,0.0,0.0,-0.155011226186823
c42,n29,3.0,ne_rien_faire,1,1,3.0,partiel,0.0,2.0,0.7560684704036545,0.19365141480395132,0.46007184622149405,0.7260513685504496,0.09181923551263252,0.18525379653816645,0.5902836599353425,0.38789547671113905,0.0,0.0,1.5295057064661703
c42,n30,12.0,expedition_express,1,1,12.0,partiel,0.0,1.0,0.0942543807856396,0.1193981483027444,0.13957569032199119,0.13787528036970376,0.18094611259848467,0.6089753925867578,0.5459788528457044,0.5625164408087479,0.10748598928679363,0.10748598928679363,0.21659075688676915
c42,n31,17.0,ne_rien_faire,1,1,17.0,resolu,1.0,0.0,0.45308463451514563,0.18426588799510862,0.49482802141568466,0.8066081976579252,0.2800747970065201,0.0993123197618545,0.23388914394152197,0.3498088444546943,0.0,0.0,-0.9475541634951844
c42,n32,15.0,ne_rien_faire,1,1,15.0,partiel,0.0,3.0,0.13912279622741916,0.25995068565820245,0.4284440270020162,0.22993143481603334,0.46207749242046436,0.120663046355449,0.7745658007406296,0.9644613479327868,0.0,0.0,0.40933037187357224
c42,n33,15.0,ne_rien_faire,1,1,15.0,partiel,0.0,3.0,0.48496342501851974,0.3926707167469209,0.19931167597338972,0.5132207151110366,0.4795028008578482,0.17378447605784647,0.4098308473872475,0.9065268358437943,0.0,0.0,0.6240091739846998
c42,n34,5.0,boost_capacite,1,1,5.0,resolu,1.0,4.0,0.3254094778741397,0.35500575774292287,0.45140253976045097,0.751920635936262,0.5581099479188745,0.4334274657698703,0.30750743978379946,0.8326467078258226,0.053075940557296836,0.053075940557296836,1.0885066153123348
c42,n35,6.0,expedition_express,1,0,6.0,en_cours,,1.0,0.47736135140077324,0.644324496918627,0.8264240317797319,0.9082593957794188,0.8178945727039253,0.4111269233141199,0.6182154681378759,0.48677344607752676,0.18,0.18,0.4271444402517406
c42,n36,12.0,revue_declaration,1,1,12.0,echec,0.0,0.0,0.48931837743774115,0.32028783534947974,0.2259072957154656,0.37966580107829206,0.3360576246354547,0.49963133357969286,0.2006671047511881,0.7931856543642563,0.08275544669906046,0.08275544669906046,1.2039971235148155
c42,n37,6.0,ne_rien_faire,1,1,6.0,resolu,1.0,0.0,0.19439897026965197,0.5776172449414572,0.707591485577567,0.5757200242283977,0.7036476462287602,0.560861632711531,0.4200683572642553,0.18699690451006762,0.0,0.0,0.2948213272691896
c42,n38,9.0,ne_rien_faire,1,1,9.0,echec,0.0,4.0,0.39271067728916037,0.4726390907503354,0.44175850798760585,0.1258302323563867,0.29921710329677914,0.8491122861809208,0.7644437768681961,0.2872047341679068,0.0,0.0,1.4775931156989837
c42,n39,3.0,ne_rien_faire,1,1,3.0,resolu,1.0,3.0,0.21521732247373765,0.4681863017258863,0.42459405757529595,0.4880631903614701,0.4704116503380752,0.6708195273180001,0.5887985478103983,0.6084486349234935,0.0,0.0,0.02983651165483092
c42,n40,15.0,ne_rien_faire,1,1,15.0,echec,0.0,3.0,0.07176728491856767,0.47494353774430276,0.844536945203818,0.644359426433287,0.6966325113737336,0.30778304349828145,0.47250460250542475,0.9022948900021079,0.0,0.0,-0.8405043429039702
c42,n41,13.0,ne_rien_faire,1,1,13.0,resolu,1.0,3.0,0.28480676637316693,0.4741312565177367,0.03846105442577453,0.2619617852365497,0.403076385036107,0.36058659920839914,0.799499901475643,0.22454600257626017,0.0,0.0,0.7191932912580584
c42,n42,8.0,ne_rien_faire,1,1,8.0,partiel,0.0,0.0,0.2299432868117157,0.5127837100120425,0.32273225741403366,0.3209728598970818,0.14169464998225126,0.20588204338166508,0.16421487179573035,0.945703613552301,0.0,0.0,-0.6412723061901131
c42,n43,7.0,ne_rien_faire,1,1,7.0,echec,0.0,4.0,0.09454735363281092,0.35199536832732153,0.28955201964150346,0.34659492770271083,0.39732400652401156,0.7650049209331529,0.21244211254740777,0.9002192392829512,0.0,0.0,-0.39071637264256787
c42,n44,7.0,ne_rien_faire,1,1,7.0,partiel,0.0,0.0,0.04509321277828335,0.2863960658031647,0.43621259552701225,0.11699667800886983,0.5085372026438173,0.19192545948818907,0.3287223626940945,0.3185803937450455,0.0,0.0,-1.3591174790105796
c42,n45,1.0,ne_rien_faire,1,1,1.0,echec,0.0,2.0,0.5591276020866859,0.30267645226902645,0.7901828210065298,0.868491314796425,0.44395392398411154,0.3906550497803753,0.26587104137129614,0.891495946084713,0.0,0.0,-0.16063828848186393
c42,n46,4.0,ne_rien_faire,1,1,4.0,partiel,0.0,4.0,0.27000045495559166,0.3728544610407313,0.6282555020060335,0.9517163129889835,0.30437974459811623,0.6586139291492097,0.20196583649766578,0.5978541163424783,0.0,0.0,-1.3313300404882427
c42,n47,12.0,ne_rien_faire,1,1,12.0,resolu,1.0,0.0,0.03341710338427725,0.25201043895099723,0.3838953647548866,0.4172725620231948,0.29707425681112903,0.3137806299200283,0.44357818008628125,0.4567235979136503,0.0,0.0,-1.8162123861017747
c42,n48,0.0,promouvoir_arc_secours,1,1,0.0,resolu,1.0,4.0,0.2698529455754219,0.5254901552705774,0.7304507221530353,0.3798317042529913,0.8706135968239226,0.5145383507612841,0.3619213906962485,0.943159264127959,0.0847811404775453,0.0847811404775453,-0.7604494252298983
c42,n49,15.0,revue_declaration,1,1,15.0,partiel,0.0,3.0,0.19526429707062962,0.8218353486229035,0.49766701066939467,0.6800051479731346,0.2347616815642805,0.38335672972678586,0.2903305082598654,0.22184579516084563,0.05249761951415173,0.05249761951415173,-1.5869341722629202
c42,n0,11.0,replanifier_jalon,1,1,11.0,partiel,0.0,4.0,0.0895827118124559,0.051276528888229506,0.13694306608303553,0.2631180971333388,0.6448706285696965,0.7956699736121827,0.7625090858865321,0.5551455353291271,0.08263442177277024,0.08263442177277024,0.4923253018191783
c42,n1,10.0,revue_declaration,1,1,10.0,echec,0.0,4.0,0.40861163795550925,0.38440217440287916,0.5635545360925568,0.7228679334341457,0.8839519517804895,0.6374865183503123,0.9243257529395343,0.8570161478693157,0.05249761951415173,0.05249761951415173,1.3280014797516466
c42,n2,4.0,ne_rien_faire,1,1,4.0,resolu,1.0,2.0,0.11715531534532242,0.7296091226906565,0.4964538266862791,0.605065902485042,0.4506406190299095,0.47399993521707956,0.3439594152909365,0.919375539343702,0.0,0.0,-2.019499371648185
c42,n3,7.0,expedition_express,1,1,7.0,resolu,1.0,0.0,0.7294512821793223,0.6454444285535333,0.5422986420818058,0.7702345026381905,0.4273622607168481,0.35885836075134203,0.6975025155204747,0.549294821492399,0.18,0.18,1.566413294251988
c42,n4,16.0,revue_declaration,1,1,16.0,partiel,0.0,0.0,0.31615818344078167,0.22311892199396105,0.245725434041469,0.5267649122773552,0.4471013541449472,0.7959257451925809,0.2506028056986857,0.768903417769638,0.08275544669906046,0.08275544669906046,-0.9594307845421232
c42,n5,6.0,ne_rien_faire,1,1,6.0,partiel,0.0,3.0,0.42470504336668685,0.4773586200863785,0.5399005068830641,0.6959276484773682,0.41052244871540755,0.3030553285090684,0.4688001136012749,0.6603097366558016,0.0,0.0,-2.435677468689764
c42,n6,8.0,ne_rien_faire,1,1,8.0,resolu,1.0,2.0,0.3588295368136515,0.1991558189152797,0.4878730096964332,0.18499238527112696,0.793963496108684,0.3968428808568726,0.3157451869441937,0.39272366675028086,0.0,0.0,0.33209560823949846
c42,n7,0.0,replanifier_jalon,1,1,0.0,resolu,1.0,1.0,0.2036493411685291,0.7864442821358286,0.42285618632919364,0.5486204250184556,0.7124618635889373,0.7917300889302074,0.26211095105934656,0.16801508522543399,0.05036857131959023,0.05036857131959023,-0.17996039333749905
c42,n8,5.0,ne_rien_faire,1,1,5.0,partiel,0.0,0.0,0.7237600322586598,0.21379534886324628,0.9477298017740345,0.751498968652715,0.6992251015689392,0.7625845666926219,0.5573290312029083,0.11765976665156437,0.0,0.0,2.402773225919054
c42,n9,11.0,ne_rien_faire,1,1,11.0,partiel,0.0,1.0,0.23154822626689428,0.20576907331041905,0.43866582536929677,0.5036945702072859,0.19936809716896903,0.5711898798621515,0.569783501814788,0.423771808063123,0.0,0.0,-0.2734169088218771
c42,n10,14.0,boost_capacite,1,1,14.0,partiel,0.0,2.0,0.3713193351860461,0.832984906477178,0.28187372336179856,0.5428936580775754,0.9713833675102518,0.6967583157796634,0.47900092537815875,0.6991354687634923,0.053075940557296836,0.053075940557296836,0.14014938873485372
c42,n11,10.0,promouvoir_arc_secours,1,0,10.0,en_cours,,2.0,0.14401419115304104,0.555524556411041,0.5511032231375459,0.44781313915498344,0.48964981223656734,0.49657575459492814,0.2645774506015465,0.7102382369693578,0.06507160887649192,0.06507160887649192,-0.3911267228591122
c42,n12,11.0,promouvoir_arc_secours,1,1,11.0,resolu,1.0,1.0,0.22201572875198589,0.37175426497804887,0.6397498242248714,0.2047259503075662,0.15537851233546301,0.8514945653812764,0.5745100843441495,0.6992416105759717,0.11114874117773832,0.11114874117773832,2.200123338716319
c42,n13,17.0,ne_rien_faire,1,1,17.0,echec,0.0,4.0,0.4875204841853749,0.2292562617892338,0.6736360623042209,0.6456298088794966,0.4162861952006279,0.684891781389168,0.5741310134619446,0.7324167305679522,0.0,0.0,0.6144617760490396
c42,n14,12.0,ne_rien_faire,1,1,12.0,partiel,0.0,2.0,0.4652278350412133,0.7629229997084954,0.6682169537700005,0.2217447734632314,0.18299805260478905,0.6573885415739957,0.6311220280055139,0.9312782147205031,0.0,0.0,0.7856813877634345
c42,n15,17.0,ne_rien_faire,1,1,17.0,partiel,0.0,2.0,0.1910898036309346,0.157048306098092,0.6342748434963045,0.6226391119660794,0.25672477037303315,0.6596012720673236,0.3248753881142349,0.6679297506170533,0.0,0.0,0.7631063612622822
c42,n16,13.0,ne_rien_faire,1,1,13.0,partiel,0.0,0.0,0.12231390792322128,0.18809468997411083,0.30168662458755013,0.40974002238366425,0.1420041382334714,0.34075890622901844,0.3972679792669183,0.282400960848898,0.0,0.0,-0.9874859536857462
c42,n17,8.0,replanifier_jalon,1,1,8.0,partiel,0.0,4.0,0.25602776203268673,0.08793957433591416,0.38327784448184554,0.719617456831087,0.8889243245176569,0.7177520176358063,0.7019356570813075,0.33313086661697183,0.19,0.19,2.038455199762149
c42,n18,3.0,promouvoir_arc_secours,1,1,3.0,echec,0.0,3.0,0.07988993276878842,0.03566326201065806,0.22871623017038,0.24038386588649738,0.7911734449500252,0.37428366280641884,0.058991974860711414,0.9249549865568908,0.0847811404775453,0.0847811404775453,-0.461798911090758
c42,n19,13.0,revue_declaration,1,1,13.0,resolu,1.0,0.0,0.08069535782949244,0.6476548711056402,0.3411591611390955,0.7974859144340983,0.18538066630425765,0.568756196337946,0.2576379639029859,0.8235627726059996,0.07101163994378579,0.07101163994378579,-0.20629415943229656
c42,n20,1.0,ne_rien_faire,1,1,1.0,partiel,0.0,2.0,0.06336611549295063,0.6297531991399038,0.6890710201941566,0.12384490025360155,0.47081102937508373,0.6902891801218166,0.12231528557661778,0.14174214199639856,0.0,0.0,-0.7010033595920105
c42,n21,10.0,revue_declaration,1,1,10.0,echec,0.0,2.0,0.33436273766075336,0.6304282283695681,0.5832303959974293,0.6711645414634848,0.09053520004197445,0.519070367434849,0.5384590532382122,0.8130575145856767,0.05249761951415173,0.05249761951415173,1.5255666283478488
c42,n22,7.0,boost_capacite,1,1,7.0,echec,0.0,4.0,0.48997189015296716,0.3299149898838101,0.6464546197991002,0.2814194754651927,0.41273066035106437,0.49499742725945994,0.4368847128372854,0.9483422525273639,0.18,0.18,0.644843523436862
c42,n23,1.0,ne_rien_faire,1,1,1.0,resolu,1.0,1.0,0.21575885254909752,0.19092856046760745,0.7023453492310416,0.26984791600717817,0.5463623905955285,0.5880568315635469,0.170220965146414,0.9497449009392666,0.0,0.0,-1.9155099376344156
c42,n24,5.0,replanifier_jalon,1,1,5.0,resolu,1.0,0.0,0.2940045794040057,0.1554723030061708,0.18118934299167672,0.6702109775242991,0.9045736250717281,0.7904775869176301,0.5813300531602654,0.7002053038871895,0.11280496606787029,0.11280496606787029,-0.42808955637825663
c42,n25,17.0,promouvoir_arc_secours,1,1,17.0,partiel,0.0,3.0,0.5117794519945258,0.7969485244503407,0.378091056678378,0.9316281991821806,0.2641299478218692,0.3299078376990826,0.6114707739266613,0.4813902799046941,0.06507160887649192,0.06507160887649192,-0.7467412565383216
c42,n26,3.0,ne_rien_faire,1,1,3.0,resolu,1.0,0.0,0.27752406057029166,0.39267663430496774,0.41555607819707285,0.7967847671603967,0.5596376207080805,0.6669537558052924,0.7026727983768168,0.2113609837695681,0.0,0.0,-0.44630304838951473
c42,n27,8.0,replanifier_jalon,1,1,8.0,resolu,1.0,1.0,0.5164015037852147,0.26999562588021947,0.7839007312609726,0.19313558285688914,0.28443565412284666,0.6458923730123014,0.7102618193959561,0.9963882519574969,0.06948979284705413,0.06948979284705413,1.056098174578916
c42,n28,15.0,boost_capacite,1,0,15.0,en_cours,,2.0,0.24029402135869196,0.39680879187673773,0.6081671234213251,0.9687569146781111,0.8757338423730964,0.17671903326381158,0.6799926872950297,0.9247002038733833,0.18,0.18,0.7414872659887842
c42,n29,1.0,replanifier_jalon,1,1,1.0,echec,0.0,4.0,0.20342989350143234,0.5966957501403668,0.8270844730813941,0.12221312239289539,0.21530723329421278,0.31763725868271825,0.2111439879108006,0.9092821728287246,0.06732604454191315,0.06732604454191315,0.07418257474649481
c42,n30,9.0,revue_declaration,1,1,9.0,partiel,0.0,3.0,0.3482755641869708,0.32332031037417336,0.14750494544967477,0.4993911644885793,0.8870250110541296,0.3914405507373759,0.5227315999331877,0.9534529926454975,0.09844224846172875,0.09844224846172875,-0.7759283111161083
c42,n31,15.0,promouvoir_arc_secours,1,1,15.0,partiel,0.0,4.0,0.42516018701474506,0.7155372665014091,0.5413119676842552,0.3300809051666811,0.4119868373930772,0.9367364929122736,0.321806596060332,0.6741091889028197,0.08604221741899593,0.08604221741899593,1.207559822889492
c42,n32,14.0,boost_capacite,1,0,14.0,en_cours,,1.0,0.08960631048561601,0.412796254708604,0.8819295338894028,0.5088741360346237,0.6558296654253408,0.521104523649584,0.7635772043537876,0.8900790562214398,0.06576450329934143,0.06576450329934143,-0.15869445898590806
c42,n33,14.0,ne_rien_faire,1,1,14.0,echec,0.0,2.0,0.13357079488035786,0.6819325316955841,0.7270805864015691,0.07679413696517759,0.570716979616754,0.6479041886112291,0.6353209585062353,0.3254354065886142,0.0,0.0,0.07996828828087657
c42,n34,5.0,expedition_express,1,1,5.0,resolu,1.0,2.0,0.4145575866405448,0.20813318435852945,0.7985731996323839,0.6644072226401013,0.5703926082148956,0.4255811738938276,0.5023420645831129,0.9006264272471924,0.050825581787975416,0.050825581787975416,0.3965538412850059
c42,n35,15.0,promouvoir_arc_secours,1,1,15.0,echec,0.0,0.0,0.36262570284136764,0.3642115100371352,0.18030865904005555,0.4401385917355059,0.9001934861932714,0.3994056816838252,0.8156310780678123,0.7903836166002846,0.09375668266232669,0.09375668266232669,-0.03135095556820733
c42,n36,8.0,expedition_express,1,1,8.0,resolu,1.0,2.0,0.3131106786206702,0.29236979244130884,0.34012688403110514,0.7069206774909489,0.45358971270494164,0.5329752642422642,0.773551104589789,0.3220671159855354,0.09287777229911215,0.09287777229911215,-0.5231985013144894
c42,n37,11.0,ne_rien_faire,1,1,11.0,resolu,1.0,4.0,0.11729003899113481,0.42179638731059876,0.2820253660511602,0.9055644458841823,0.6754304694534827,0.24141304956644508,0.439033865174314,0.08714772827279811,0.0,0.0,-1.1868729147448158
c42,n38,2.0,expedition_express,1,1,2.0,partiel,0.0,4.0,0.39605586889859057,0.2341611151211269,0.4180589036708325,0.666065305311491,0.8304267499462584,0.5343164081605467,0.8065311899057049,0.3744876788231017,0.09287777229911215,0.09287777229911215,0.6739285197406276
c42,n39,7.0,revue_declaration,1,1,7.0,echec,0.0,3.0,0.11720822961670184,0.3736120368493042,0.959632730045895,0.7760145400742937,0.7566308475877338,0.8099613337442454,0.2679701001265845,0.7434242454347316,0.05249761951415173,0.05249761951415173,-0.01826832972931719
c42,n40,9.0,replanifier_jalon,1,1,9.0,echec,0.0,3.0,0.16889437303089622,0.6371184283017347,0.33237363207591025,0.592894402847452,0.7012098134202094,0.751310555670077,0.8973148838104744,0.6759636365758197,0.08263442177277024,0.08263442177277024,0.6081713521523828
c42,n41,1.0,ne_rien_faire,1,1,1.0,partiel,0.0,1.0,0.18900614832115095,0.21450108386844888,0.7170176204579815,0.38556036425022605,0.7831119755993362,0.17620635159848222,0.823309219337163,0.13279211073864888,0.0,0.0,0.8281015333899157
c42,n42,10.0,expedition_express,1,1,10.0,partiel,0.0,0.0,0.2454183152901465,0.18000713799179843,0.4260805750522288,0.3566558387789457,0.5630387898457098,0.5990313820521602,0.4325428031784115,0.7663818992356379,0.10748598928679363,0.10748598928679363,0.4343404376964795
c42,n43,13.0,promouvoir_arc_secours,1,1,13.0,resolu,1.0,4.0,0.571157464068523,0.3861960721556274,0.3313444186264912,0.5043148568805906,0.5385084499768968,0.7946049986338666,0.5738052530956826,0.8621314736299014,0.08604221741899593,0.08604221741899593,1.1926290035630664
c42,n44,12.0,ne_rien_faire,1,1,12.0,partiel,0.0,3.0,0.16070391059624747,0.21375341254598934,0.21992524949794617,0.7434916724438352,0.8518048079578932,0.7188792817319604,0.37648008381496406,0.7629109810511435,0.0,0.0,-1.5295321371319566
c42,n45,17.0,promouvoir_arc_secours,1,1,17.0,resolu,1.0,0.0,0.10412502466154597,0.5381672247046959,0.6014657058445967,0.514680497033306,0.6191631410752437,0.5380354849837681,0.7587696259985187,0.9157537948186683,0.07121226987735195,0.07121226987735195,0.4214464606763154
c42,n46,14.0,promouvoir_arc_secours,1,1,14.0,echec,0.0,2.0,0.22655606275096765,0.7641859229574061,0.975293871732723,0.3743905956410457,0.1973332083481751,0.45454226255872465,0.73074197468631,0.7764363750175529,0.06507160887649192,0.06507160887649192,-0.10167660619141039
c42,n47,5.0,ne_rien_faire,1,1,5.0,partiel,0.0,0.0,0.25777269558478627,0.1900183706995623,0.3825280008535031,0.20460977909451228,0.2652939101751468,0.6859473474787511,0.4550653931765178,0.9913958830454455,0.0,0.0,0.42606173248211304
c42,n48,7.0,boost_capacite,1,1,7.0,partiel,0.0,4.0,0.4289314990309964,0.46303307033164903,0.5891605485574056,0.5863852838789902,0.7484518407620436,0.43105078865084867,0.7713702085959919,0.640143714195846,0.053075940557296836,0.053075940557296836,0.028828836747305187
c42,n49,10.0,ne_rien_faire,1,1,10.0,partiel,0.0,0.0,0.06523739912020618,0.3235684958676342,0.8166801591496955,0.7922398844374994,0.5144294688451316,0.37114916989141755,0.673984892213369,0.39124930634985267,0.0,0.0,-1.0933385698811429
c42,n0,11.0,ne_rien_faire,1,1,11.0,echec,0.0,4.0,0.09266143925794218,0.6743781632743027,0.12536054196335578,0.7939662379988461,0.6422970605753715,0.6216966302695484,0.9025782580525565,0.9291608335088888,0.0,0.0,0.6262289704024546
c42,n1,7.0,replanifier_jalon,1,1,7.0,partiel,0.0,1.0,0.3012228411120111,0.29168894687378577,0.3463551461812713,0.16253503271649045,0.5761942655201063,0.6904016939952883,0.24529541831093343,0.4964451819150173,0.05036857131959023,0.05036857131959023,-0.31311903428544285
c42,n2,15.0,promouvoir_arc_secours,1,1,15.0,resolu,1.0,0.0,0.5368177455964425,0.34795780505428603,0.482035010808274,0.44927692879055436,0.6451359255447333,0.4912357336486026,0.6857274749883582,0.3809628907544293,0.09375668266232669,0.09375668266232669,0.8271322331492725
c42,n3,13.0,replanifier_jalon,1,1,13.0,partiel,0.0,2.0,0.18816553207669742,0.3136293488751365,0.6642268191446342,0.19773914676480356,0.802263919587321,0.4057999474580062,0.8410972553551049,0.8869259821180092,0.19,0.19,0.4290853368445633
c42,n4,1.0,boost_capacite,1,1,1.0,echec,0.0,1.0,0.294882406524105,0.43351915784772804,0.5628344346280176,0.5405881181027523,0.9259250599067141,0.37483156327017925,0.46120919023563467,0.8890155875542852,0.06576450329934143,0.06576450329934143,0.4937653217060294
c42,n5,17.0,ne_rien_faire,1,1,17.0,partiel,0.0,4.0,0.39917721728875066,0.6893707037879719,0.5387184449633157,0.3373145271338919,0.45885950800430475,0.24291934987883598,0.5720628442973013,0.576073276105394,0.0,0.0,-0.30810518444753093
c42,n6,17.0,ne_rien_faire,1,1,17.0,echec,0.0,1.0,0.2868821147454034,0.1051139163009727,0.669018224055994,0.5873996238383148,0.3238632041806945,0.6553560152907472,0.6300519911067317,0.9996992256235046,0.0,0.0,0.7744921532817755
c42,n7,1.0,expedition_express,1,1,1.0,resolu,1.0,4.0,0.44432541711745804,0.6498823785869247,0.748118154978657,0.27046695234363727,0.3884442990358778,0.526255891325003,0.6339738470770291,0.780564804618591,0.09287777229911215,0.09287777229911215,0.16514407603758108
c42,n8,12.0,promouvoir_arc_secours,1,1,12.0,resolu,1.0,2.0,0.09750874099458132,0.5259714812716343,0.48827109049374445,0.5038362949201786,0.6475806940533462,0.6492418034054097,0.5929304909267897,0.32758679200650864,0.08604221741899593,0.08604221741899593,0.48508404591892523
c42,n9,16.0,ne_rien_faire,1,1,16.0,echec,0.0,3.0,0.15979095763438858,0.6695045610208001,0.4384966015626608,0.4660636070082383,0.6978215045591466,0.9239761713664831,0.5895868385127843,0.67156869793309,0.0,0.0,-1.430717109007949
c42,n10,14.0,ne_rien_faire,1,1,14.0,partiel,0.0,4.0,0.3699126200695408,0.45753913691614356,0.7283337796673006,0.18945243732093878,0.344201823183524,0.3141452989657326,0.7935724262956525,0.9430864008794285,0.0,0.0,0.697746220494366
c42,n11,2.0,expedition_express,1,1,2.0,resolu,1.0,3.0,0.44739054279514273,0.2659357547200743,0.10850777351940384,0.12749958874320413,0.8177266252947849,0.7621657349680198,0.5591545583345005,0.9314522055270094,0.050825581787975416,0.050825581787975416,0.8197598808508051
c42,n12,7.0,ne_rien_faire,1,1,7.0,partiel,0.0,1.0,0.042112184441734334,0.6753755162624792,0.8924351279569681,0.6463226001731903,0.3221714326025963,0.22945231878130928,0.34375181364714835,0.7419539149225522,0.0,0.0,-1.5093104080494721
c42,n13,12.0,promouvoir_arc_secours,1,1,12.0,resolu,1.0,4.0,0.13911544513093047,0.5556345775290968,0.38602803514775436,0.8537246650490183,0.7764848541027066,0.668719283728083,0.6963930580927948,0.9815919768661764,0.0847811404775453,0.0847811404775453,0.4028252583059663
c42,n14,4.0,revue_declaration,1,1,4.0,partiel,0.0,0.0,0.08400452277302485,0.3697556320806905,0.45282119458012093,0.3900292684334385,0.3283907385184874,0.2834746620911311,0.7575651597259377,0.7516933591488859,0.07101163994378579,0.07101163994378579,0.4958598749870818
c42,n15,2.0,boost_capacite,1,1,2.0,resolu,1.0,3.0,0.21006279661568766,0.4158832547588427,0.38188958087317343,0.18813838435106592,0.17843048226747393,0.9813963823203262,0.7207720982807876,0.6614346459274036,0.09404583781437073,0.09404583781437073,0.8075490008188311
c42,n16,2.0,expedition_express,1,1,2.0,resolu,1.0,1.0,0.2027525426880336,0.2509429466060538,0.20921465199993713,0.13717654033864984,0.17638947138491595,0.3027051065087476,0.963794054999652,0.7441208141810114,0.10748598928679363,0.10748598928679363,1.8303281361171508
c42,n17,0.0,ne_rien_faire,1,1,0.0,partiel,0.0,1.0,0.10742037590701854,0.1344562033392705,0.21358938237751973,0.4839369971565428,0.4317185348455571,0.41757590240668835,0.37727150628691003,0.41865299279764223,0.0,0.0,0.09424340227058858
c42,n18,11.0,revue_declaration,1,1,11.0,partiel,0.0,4.0,0.1887136878356538,0.7098514971297973,0.3977651508021242,0.25767443530147505,0.6138662288855093,0.6807247372347852,0.02732561410100257,0.603157551395327,0.08598823526196597,0.08598823526196597,0.6463102240565517
c42,n19,2.0,ne_rien_faire,1,1,2.0,resolu,1.0,0.0,0.18095224046691763,0.624600908305661,0.7781619746796571,0.8521616710074372,0.42276413970416743,0.7738893650605421,0.336786682765714,0.49433806235397354,0.0,0.0,0.6512942095305133
c42,n20,8.0,ne_rien_faire,1,1,8.0,partiel,0.0,2.0,0.3462476877600905,0.4194958195587861,0.33258650889072056,0.09714888218804162,0.7150579607422931,0.8418813094180827,0.6117840201323922,0.853631898867588,0.0,0.0,0.42678263086363777
c42,n21,17.0,ne_rien_faire,1,1,17.0,partiel,0.0,2.0,0.12588887859452386,0.4330188403586011,0.7497026968130285,0.5387260919085911,0.33642336439164666,0.430069652156821,0.5708835420122793,0.4500556933310767,0.0,0.0,0.8848751299281186
c42,n22,5.0,ne_rien_faire,1,1,5.0,partiel,0.0,2.0,0.023661918131318516,0.6168215836530253,0.42933509775264583,0.26531515464862215,0.1930454732273678,0.4794414395082988,0.7044578872716477,0.40948158835878995,0.0,0.0,-0.15845777358953486
c42,n23,13.0,ne_rien_faire,1,1,13.0,resolu,1.0,0.0,0.038963013212444345,0.18131138733268953,0.3616585141786575,0.6541916702060894,0.10906196568465742,0.20556600039157547,0.09122320299515067,0.8782966877268606,0.0,0.0,-1.8428853819809126
c42,n24,7.0,replanifier_jalon,1,1,7.0,resolu,1.0,1.0,0.2272130686511172,0.4770098138607174,0.12414310195452993,0.48685634369289854,0.5178692090525093,0.777118493587216,0.7156841935768912,0.9753722033995367,0.11968501984040748,0.11968501984040748,2.0764281820321133
c42,n25,8.0,ne_rien_faire,1,1,8.0,echec,0.0,4.0,0.010022076736566087,0.21551587763278532,0.6077634783696232,0.709417131169408,0.24035709165473815,0.271902127921426,0.7319194881041061,0.9179705640758511,0.0,0.0,-0.0847551319817145
c42,n26,14.0,ne_rien_faire,1,1,14.0,resolu,1.0,3.0,0.4169969356112837,0.4000452103280174,0.6805072396122964,0.4122378197528167,0.08102683722446219,0.42568259104750045,0.25823361155971153,0.2486642055259233,0.0,0.0,-1.1319933406729983
c42,n27,17.0,ne_rien_faire,1,1,17.0,resolu,1.0,1.0,0.47693465324611023,0.47175763828739,0.37555385061691593,0.23937333135595115,0.5964716701481101,0.7390544260105707,0.18592827483375085,0.8191174095871318,0.0,0.0,-0.7845946528540914
c42,n28,16.0,ne_rien_faire,1,1,16.0,resolu,1.0,1.0,0.6868103450077456,0.5752898284883263,0.15687736315582335,0.07381833387317442,0.5677369821808417,0.8058632617136864,0.5461041791237763,0.48649401895177724,0.0,0.0,0.5996191844225598
c42,n29,0.0,promouvoir_arc_secours,1,1,0.0,echec,0.0,4.0,0.039347571160817024,0.50733374149805,0.19224611730945906,0.8189400403419287,0.6841976663994485,0.6394419811087023,0.08016340074261069,0.7821831087448003,0.06507160887649192,0.06507160887649192,-1.59572645945084
c42,n30,8.0,ne_rien_faire,1,1,8.0,partiel,0.0,2.0,0.2406388352751428,0.12677074796092497,0.5574824033929393,0.8235663804307348,0.4776902112627223,0.23184192776241647,0.24266141848223247,0.6172378922924469,0.0,0.0,-1.2232049184833869
c42,n31,6.0,ne_rien_faire,1,1,6.0,partiel,0.0,4.0,0.22035233634584028,0.292073994539225,0.09523782453490583,0.07623452232416167,0.7186068353099897,0.8255988712961615,0.3102139121899132,0.5750976312556051,0.0,0.0,-1.0860308589622414
c42,n32,5.0,revue_declaration,1,0,5.0,en_cours,,0.0,0.1938829072733984,0.5147581435783973,0.32013018749291994,0.2974926482700968,0.5961711789096824,0.12282945467170892,0.7393700089160123,0.9158293054230839,0.19999999999999998,0.19999999999999998,-0.3095504216498248
c42,n33,16.0,ne_rien_faire,1,1,16.0,resolu,1.0,0.0,0.3222956650397944,0.6250114918775852,0.8502560096456748,0.15047600907824007,0.18072477815962804,0.5978744660536105,0.9813925799047108,0.6645371873056443,0.0,0.0,-0.16736891649574326
c42,n34,13.0,promouvoir_arc_secours,1,1,13.0,resolu,1.0,3.0,0.8227797486255545,0.4739802574189434,0.6117248803675672,0.7353555524694014,0.4143003741265059,0.041142553769108234,0.622575138283932,0.7243314448773363,0.06507160887649192,0.06507160887649192,0.464945559448475
c42,n35,2.0,revue_declaration,1,1,2.0,resolu,1.0,3.0,0.2053272497002193,0.4581845408617248,0.4369244035318045,0.4580114468394309,0.09893552231217807,0.8824505070685951,0.8310737769664553,0.9528156389827417,0.19,0.19,0.9562712126316294
c42,n36,12.0,expedition_express,1,1,12.0,partiel,0.0,4.0,0.29806897389270093,0.6589494667548706,0.16809040499287345,0.4776349503682288,0.3199676254079485,0.10461103578752011,0.9497829999349064,0.4732364518489603,0.09287777229911215,0.09287777229911215,0.10807841628220327
c42,n37,9.0,ne_rien_faire,1,1,9.0,partiel,0.0,2.0,0.11288184445809894,0.34653794266411103,0.5491184354291234,0.45360855352628654,0.8814680583994712,0.6314963521214172,0.5369637892554461,0.19661320355772818,0.0,0.0,0.3569002086010383
c42,n38,16.0,expedition_express,1,1,16.0,echec,0.0,4.0,0.30693922391445755,0.6474576046146446,0.5413464629325567,0.229963194653001,0.23694405584520248,0.42178398108789117,0.7778618498009574,0.016791238992983324,0.09287777229911215,0.09287777229911215,-0.32485720516572536
c42,n39,0.0,ne_rien_faire,1,1,0.0,partiel,0.0,1.0,0.02683956328244429,0.35636815056014415,0.8086672515981269,0.40886742915953006,0.27584412251004226,0.08129572568232722,0.5482803867554753,0.5576047315551663,0.0,0.0,-0.3521435286408704
c42,n40,5.0,ne_rien_faire,1,1,5.0,echec,0.0,4.0,0.15464406925786875,0.33386125667202704,0.3663769098807801,0.4478243281781809,0.36350395609879005,0.6179679173200464,0.5030561845303413,0.43585586858519326,0.0,0.0,0.22719404803903406
c42,n41,9.0,revue_declaration,1,1,9.0,echec,0.0,4.0,0.36923659988644725,0.5532042119710385,0.728433858403277,0.8959360790158155,0.6610808636807076,0.24723768358740733,0.3266005792370669,0.92829361775902,0.09844224846172875,0.09844224846172875,0.355771688596433
c42,n42,3.0,ne_rien_faire,1,1,3.0,partiel,0.0,3.0,0.1592144284123299,0.13036899379281155,0.4459144967131814,0.6664612930717655,0.28541090136429614,0.38867305663780916,0.6969235742580998,0.7151092641657698,0.0,0.0,-1.098254963461784
c42,n43,9.0,ne_rien_faire,1,1,9.0,echec,0.0,2.0,0.10106936351896023,0.47447936953777053,0.8435823003385732,0.6884703396362407,0.3041898884083213,0.20121981711973524,0.7299515883832512,0.7879460168366648,0.0,0.0,-1.3430382242301997
c42,n44,3.0,ne_rien_faire,1,1,3.0,partiel,0.0,2.0,0.1329625129923013,0.6640388213167903,0.7179897859326932,0.023135775100356925,0.31115901210958286,0.8185095765786536,0.4589254659864311,0.964211073817608,0.0,0.0,-0.6341814086547826
c42,n45,5.0,replanifier_jalon,1,1,5.0,echec,0.0,0.0,0.39435958011313754,0.6950864257744028,0.8218418140606647,0.21122635478139923,0.812319332847929,0.3111309013521159,0.5693496709452414,0.8260262222389004,0.11280496606787029,0.11280496606787029,0.12065204146988831
c42,n46,12.0,revue_declaration,1,1,12.0,partiel,0.0,1.0,0.30597706528262797,0.28821501107039693,0.8622482709421276,0.4452002292652891,0.1677499434751728,0.44818559284864645,0.6071036769755103,0.3667530014852229,0.07101163994378579,0.07101163994378579,-0.7813647729991062
c42,n47,11.0,replanifier_jalon,1,0,11.0,en_cours,,1.0,0.46912898122702335,0.5519479478059054,0.3302549499191404,0.50713906929116,0.2184459077482278,0.45273257366231767,0.2518952127133324,0.8596259119354456,0.11280496606787029,0.11280496606787029,0.22623893303887052
c42,n48,13.0,revue_declaration,1,0,13.0,en_cours,,3.0,0.009920236983734737,0.19330863382247754,0.27184944421078716,0.5076454188372592,0.6801655385271037,0.6300206299002217,0.6641820490821302,0.4515797143086334,0.05249761951415173,0.05249761951415173,0.4472661090726306
c42,n49,14.0,ne_rien_faire,1,1,14.0,resolu,1.0,0.0,0.2038188043597128,0.21223572908366595,0.089495592864527,0.47979223537786925,0.3185335948373563,0.4755240618952832,0.8379347461926977,0.8382545272180976,0.0,0.0,0.3225600119354901
c42,n0,13.0,revue_declaration,1,1,13.0,resolu,1.0,2.0,0.5590125966616212,0.7529415196815242,0.6810105301330118,0.6194865397164763,0.5029313028766041,0.46089407458947934,0.4535218136201598,0.9637856029098332,0.09844224846172875,0.09844224846172875,-0.0005511370585363773
c42,n1,13.0,ne_rien_faire,1,1,13.0,echec,0.0,2.0,0.28674704590024136,0.15086502586930267,0.5203331741947649,0.6507918523666133,0.5522282799783191,0.8675211542942889,0.5087194659539279,0.9671857920881738,0.0,0.0,-0.07002278190001765
c42,n2,0.0,ne_rien_faire,1,1,0.0,resolu,1.0,4.0,0.029329106960674953,0.5123874833412617,0.3006688134478021,0.5548009112475788,0.5450527540021024,0.3810849577471638,0.726356540531911,0.13099778576267002,0.0,0.0,0.649840298725257
c42,n3,4.0,revue_declaration,1,1,4.0,partiel,0.0,1.0,0.654966175917715,0.47346852470461864,0.8853685875514529,0.5029906942080183,0.44133007054872064,0.45091327307367707,0.1419412039227723,0.6577053938936585,0.07101163994378579,0.07101163994378579,-0.21670919679620698
c42,n4,15.0,ne_rien_faire,1,1,15.0,partiel,0.0,1.0,0.13869766534630487,0.10908861472673506,0.5200589736655272,0.8980637614421534,0.7107248082602687,0.17088243042346693,0.27949817307457175,0.9294661451329383,0.0,0.0,-0.08845257132990547
c42,n5,1.0,ne_rien_faire,1,1,1.0,partiel,0.0,3.0,0.2509866188629444,0.40668640232177555,0.9182364133529098,0.6298305147009958,0.5816855238329449,0.41554114512870627,0.18133864430292002,0.4990892743154969,0.0,0.0,-1.7787916376211652
c42,n6,6.0,boost_capacite,1,1,6.0,resolu,1.0,1.0,0.21877654282352987,0.6643095283380457,0.17186297709310935,0.28847196190868807,0.12702707092945995,0.6798266983910394,0.753518680021026,0.63625394166321,0.19,0.19,-0.04494083215611033
c42,n7,10.0,ne_rien_faire,1,1,10.0,partiel,0.0,1.0,0.28018005524573764,0.20738190309043408,0.20235762475428584,0.22819363412537857,0.9169396296403164,0.12943830222875813,0.959643098251855,0.17663963885583414,0.0,0.0,-0.5708348584893983
c42,n8,14.0,ne_rien_faire,1,1,14.0,partiel,0.0,0.0,0.45158936179074516,0.24598914517623313,0.7247012523566384,0.3620727934079031,0.10865621155611108,0.40044549096216375,0.14047741908006942,0.45911516591807305,0.0,0.0,-2.1144702014146213
c42,n9,11.0,ne_rien_faire,1,1,11.0,partiel,0.0,4.0,0.2657985193121396,0.3111198827409376,0.16437667927835567,0.27144193816336526,0.9054365732030384,0.1548504276115403,0.09380201030690276,0.15171249762508834,0.0,0.0,-2.2273471501289617
c42,n10,5.0,ne_rien_faire,1,1,5.0,partiel,0.0,0.0,0.1337354735555712,0.17744203969292147,0.6521751416611307,0.8057161404594347,0.5437635973460836,0.311819140340491,0.539884981428655,0.8886420892234339,0.0,0.0,-0.015710076924232264
c42,n11,0.0,ne_rien_faire,1,1,0.0,resolu,1.0,3.0,0.04710002784268893,0.43867333905021577,0.42485903599134134,0.3999339067506475,0.15484027091036198,0.7955375977320199,0.5185838907685658,0.609525792341681,0.0,0.0,-1.343978015764426
c42,n12,16.0,ne_rien_faire,1,1,16.0,resolu,1.0,4.0,0.356504609344819,0.15393038229360165,0.5012088230649118,0.5339607857860865,0.45990034139780805,0.5150016383665319,0.7197959440345818,0.6757775733815773,0.0,0.0,0.7837603118241994
c42,n13,1.0,ne_rien_faire,1,1,1.0,echec,0.0,2.0,0.17959696827346255,0.44947576146925244,0.34708497371398195,0.16129967754089683,0.6468570411814303,0.34114212315401854,0.40966691396234994,0.8420151971812485,0.0,0.0,-0.45355074466622924
c42,n14,12.0,ne_rien_faire,1,1,12.0,resolu,1.0,0.0,0.05946150916668945,0.2460228424669921,0.3766524223408006,0.8586658445994232,0.4173742135680052,0.6343128190052715,0.5166357246626625,0.646719160440035,0.0,0.0,-0.0964946107570518
c42,n15,15.0,ne_rien_faire,1,1,15.0,resolu,1.0,4.0,0.03602921778520223,0.5734266295752075,0.4345788509283782,0.7812686398247494,0.8479391380192881,0.5077101742876732,0.31223358798578266,0.4080690348545587,0.0,0.0,-0.4428013781475965
c42,n16,10.0,ne_rien_faire,1,1,10.0,resolu,1.0,4.0,0.31986709685019954,0.33975814828088385,0.3521857917632856,0.8548790960942931,0.7284559353696008,0.13978571278951166,0.7178827383208713,0.8161562823602732,0.0,0.0,-0.22598781396531037
c42,n17,17.0,ne_rien_faire,1,1,17.0,partiel,0.0,3.0,0.4682556365013999,0.10659422929817611,0.40186653078000917,0.38506745888684674,0.3041131878008261,0.22806503390051686,0.1413074554354288,0.903604123942687,0.0,0.0,-1.1270448001096984
c42,n18,3.0,replanifier_jalon,1,1,3.0,resolu,1.0,2.0,0.013319162908374073,0.31903804144652664,0.5507228836972488,0.15653007114218706,0.6052063661532686,0.5097826314372494,0.2915368070829426,0.6631309118633307,0.19,0.19,-1.7191977929217854
c42,n19,17.0,expedition_express,1,1,17.0,partiel,0.0,2.0,0.546496240633793,0.6039591016895077,0.22061297474041183,0.33528216482678236,0.4354151780614146,0.8078513382710645,0.3612138690768809,0.9193382319825848,0.05026139694364532,0.05026139694364532,1.7394757685797757
c42,n20,3.0,ne_rien_faire,1,1,3.0,resolu,1.0,2.0,0.32481132533655166,0.7727237042494075,0.7382035888440754,0.3253681752241339,0.23348932278436774,0.6842623478180799,0.7242164236666373,0.23607247356513872,0.0,0.0,0.9802934021846217
c42,n21,5.0,ne_rien_faire,1,1,5.0,echec,0.0,0.0,0.22310687305499421,0.2054765998258782,0.354593901782276,0.27876880920449487,0.4844154845918135,0.50689088946777,0.5995308427757583,0.5213822693339422,0.0,0.0,0.7063966991307604
c42,n22,10.0,expedition_express,1,1,10.0,partiel,0.0,1.0,0.34036664013844964,0.6652954530709863,0.24433338716138636,0.1813202294973331,0.43226472874656285,0.7110889586848086,0.4340711941162035,0.9920714514931229,0.10548633434496271,0.10548633434496271,1.2408772672077637
c42,n23,12.0,ne_rien_faire,1,1,12.0,echec,0.0,0.0,0.4600367294470859,0.2892474953222442,0.7427906935648864,0.4726106992385109,0.6650716163516545,0.40494409601007775,0.6324359719587486,0.6231791220049967,0.0,0.0,-0.613494112577227
c42,n24,5.0,replanifier_jalon,1,1,5.0,resolu,1.0,0.0,0.3345440859564487,0.19097102203680286,0.801346986374057,0.16599128332006938,0.2845317515416919,0.5958574754901285,0.45227677095235186,0.9548816843164548,0.06948979284705413,0.06948979284705413,1.086316857772625
c42,n25,11.0,revue_declaration,1,1,11.0,partiel,0.0,4.0,0.5650572828598723,0.08202047981346568,0.558626031524526,0.44549476379856057,0.6167147167107172,0.5046681335701735,0.11450914725627369,0.5357419047276286,0.05249761951415173,0.05249761951415173,0.3463879080537406
c42,n26,13.0,ne_rien_faire,1,1,13.0,partiel,0.0,3.0,0.0384150347898685,0.23124281776036248,0.5989223870328386,0.25329926464748836,0.8371720917823752,0.3336127400806023,0.2215334477207714,0.4905716543815348,0.0,0.0,-0.7834341677273211
c42,n27,8.0,boost_capacite,1,1,8.0,partiel,0.0,4.0,0.4654329550736007,0.32099111758304955,0.4555382302744372,0.6905703890522206,0.3256277959965552,0.3527768928703442,0.8149979611363205,0.5094968761335814,0.053075940557296836,0.053075940557296836,1.728005006985196
c42,n28,11.0,replanifier_jalon,1,1,11.0,resolu,1.0,4.0,0.2766012330465874,0.626493576868257,0.18477115953103135,0.8243460973451789,0.6932502252501372,0.7761708297292925,0.25633192953725104,0.596117308961453,0.19,0.19,0.6475545483121178
c42,n29,16.0,replanifier_jalon,1,1,16.0,partiel,0.0,4.0,0.3325667682362945,0.2705629850167078,0.3357535417882769,0.29561309375588524,0.674245290203381,0.7169029716229487,0.7570968411310279,0.8112214056444406,0.08263442177277024,0.08263442177277024,0.2377805165038389
c42,n30,1.0,ne_rien_faire,1,1,1.0,echec,0.0,0.0,0.4662452725299974,0.1687811226998857,0.8907681750944096,0.5856011465851461,0.6337109651971783,0.5759773930278042,0.7984555409989758,0.4466676200626641,0.0,0.0,1.5841186214395493
c42,n31,10.0,revue_declaration,1,1,10.0,partiel,0.0,3.0,0.2932837640356605,0.48302604617360356,0.25237562779049905,0.6175454847648825,0.21027025713681782,0.73428563634016,0.7003009108866031,0.8783558085788095,0.08598823526196597,0.08598823526196597,1.8380763752795728
c42,n32,6.0,ne_rien_faire,1,1,6.0,echec,0.0,4.0,0.1610963976740934,0.8203258849654641,0.5799081179026347,0.49361375758475506,0.40545615996655293,0.32080430926704545,0.5301331048206456,0.5568513327466217,0.0,0.0,-0.7842139871370412
c42,n33,2.0,replanifier_jalon,1,1,2.0,resolu,1.0,1.0,0.4069276840493038,0.7421730985749592,0.47421180340504737,0.5822456604253109,0.41867839326263107,0.3913807178143779,0.3450871680490433,0.9405161994702971,0.06948979284705413,0.06948979284705413,-0.044952081834941204
c42,n34,10.0,revue_declaration,1,1,10.0,resolu,1.0,2.0,0.13111884981845692,0.7499464088252796,0.9034755208027242,0.16348496160578355,0.3693777371582727,0.7238475464614511,0.6466793549331319,0.5050744851160176,0.05249761951415173,0.05249761951415173,0.6729474369513202
c42,n35,17.0,ne_rien_faire,1,1,17.0,partiel,0.0,3.0,0.25843443108111075,0.30871293104277636,0.7136443351300996,0.5587395380586988,0.737635737473169,0.5636944970051987,0.5411882655802123,0.34783912896949093,0.0,0.0,0.7401798543286091
c42,n36,12.0,ne_rien_faire,1,1,12.0,echec,0.0,3.0,0.161947429853222,0.4934340046052143,0.46233010154275944,0.5553949160097138,0.22788330520246897,0.9377041063659133,0.5614168278910155,0.8125776396581496,0.0,0.0,0.5633110621445182
c42,n37,0.0,ne_rien_faire,1,1,0.0,partiel,0.0,4.0,0.10036131831077245,0.20168144388377596,0.15703541712622576,0.4463085446152513,0.6561044384243405,0.26058977572049113,0.1806685285901583,0.38708549139985643,0.0,0.0,-1.4777397026947463
c42,n38,15.0,ne_rien_faire,1,1,15.0,resolu,1.0,3.0,0.0688106365459646,0.37292772734434304,0.5981245589062653,0.37268475093959713,0.6045740449080864,0.714623437210139,0.5410933916081574,0.5902715311123014,0.0,0.0,-0.13326263078062806
c42,n39,3.0,ne_rien_faire,1,1,3.0,partiel,0.0,0.0,0.24197986660802814,0.2709946821946466,0.2728359602894737,0.6209419622203907,0.42513830503809147,0.5405954735083017,0.8862663783667667,0.5935344044197098,0.0,0.0,0.6916077878953029
c42,n40,6.0,ne_rien_faire,1,1,6.0,echec,0.0,1.0,0.18166763425445046,0.09098268953224467,0.9004160335705083,0.23023596900018528,0.4215625291494198,0.7639824665026923,0.5646547659405686,0.9998676620888218,0.0,0.0,0.9772088367301386
c42,n41,1.0,ne_rien_faire,1,1,1.0,resolu,1.0,1.0,0.16837731854368887,0.2637530162088758,0.07649911101331375,0.2990496452787732,0.523199737312681,0.5355641304541806,0.6588189538903757,0.633016395743916,0.0,0.0,-0.8526144705859485
c42,n42,13.0,ne_rien_faire,1,1,13.0,echec,0.0,2.0,0.18380464677007344,0.3950835650822618,0.18624795562816723,0.6524249074489031,0.620878451961196,0.08980337732914312,0.844128525572063,0.9610776480079889,0.0,0.0,-0.250470106471335
c42,n43,11.0,replanifier_jalon,1,0,11.0,en_cours,,1.0,0.30840664240240423,0.20329697400197252,0.46112148301196315,0.1591852918908125,0.45634988299148344,0.48771793235994243,0.6700664167896087,0.5287597396348767,0.05036857131959023,0.05036857131959023,0.8344770037623106
c42,n44,8.0,revue_declaration,1,1,8.0,partiel,0.0,1.0,0.4990112408664404,0.6527243165361796,0.20999305412214975,0.27634832484539074,0.08694243529567378,0.22109695584360275,0.19510514475467666,0.5625923458193309,0.07101163994378579,0.07101163994378579,0.5183863196330298
c42,n45,12.0,expedition_express,1,1,12.0,echec,0.0,1.0,0.25417542041269614,0.48426652504144285,0.8008612111430808,0.39539717984283945,0.8485583115381031,0.8433475343780744,0.8268622646865025,0.9689840893721628,0.06784087113578872,0.06784087113578872,1.618970501067468
c42,n46,15.0,boost_capacite,1,1,15.0,resolu,1.0,1.0,0.18051447276040627,0.6527247847700927,0.16756403181598098,0.1315711219472967,0.23864055716892923,0.1812533426791411,0.8254548563426358,0.7984685393628527,0.06576450329934143,0.06576450329934143,0.7897558497784672
c42,n47,7.0,ne_rien_faire,1,1,7.0,partiel,0.0,0.0,0.17847973548559098,0.17586716073273595,0.5295231853485782,0.6311267754328573,0.9047094232636538,0.4435101969045343,0.058857414274750594,0.9453378377590923,0.0,0.0,-1.513866203828555
c42,n48,15.0,ne_rien_faire,1,1,15.0,resolu,1.0,0.0,0.1609486301753747,0.6151094812483597,0.6149046788477047,0.5006773625892397,0.1396274155263049,0.44077902335135066,0.46742012639042374,0.8406139523829727,0.0,0.0,-0.7550010723522795
c42,n49,0.0,ne_rien_faire,1,1,0.0,resolu,1.0,0.0,0.09454438845037812,0.15669869948409001,0.48284759248359294,0.36645715598617973,0.370114796348905,0.5686357262049919,0.3495843851409556,0.41378789285827206,0.0,0.0,0.47461212502015215
c42,n0,14.0,ne_rien_faire,1,1,14.0,resolu,1.0,3.0,0.09593486977141968,0.7443899094663072,0.4926797811254665,0.07403081531068453,0.23537835751603026,0.8543341203941592,0.5075393890183325,0.2334424746491071,0.0,0.0,0.24647313727145495
c42,n1,0.0,expedition_express,1,1,0.0,partiel,0.0,1.0,0.13351757776811152,0.47010514959600613,0.4718960878582176,0.47665857019340274,0.5632664431597905,0.7421787437877584,0.7154822376630462,0.3211794154351911,0.10748598928679363,0.10748598928679363,1.1160245207809631
c42,n2,2.0,ne_rien_faire,1,1,2.0,partiel,0.0,0.0,0.3663830838528152,0.4470608763119356,0.6572709912850062,0.7510637866807798,0.36881073927760843,0.27211375974496776,0.6032094468479066,0.2522549652718705,0.0,0.0,-0.16248634106376886
c42,n3,14.0,boost_capacite,1,1,14.0,resolu,1.0,1.0,0.664767074462318,0.4254173971913251,0.42805501720588696,0.40561167639841156,0.35534920157955535,0.584812553673427,0.8347371925956801,0.4928543726128931,0.19,0.19,1.497299193350075
c42,n4,3.0,ne_rien_faire,1,1,3.0,partiel,0.0,4.0,0.09935184475848233,0.27846271754258467,0.45422770217640185,0.45548941439939233,0.3216283896416457,0.40212934388533295,0.6568875696165289,0.33966490957493833,0.0,0.0,-0.8121155942741997
c42,n5,0.0,revue_declaration,1,0,0.0,en_cours,,0.0,0.12630790787537574,0.46415244715526693,0.789350877638144,0.6169775927753638,0.5388908425198604,0.02069277259002337,0.5794114436926651,0.7821865517743088,0.07101163994378579,0.07101163994378579,1.0784870987449455
c42,n6,8.0,ne_rien_faire,1,1,8.0,partiel,0.0,2.0,0.21712356011589043,0.2906923006627314,0.30204824489704507,0.4705388490392298,0.07130547485288573,0.616049649541399,0.4897009856628916,0.7121397004349853,0.0,0.0,0.26332345310413263
c42,n7,17.0,ne_rien_faire,1,1,17.0,partiel,0.0,4.0,0.03933919151421405,0.34366816750288953,0.37195450642197536,0.5885812394018288,0.3680876820901993,0.23966871517997812,0.46361566381662583,0.48850127772011576,0.0,0.0,-1.2400918287190017
c42,n8,8.0,ne_rien_faire,1,1,8.0,echec,0.0,2.0,0.0778184861919388,0.3813185087784074,0.8041913359059536,0.780723939064598,0.8075652785349323,0.22649044620420838,0.3968820000173441,0.949321059848756,0.0,0.0,-1.7134847648873572
c42,n9,2.0,ne_rien_faire,1,1,2.0,resolu,1.0,3.0,0.5027243161653134,0.07198003610178151,0.5481321495042759,0.3225821476113466,0.24253963969030992,0.4310572013675448,0.41617159995122255,0.8655169548974392,0.0,0.0,-0.7989140293071111
c42,n10,15.0,revue_declaration,1,1,15.0,resolu,1.0,2.0,0.15944819259460088,0.6307365238053206,0.1916942125680602,0.6000034228947516,0.48405337550015254,0.8262614985032056,0.6972780695798899,0.9465490293879621,0.19,0.19,-0.0023839367580508197
c42,n11,15.0,revue_declaration,1,1,15.0,echec,0.0,1.0,0.21101243050559473,0.3597105783186631,0.6555380437166155,0.1931562171657045,0.36206235825354127,0.7675470706444488,0.9123113956615244,0.7830139413137546,0.08275544669906046,0.08275544669906046,2.4444393158072133
c42,n12,6.0,ne_rien_faire,1,1,6.0,resolu,1.0,4.0,0.09166387892178937,0.5708373809858783,0.885127762786306,0.44325921425859227,0.7520127689304605,0.7644384866648767,0.3247271585410929,0.7480854172463958,0.0,0.0,-1.7201998701777426
c42,n13,14.0,ne_rien_faire,1,1,14.0,echec,0.0,1.0,0.49159035153531067,0.5108225085826061,0.6071995380205066,0.39665063808029405,0.8756983432192019,0.7265777267106723,0.38472698622277185,0.7078409238133422,0.0,0.0,-0.38320668416259174
c42,n14,9.0,expedition_express,1,0,9.0,en_cours,,2.0,0.3943186342940213,0.4170572892809472,0.4175797782764065,0.3992270148234883,0.365013175000789,0.3270811052449072,0.2838015730029961,0.669856991133041,0.09287777229911215,0.09287777229911215,-1.5681315101058675
c42,n15,2.0,ne_rien_faire,1,1,2.0,partiel,0.0,4.0,0.029601898275384647,0.6416066795715815,0.6748046787088429,0.6446520106684872,0.7746884272873367,0.43982609101480513,0.32344326492468445,0.40570142997191877,0.0,0.0,-1.1522462764856234
c42,n16,16.0,ne_rien_faire,1,1,16.0,partiel,0.0,4.0,0.022523264092633288,0.8370879409441858,0.4442320608700472,0.43514029168147966,0.4740137413401674,0.4078474016484976,0.05907048774455327,0.2812390819494718,0.0,0.0,-1.1197162567996841
c42,n17,11.0,revue_declaration,1,1,11.0,echec,0.0,0.0,0.5008036736399417,0.6842028391358644,0.05617041671219634,0.39723959026270333,0.9412231922822449,0.4934584519912696,0.17691826542241426,0.29939886743966754,0.07101163994378579,0.07101163994378579,-0.7868657657541704
c42,n18,16.0,ne_rien_faire,1,1,16.0,resolu,1.0,0.0,0.383039620563219,0.2834371837802749,0.39016130891404555,0.7070145522422134,0.6953279610483918,0.2329205488137661,0.8028325330150036,0.40407046794976303,0.0,0.0,1.0469355996296286
c42,n19,3.0,expedition_express,1,1,3.0,partiel,0.0,4.0,0.13683325524791756,0.13150296514501914,0.7841642317866349,0.5881681034511212,0.6062634253924182,0.37913213165325005,0.6542398924857972,0.8685171245173275,0.09287777229911215,0.09287777229911215,-0.06718302430025251
c42,n20,7.0,replanifier_jalon,1,0,7.0,en_cours,,2.0,0.4126680076207622,0.5356894503850478,0.46707749302454254,0.3365870979645012,0.7813882263462277,0.35819318747599505,0.8917884930617485,0.56228858132156,0.19,0.19,-0.21655050193572223
c42,n21,2.0,ne_rien_faire,1,1,2.0,resolu,1.0,1.0,0.16319156076434133,0.10331920774844859,0.3628682068982974,0.5059679921693184,0.5953991514704537,0.7669041745901517,0.44043513880314955,0.8598028293309596,0.0,0.0,-0.16522750308478262
c42,n22,17.0,boost_capacite,1,0,17.0,en_cours,,0.0,0.06431710053048222,0.18009023677863123,0.7146108764494732,0.3701655731664675,0.5483647686506659,0.43796742767700403,0.8453606595222747,0.8470572990202216,0.06576450329934143,0.06576450329934143,0.3255316345401809
c42,n23,2.0,expedition_express,1,0,2.0,en_cours,,4.0,0.10463784582128574,0.5098626763355142,0.6704325550900551,0.7282856348107082,0.76394659007461,0.8684028735765826,0.8064207798025994,0.9062215440430927,0.05026139694364532,0.05026139694364532,1.6417848561903843
c42,n24,17.0,ne_rien_faire,1,1,17.0,resolu,1.0,2.0,0.23192861598735204,0.2340739079746576,0.597032054575,0.24378982323767595,0.3184637714983661,0.14892095923816775,0.47278253806374293,0.6368089122131476,0.0,0.0,-0.43667357980604726
c42,n25,12.0,ne_rien_faire,1,1,12.0,partiel,0.0,1.0,0.26965983534261057,0.5650460482680817,0.42806558497376085,0.6101305858841106,0.46990343222292874,0.5985910929605263,0.3036868118720397,0.29517459878232033,0.0,0.0,-0.1478543041613331
c42,n26,15.0,ne_rien_faire,1,1,15.0,resolu,1.0,0.0,0.0729130203333739,0.2111146211274731,0.2679830640027301,0.2604761473743507,0.4920835710923186,0.7024501615405743,0.05194633507938776,0.8572164700279418,0.0,0.0,-0.5659302069659322
c42,n27,12.0,ne_rien_faire,1,1,12.0,partiel,0.0,2.0,0.2462334864021461,0.2974845783500427,0.41190004222358495,0.4431522139118773,0.220703557913771,0.17216130007992086,0.3512367466974733,0.6650917779562582,0.0,0.0,-1.491717816095211
c42,n28,11.0,replanifier_jalon,1,1,11.0,partiel,0.0,0.0,0.29735769133504253,0.5722614989798539,0.23362333646952738,0.8341418563196363,0.2866640749305116,0.3458514274305211,0.7957531419498055,0.9566811142511494,0.06948979284705413,0.06948979284705413,0.6367987936915658
c42,n29,12.0,expedition_express,1,1,12.0,partiel,0.0,2.0,0.15354143110260485,0.2776490772303376,0.5760915861550573,0.5807793777577227,0.8531451748630365,0.6711081889620855,0.3433697313093295,0.5157230957661479,0.09287777229911215,0.09287777229911215,-0.0704782207194446
c42,n30,3.0,ne_rien_faire,1,1,3.0,resolu,1.0,0.0,0.5739821665696694,0.773065345120214,0.5958614002153619,0.30537268707671855,0.251550981131936,0.21515356294160942,0.31815357142777334,0.4406134929268967,0.0,0.0,-0.12697322321634508
c42,n31,5.0,boost_capacite,1,1,5.0,resolu,1.0,2.0,0.5631000096430359,0.3539986651377075,0.8456382917971539,0.5542975197823701,0.16038793621375189,0.49608865375616534,0.46002122360671255,0.8445663778161081,0.053075940557296836,0.053075940557296836,-0.017750581215270067
c42,n32,5.0,ne_rien_faire,1,1,5.0,partiel,0.0,1.0,0.03220678692350756,0.02858658134021972,0.15745083039489435,0.3124313852168376,0.05799908947860862,0.42612547544022733,0.3604383855999569,0.8262115039556842,0.0,0.0,-1.333828334707912
c42,n33,11.0,ne_rien_faire,1,1,11.0,partiel,0.0,2.0,0.16714197728854066,0.22473432535331053,0.3423498874564664,0.807739882815685,0.7676546080378661,0.7039255664467932,0.4241305894814414,0.46055645805771056,0.0,0.0,-1.1365245172836174
c42,n34,8.0,ne_rien_faire,1,1,8.0,echec,0.0,0.0,0.5927398410945339,0.5011031881553649,0.4717152773539522,0.587730579415065,0.08467254866055768,0.057620851989966956,0.5076869065675372,0.8185723713822367,0.0,0.0,1.389906218215208
c42,n35,11.0,revue_declaration,1,0,11.0,en_cours,,2.0,0.317420004793104,0.7306946050882691,0.42260658863673406,0.4893562913328266,0.6188352429969796,0.5768554638304727,0.5111927085488754,0.8391165399873233,0.05249761951415173,0.05249761951415173,0.17550242985989709
c42,n36,6.0,expedition_express,1,1,6.0,partiel,0.0,0.0,0.48122441674143834,0.560678159042628,0.23209813397197349,0.4565686690466383,0.21990121201576238,0.3054811491107446,0.7991719896190733,0.9975600081925327,0.06784087113578872,0.06784087113578872,0.8158424546681764
c42,n37,6.0,replanifier_jalon,1,1,6.0,resolu,1.0,1.0,0.5095681951324729,0.7275789773321316,0.5107149156919861,0.5820416684123318,0.4527944224999547,0.8155368650052854,0.3866458649950122,0.35089096176940865,0.05036857131959023,0.05036857131959023,0.7829346064412945
c42,n38,11.0,ne_rien_faire,1,1,11.0,partiel,0.0,4.0,0.33025614517852053,0.17591318051456611,0.5383546547309885,0.5343306282927122,0.7690191984702383,0.14941521916556347,0.835393368096326,0.9614829253888126,0.0,0.0,-0.024854464215059324
c42,n39,15.0,ne_rien_faire,1,1,15.0,partiel,0.0,3.0,0.27117703365698403,0.3434591413945814,0.333994141213142,0.6197689105837642,0.27076908976410397,0.513220703560212,0.4262252804379264,0.885907360638588,0.0,0.0,-1.2750186933961385
c42,n40,2.0,promouvoir_arc_secours,1,0,2.0,en_cours,,0.0,0.5246858797561156,0.04512314894008827,0.6017346760108923,0.818437714815546,0.37295585792190766,0.5609554520622169,0.4677461667142353,0.9678603708229822,0.07121226987735195,0.07121226987735195,0.3892400594744908
c42,n41,15.0,ne_rien_faire,1,1,15.0,echec,0.0,4.0,0.04332804977327155,0.634514611136087,0.5678927876078186,0.18583097901737206,0.30764503855346914,0.57484673398977,0.9363086272506789,0.47339319083785936,0.0,0.0,-0.14339976231106366
c42,n42,6.0,ne_rien_faire,1,1,6.0,resolu,1.0,0.0,0.1500151049809327,0.5812821781965585,0.48576349682453973,0.3853066819935031,0.862161137945163,0.43391394360652874,0.1449033591892118,0.4238051286641933,0.0,0.0,-2.180222108027599
c42,n43,14.0,revue_declaration,1,1,14.0,partiel,0.0,2.0,0.45108790723170455,0.028238249671060697,0.4293322611426611,0.14774764266343623,0.7187716214012327,0.3490786947796649,0.4412829404894098,0.9506637743339889,0.09844224846172875,0.09844224846172875,-0.29996756895323706
c42,n44,14.0,ne_rien_faire,1,1,14.0,resolu,1.0,2.0,0.22741208393101048,0.43823231071007146,0.8405724090692315,0.4779400168094028,0.6003855357921375,0.10931080229870917,0.5151404205339093,0.8624817954667299,0.0,0.0,-1.8539536484774466
c42,n45,11.0,replanifier_jalon,1,1,11.0,echec,0.0,1.0,0.6947097215924071,0.5045076892130217,0.8397436958160126,0.43862297930222466,0.7984604537463137,0.32878396423070866,0.5770583391423659,0.6525036564482916,0.11280496606787029,0.11280496606787029,-0.559400723121754
c42,n46,10.0,boost_capacite,1,1,10.0,partiel,0.0,2.0,0.10658042858201534,0.6589131770018948,0.48412132365634697,0.29458155316561796,0.36408973366294267,0.4977243496417908,0.11204982624049506,0.8153927427327746,0.09404583781437073,0.09404583781437073,0.1804404978198635
c42,n47,13.0,ne_rien_faire,1,1,13.0,resolu,1.0,4.0,0.20430008265093377,0.41559894439488715,0.15891955158257387,0.4916523502657705,0.7540578663678308,0.1610157322187828,0.23209999534942255,0.3891241823855705,0.0,0.0,-0.32095363245278485
c42,n48,0.0,replanifier_jalon,1,1,0.0,resolu,1.0,3.0,0.29607265177006525,0.5497718193548504,0.7177781239313378,0.7233147688834779,0.7013986860205156,0.5350848117226883,0.9161287227450913,0.7208996653933278,0.19,0.19,-0.6148847213924779
c42,n49,8.0,ne_rien_faire,1,1,8.0,resolu,1.0,1.0,0.8124033518713796,0.23721771732893351,0.7369588638631385,0.38380773154241155,0.487267571611273,0.6786272145720844,0.5452348022782709,0.4348222903201739,0.0,0.0,0.8891096970195863
c42,n0,0.0,ne_rien_faire,1,1,0.0,echec,0.0,3.0,0.109559001968946,0.5008367562510733,0.28237933251540454,0.3873278068807523,0.5209886539512302,0.1754517828618763,0.5717748184337836,0.7638909047300214,0.0,0.0,-0.5661739274088919
c42,n1,14.0,ne_rien_faire,1,1,14.0,resolu,1.0,4.0,0.5935961225968601,0.18546520656416726,0.2549073871712189,0.5356833075217775,0.4878503029211545,0.564989606174462,0.191871143447269,0.8567724809306819,0.0,0.0,-0.6897683907764537
c42,n2,3.0,ne_rien_faire,1,1,3.0,partiel,0.0,2.0,0.18281461052429454,0.15543895965192547,0.5398195172783612,0.15906893671992672,0.6975953622972026,0.8377822237096159,0.43510719525337493,0.36892074668227265,0.0,0.0,0.4105374814019099
c42,n3,1.0,ne_rien_faire,1,1,1.0,partiel,0.0,2.0,0.2424357668469691,0.5037239319984831,0.3885722199672435,0.5039511604582667,0.7141228283686248,0.2505618833964822,0.3558275083342128,0.5009081283363578,0.0,0.0,-1.3637320707314982
c42,n4,0.0,ne_rien_faire,1,1,0.0,partiel,0.0,0.0,0.08665241496332993,0.4895539465984669,0.9640227651810881,0.5815517548444029,0.4750413312801707,0.4814541768954707,0.3313471801078752,0.536277166051525,0.0,0.0,0.5094311643700973
c42,n5,12.0,ne_rien_faire,1,1,12.0,partiel,0.0,2.0,0.28965933271400307,0.38002011022773347,0.4160419400530199,0.704019888078532,0.19724674930519584,0.8006456922162728,0.7431521125985439,0.47116749859547963,0.0,0.0,0.25539305835078474
c42,n6,0.0,ne_rien_faire,1,1,0.0,resolu,1.0,0.0,0.03669351152882913,0.43111604965960554,0.2694830471829539,0.5124023452678651,0.4696286168224077,0.4274790840796788,0.8763234318366118,0.8153321181058135,0.0,0.0,-0.6877375386500082
c42,n7,16.0,promouvoir_arc_secours,1,0,16.0,en_cours,,4.0,0.19707866888220962,0.7323754574595395,0.481198107153022,0.5594455341263339,0.3836193347030915,0.6555348919144967,0.2119056435045719,0.5329739390997579,0.08604221741899593,0.08604221741899593,-0.992950762192861
c42,n8,15.0,ne_rien_faire,1,1,15.0,echec,0.0,4.0,0.11723781533288391,0.7224216770206547,0.6622089986458017,0.8999215179777781,0.47370801818446484,0.42516602645545504,0.3502201678761752,0.9497987446680886,0.0,0.0,-1.79010207149897
c42,n9,15.0,ne_rien_faire,1,1,15.0,resolu,1.0,1.0,0.28607057073501857,0.16430135214442934,0.3205221446690993,0.6112365514475985,0.3574879909865285,0.2922869901601724,0.5270715416209805,0.13525063106938173,0.0,0.0,-0.6685248130257042
c42,n10,2.0,ne_rien_faire,1,1,2.0,partiel,0.0,2.0,0.8173994301098658,0.6017598530526744,0.2378278313661441,0.5608778766239277,0.4323101361155475,0.456109873228689,0.2627091722697496,0.1679313160414202,0.0,0.0,0.93644649033545
c42,n11,16.0,ne_rien_faire,1,1,16.0,echec,0.0,0.0,0.4969626510871386,0.5778784733781044,0.6489293659754881,0.33040166028333096,0.3184136808186045,0.7436553588253806,0.49902009551715704,0.9493965814533124,0.0,0.0,-0.9797205201855893
c42,n12,7.0,ne_rien_faire,1,1,7.0,resolu,1.0,2.0,0.04342551608300708,0.7756735123911704,0.4426989603744207,0.6568349592860778,0.4727563528097672,0.5226978597025156,0.33203128418286765,0.6295279414800607,0.0,0.0,-1.1292764228740717
c42,n13,2.0,ne_rien_faire,1,1,2.0,resolu,1.0,3.0,0.20604199668556442,0.10423923204419225,0.09490689915653919,0.6150215765064215,0.5901704705225478,0.07059070605871008,0.21335519576500606,0.7741220855407753,0.0,0.0,-1.012765144877939
c42,n14,13.0,ne_rien_faire,1,1,13.0,partiel,0.0,0.0,0.23073589367299813,0.3576981809616834,0.3706294102754568,0.05527970552886036,0.6486644314179749,0.5558737069468608,0.3471353378881086,0.8928851954812038,0.0,0.0,-0.5047147696261071
c42,n15,9.0,promouvoir_arc_secours,1,1,9.0,partiel,0.0,0.0,0.04520413979344425,0.49173624549746053,0.3330069765471259,0.5795969975699091,0.19814231724165154,0.910363401382357,0.42688318886008103,0.32986794344134873,0.11114874117773832,0.11114874117773832,0.6718190391836074
c42,n16,17.0,ne_rien_faire,1,1,17.0,resolu,1.0,2.0,0.130516437695751,0.30325431278466763,0.24150253196777505,0.37217354798580904,0.30893709065038194,0.5678332788956161,0.34060274446987143,0.5526835750604759,0.0,0.0,-1.2665216121497194
c42,n17,15.0,ne_rien_faire,1,1,15.0,resolu,1.0,4.0,0.3301956108480128,0.6473593022150865,0.05786490268312003,0.2469441076128198,0.9538567022024746,0.6226005692641118,0.6389620769074873,0.1526552030754362,0.0,0.0,0.3850235467093057
c42,n18,0.0,expedition_express,1,1,0.0,resolu,1.0,1.0,0.022744055722522773,0.7284506801805162,0.30747023721802863,0.19809409101862618,0.1460387175372281,0.6561028104406574,0.6147302831311342,0.6494604115519306,0.10748598928679363,0.10748598928679363,-0.3940006051136633
c42,n19,5.0,revue_declaration,1,1,5.0,echec,0.0,4.0,0.3984926467827873,0.7529557869105918,0.8422731726327677,0.05959055315631205,0.6206887600309707,0.21148668329169548,0.2105108568948729,0.8737199739845528,0.05249761951415173,0.05249761951415173,0.4272161475162283
c42,n20,2.0,ne_rien_faire,1,1,2.0,echec,0.0,2.0,0.6713593930766958,0.6584356112865345,0.24410678686952034,0.422656374571373,0.34265235704926345,0.30697130404780004,0.6811370343882001,0.7653030315192433,0.0,0.0,0.9678710924300832
c42,n21,6.0,revue_declaration,1,1,6.0,resolu,1.0,4.0,0.3054190632844893,0.4934308137193959,0.5561427028977635,0.3031808503223947,0.6349167694619184,0.745657805353611,0.383236842766763,0.9572706863766974,0.19,0.19,-0.492725420343767
c42,n22,1.0,ne_rien_faire,1,1,1.0,partiel,0.0,0.0,0.3101366313286885,0.4287330281962451,0.42695484454130816,0.7110325186606603,0.5970923072743474,0.050111600474467256,0.9308045901467965,0.6038118472148339,0.0,0.0,-0.2940587166436484
c42,n23,13.0,ne_rien_faire,1,1,13.0,resolu,1.0,4.0,0.2971755159102132,0.4450224017618746,0.2847611100286296,0.23127912614086993,0.3351391651451446,0.4709768299740737,0.7886161349254868,0.6093142269524746,0.0,0.0,-0.361909160826106
c42,n24,6.0,promouvoir_arc_secours,1,0,6.0,en_cours,,2.0,0.23148873181417973,0.46436224756295225,0.6336139812813807,0.40186073439945735,0.1818896221220165,0.5388987641522568,0.8253206538613732,0.9182352206651111,0.0847811404775453,0.0847811404775453,1.9782769009406935
c42,n25,17.0,ne_rien_faire,1,1,17.0,partiel,0.0,1.0,0.2607336467605681,0.5917447732820973,0.7999151409910404,0.2598548891392993,0.8366435952318155,0.24327431027548801,0.24424264535985793,0.6406966872697498,0.0,0.0,-1.8363876714767666
c42,n26,7.0,promouvoir_arc_secours,1,1,7.0,echec,0.0,0.0,0.058549069740530445,0.7043087885480668,0.21487406245981244,0.8761726190151385,0.6764011756577974,0.33589929508712024,0.41768809376702193,0.9142023810876552,0.07121226987735195,0.07121226987735195,0.2773720855493895
c42,n27,6.0,revue_declaration,1,1,6.0,resolu,1.0,1.0,0.27259361159249895,0.5387245245293997,0.19001419239041198,0.871969334075568,0.20334099669819267,0.5665220161349358,0.17294713595787506,0.6870147856380138,0.07101163994378579,0.07101163994378579,-0.9046840586222722
c42,n28,5.0,promouvoir_arc_secours,1,1,5.0,resolu,1.0,4.0,0.08333320334509595,0.550248039165034,0.08204262789483514,0.1835556204254925,0.3041964699203736,0.26392072227244584,0.49523453345693375,0.6732966035184181,0.06507160887649192,0.06507160887649192,-1.332522099004644
c42,n29,11.0,revue_declaration,1,1,11.0,echec,0.0,2.0,0.24966281278885682,0.7141832891782217,0.19181963657237638,0.6291982041260614,0.5371864508559471,0.40210244620972063,0.18431805226497136,0.5593780532598556,0.05249761951415173,0.05249761951415173,1.1539708202058074
c42,n30,7.0,revue_declaration,1,1,7.0,echec,0.0,3.0,0.4598237186875846,0.15845432633585313,0.31228852903135373,0.2908316489020053,0.8210138646412368,0.33608241538156014,0.28375728553586316,0.8964099730450298,0.05249761951415173,0.05249761951415173,0.5102038103877131
c42,n31,17.0,expedition_express,1,1,17.0,echec,0.0,2.0,0.2554748858962934,0.5891321677793211,0.14636097240516907,0.5118721366504166,0.9024809276959787,0.9330417667653564,0.09821724715781467,0.9003679464277804,0.05026139694364532,0.05026139694364532,-0.34289479768663433
c42,n32,14.0,expedition_express,1,1,14.0,resolu,1.0,2.0,0.0614013416499522,0.6711766191755345,0.11944542094057273,0.665106889329913,0.6809764193545278,0.9056213630801564,0.26824167884269795,0.701749312172033,0.19999999999999998,0.19999999999999998,-0.3675150022700242
c42,n33,15.0,ne_rien_faire,1,1,15.0,echec,0.0,1.0,0.09291103050845946,0.3031447529864601,0.5686497004238237,0.389571271064925,0.6138491894254391,0.7825539780471095,0.3528191488383158,0.9737968144771781,0.0,0.0,-1.3548682885867107
c42,n34,6.0,ne_rien_faire,1,1,6.0,echec,0.0,4.0,0.04044049735926029,0.6811168567890523,0.1477183993239334,0.7787802514065996,0.272697243083018,0.6183653852472687,0.7388064621201132,0.3079780204828531,0.0,0.0,-0.0526452066218383
c42,n35,14.0,ne_rien_faire,1,1,14.0,resolu,1.0,4.0,0.27051289652622834,0.39742652072735024,0.6474975904315675,0.4148343498355188,0.7501972065190333,0.594964835738793,0.4889978868001886,0.7730932651101036,0.0,0.0,0.10314436419872738
c42,n36,14.0,ne_rien_faire,1,1,14.0,partiel,0.0,2.0,0.3025290146825256,0.16976641256709102,0.1867580077748231,0.43786276516694406,0.254266217688189,0.6628850022530758,0.2801825086645685,0.6923864294551051,0.0,0.0,-0.4533937954665055
c42,n37,9.0,boost_capacite,1,1,9.0,partiel,0.0,2.0,0.02407266074914665,0.14485192938695873,0.9367134712011109,0.19645655982608165,0.16983882624161417,0.42747913027856066,0.8964972943695007,0.7625048356708045,0.053075940557296836,0.053075940557296836,1.618223974250284
c42,n38,0.0,replanifier_jalon,1,1,0.0,resolu,1.0,4.0,0.38592846145776183,0.6216492595604606,0.6677790955103178,0.4185152603132592,0.7663220585089106,0.32467162793768584,0.4568630951805764,0.5166010793941695,0.19,0.19,0.3236225403776174
c42,n39,9.0,replanifier_jalon,1,1,9.0,partiel,0.0,0.0,0.036574200498039756,0.20001757132130005,0.7753331668486324,0.4884700637473042,0.8132173720240159,0.6107467696678771,0.6582128105164142,0.8773750508525927,0.11280496606787029,0.11280496606787029,0.09014515044319087
c42,n40,1.0,ne_rien_faire,1,1,1.0,resolu,1.0,0.0,0.032926381952095296,0.32218818834020574,0.7147609974300593,0.49461960335093186,0.38159027175347576,0.37127468478637843,0.24649844439035473,0.948017236109602,0.0,0.0,-0.08004853849180016
c42,n41,6.0,replanifier_jalon,1,1,6.0,resolu,1.0,1.0,0.5243789325633346,0.347257496702476,0.5183996366198461,0.5142358958066864,0.28155338767245663,0.7719938878798975,0.6258581316948009,0.8272657172037575,0.05036857131959023,0.05036857131959023,1.5706537570969514
c42,n42,16.0,ne_rien_faire,1,1,16.0,echec,0.0,1.0,0.16355946345531133,0.10911255510038004,0.3814991500662951,0.938378563943173,0.15706542453066538,0.15950575983466667,0.46480214404081316,0.4296223177451476,0.0,0.0,-0.30634497940090716
c42,n43,5.0,replanifier_jalon,1,1,5.0,echec,0.0,2.0,0.058814440081705555,0.6362500623174321,0.6906615025104267,0.548527074630216,0.764770934715806,0.5871498198411054,0.6799919725128467,0.9428088452601233,0.06732604454191315,0.06732604454191315,-0.536057028847076
c42,n44,6.0,ne_rien_faire,1,1,6.0,resolu,1.0,4.0,0.08480488880867383,0.33375138123517123,0.4229838082072654,0.5058329226079307,0.2488668525482276,0.5371820849988019,0.44257041373914374,0.4523659810001337,0.0,0.0,-1.2207211552140629
c42,n45,16.0,ne_rien_faire,1,1,16.0,echec,0.0,3.0,0.1579443013689548,0.6992845968659877,0.76408781308648,0.8946052838029999,0.6803596300133774,0.36369130154348545,0.3209372093718581,0.6380014168125034,0.0,0.0,-1.2159891143403971
c42,n46,4.0,replanifier_jalon,1,0,4.0,en_cours,,1.0,0.45692890536213737,0.3263154193817539,0.6951546859709339,0.4703991053829149,0.8693405310774713,0.20952913661226208,0.9471650780801222,0.6484948666995948,0.11280496606787029,0.11280496606787029,0.521033582805173
c42,n47,4.0,ne_rien_faire,1,1,4.0,partiel,0.0,2.0,0.01020603622637731,0.04808996243632441,0.48670444039617344,0.4615600097720805,0.6354296314474684,0.8407567220621482,0.6311097372310892,0.26236171340973574,0.0,0.0,0.6013170707315769
c42,n48,8.0,revue_declaration,1,1,8.0,partiel,0.0,3.0,0.23223573564935152,0.3759460601021665,0.5908274161141908,0.3104567669259219,0.8931566192674142,0.41237492431903244,0.8711681081815844,0.4318318323421082,0.05249761951415173,0.05249761951415173,0.9139577839376508
c42,n49,17.0,ne_rien_faire,1,1,17.0,echec,0.0,1.0,0.10178392735247069,0.7011256381514919,0.5518056758528478,0.3899740690763215,0.3695440889952555,0.3612958797869132,0.08695633471047401,0.21270289151856808,0.0,0.0,-0.7872295625391192
c42,n0,6.0,expedition_express,1,1,6.0,partiel,0.0,2.0,0.33360069960995603,0.3109516975659885,0.46762092512926373,0.7734657725264608,0.44669867991404044,0.6476475332639651,0.27750302215824757,0.9338586796399286,0.050825581787975416,0.050825581787975416,-0.22095831601986432
c42,n1,12.0,boost_capacite,1,1,12.0,partiel,0.0,3.0,0.12441859030681622,0.6606719769326125,0.7244676794781015,0.5813639722880932,0.4238448224468827,0.7400165858622397,0.5541914287448753,0.8012319707411243,0.09404583781437073,0.09404583781437073,0.7521754378343741
c42,n2,12.0,promouvoir_arc_secours,1,1,12.0,resolu,1.0,1.0,0.24737361187484844,0.25787756288669494,0.6412195976126199,0.6406607837067541,0.06440984484774291,0.237263761554692,0.35731434983849975,0.5967588959916752,0.09375668266232669,0.09375668266232669,-0.9843054210481825
c42,n3,17.0,replanifier_jalon,1,1,17.0,echec,0.0,1.0,0.3294860698275742,0.3701841002515646,0.6818247759235548,0.5252784666058872,0.6255522018845358,0.7730900587376299,0.608919449515158,0.9467701027559758,0.11968501984040748,0.11968501984040748,1.7407123919824872
c42,n4,6.0,ne_rien_faire,1,1,6.0,partiel,0.0,2.0,0.02609023500806863,0.15795050964702964,0.31359185129900585,0.4664832460112077,0.3167025902458024,0.9273967680722115,0.14276463889834926,0.99240076290563,0.0,0.0,-1.149056519869899
c42,n5,12.0,ne_rien_faire,1,1,12.0,resolu,1.0,2.0,0.427833418200899,0.23373829074133395,0.845424302870201,0.6022474905775161,0.6423880688327667,0.4805205682662558,0.1067417307181236,0.361564394016584,0.0,0.0,0.012730210054153202
c42,n6,10.0,ne_rien_faire,1,1,10.0,resolu,1.0,2.0,0.2122764297155775,0.1777892865919016,0.4331435958397325,0.40081839722306584,0.6014993806091572,0.5586546471699578,0.557825264220574,0.9655845892323675,0.0,0.0,-0.6150824197812622
c42,n7,6.0,ne_rien_faire,1,1,6.0,echec,0.0,4.0,0.21658471217392747,0.5475612838878201,0.8800420301126932,0.3081807765328239,0.07020211369770749,0.9464743308463072,0.6431891028041329,0.4645610732860378,0.0,0.0,-0.22412280999781475
c42,n8,16.0,promouvoir_arc_secours,1,1,16.0,resolu,1.0,1.0,0.06180760000773897,0.41261523905402314,0.5356799923678714,0.77120337274154,0.9019393615770027,0.4614449899572993,0.37154289966957466,0.6648573596848387,0.09375668266232669,0.09375668266232669,0.8254242104800774
c42,n9,7.0,promouvoir_arc_secours,1,1,7.0,echec,0.0,3.0,0.3023997125433855,0.057065927316939956,0.559743612310534,0.4584040721829721,0.8693141850487195,0.761550409732178,0.7946614276826414,0.8105766090633523,0.06507160887649192,0.06507160887649192,1.5920653493404724
c42,n10,11.0,boost_capacite,1,1,11.0,partiel,0.0,4.0,0.13865823760003734,0.4068817057091666,0.48277739509082923,0.8405685458165232,0.6401788193555852,0.14791096131383302,0.7182005105411893,0.8736486606868255,0.053075940557296836,0.053075940557296836,0.04661460759274108
c42,n11,3.0,ne_rien_faire,1,1,3.0,partiel,0.0,1.0,0.34758944322436824,0.19548857157035174,0.3582398736877069,0.6420653688101281,0.4963610507982715,0.06841299227639153,0.42926805246772715,0.21272139415756955,0.0,0.0,0.8341159367710914
c42,n12,3.0,ne_rien_faire,1,1,3.0,partiel,0.0,1.0,0.3793618542920618,0.482803511418896,0.2087714907057088,0.854033295163612,0.5478143926308293,0.8095541424469296,0.7143964936012859,0.7746048434045281,0.0,0.0,1.9787424398385216
c42,n13,14.0,expedition_express,1,0,14.0,en_cours,,3.0,0.4212884704852445,0.5048614324163323,0.6333199640204474,0.6051469931895891,0.4152490828653629,0.4912274933099095,0.8318403998192252,0.6304745110284479,0.09287777229911215,0.09287777229911215,1.9401138093495671
c42,n14,0.0,ne_rien_faire,1,1,0.0,partiel,0.0,3.0,0.5017473184539786,0.2802119336702333,0.5443691332795006,0.40521922547921696,0.3801801770818157,0.10739135114809299,0.7007221830915248,0.3874687561733114,0.0,0.0,-1.189056470654751
c42,n15,15.0,ne_rien_faire,1,1,15.0,resolu,1.0,0.0,0.2750897516677394,0.4380929132768456,0.521221689089004,0.4030990659633408,0.6705766966687382,0.4964336332543865,0.4108527623012439,0.05217997489442632,0.0,0.0,-0.7229442879080791
c42,n16,8.0,ne_rien_faire,1,1,8.0,partiel,0.0,0.0,0.21770172895441592,0.46232273980741884,0.40553441493009373,0.39049606709622653,0.6665376948645795,0.5979704665183281,0.40808066882273586,0.841082884465913,0.0,0.0,-1.5175626532283133
c42,n17,11.0,boost_capacite,1,1,11.0,partiel,0.0,4.0,0.2548130690339035,0.3674591787634572,0.12395641174303491,0.34692566185910756,0.3824334205474723,0.6850425519356759,0.7556348566342179,0.39254259223419374,0.09404583781437073,0.09404583781437073,0.0389181842871148
c42,n18,13.0,ne_rien_faire,1,1,13.0,resolu,1.0,3.0,0.009898301375254513,0.41862470144385555,0.5803182843184426,0.6887100856145999,0.5967272300339433,0.8864347764625913,0.5891358375260272,0.3852494809626042,0.0,0.0,0.5001488950091281
c42,n19,15.0,ne_rien_faire,1,1,15.0,partiel,0.0,1.0,0.02295286340589018,0.405432466272136,0.21944342986261828,0.5264499177840091,0.5804017770902804,0.6055351426821449,0.48679071486982645,0.7277470437582021,0.0,0.0,-0.3304347455944134
c42,n20,13.0,ne_rien_faire,1,1,13.0,echec,0.0,2.0,0.32144552044463587,0.4923837381671788,0.518466601156062,0.7562857666544544,0.19261284013903013,0.4148891970271297,0.4798397931561182,0.8199289548917742,0.0,0.0,-0.498641690749418
c42,n21,7.0,revue_declaration,1,1,7.0,resolu,1.0,1.0,0.0702760708752996,0.6025735094084754,0.7188837358480785,0.7563550293483499,0.651316718026632,0.8774753664924463,0.4072723286117484,0.653319591457127,0.08275544669906046,0.08275544669906046,0.23372376752722882
c42,n22,2.0,replanifier_jalon,1,1,2.0,resolu,1.0,4.0,0.23505327844556903,0.33352789713297304,0.7968826300717262,0.5621323057717587,0.6514145748562388,0.3772418018427298,0.500015706025141,0.34310440917652324,0.19,0.19,0.33654527508649723
c42,n23,2.0,promouvoir_arc_secours,1,1,2.0,resolu,1.0,3.0,0.4041528156643529,0.48584108782432167,0.4696234307990073,0.3232385719367674,0.6703697082919443,0.09132993767352589,0.34355197365335627,0.31337595077299557,0.06507160887649192,0.06507160887649192,-1.212507589495853
c42,n24,15.0,ne_rien_faire,1,1,15.0,resolu,1.0,4.0,0.49048449228924257,0.2575132467236629,0.4607510308625306,0.7232692887152872,0.2832887495866615,0.12576951958881863,0.604139008195539,0.4963811105384177,0.0,0.0,-0.9853851113570375
c42,n25,3.0,replanifier_jalon,1,1,3.0,echec,0.0,2.0,0.5434627876206903,0.43858932281842533,0.3238914945521437,0.5362624720154521,0.7281023606496007,0.6881199138300902,0.8462819820281915,0.9579105537008142,0.06732604454191315,0.06732604454191315,1.6239450799321629
c42,n26,4.0,boost_capacite,1,1,4.0,resolu,1.0,3.0,0.10808189507242594,0.5611408226235041,0.9141556109191972,0.8585286916633659,0.19339822864223055,0.7874591651427483,0.566593878805632,0.6567302547290235,0.053075940557296836,0.053075940557296836,0.8238188472978946
c42,n27,12.0,promouvoir_arc_secours,1,1,12.0,resolu,1.0,0.0,0.39884471744433747,0.5430029002914474,0.33401489417337554,0.9044743296651171,0.35386230819746634,0.3104373537811134,0.5340808805777575,0.6736057877808149,0.09375668266232669,0.09375668266232669,-0.7767801314755887
c42,n28,4.0,ne_rien_faire,1,1,4.0,resolu,1.0,4.0,0.2721937117525955,0.35284148241020924,0.45698535250349165,0.19877158343147067,0.5733735471549208,0.915387744772664,0.1495439902214626,0.09115944139973382,0.0,0.0,-0.9155293439705541
c42,n29,17.0,ne_rien_faire,1,1,17.0,resolu,1.0,1.0,0.08972312910413885,0.11336103134245851,0.4541084207402647,0.20057001250033915,0.5222794503711183,0.3268156181342825,0.8716306273184757,0.3500124677763147,0.0,0.0,0.4736835589383894
c42,n30,1.0,replanifier_jalon,1,0,1.0,en_cours,,0.0,0.028584175338246087,0.42629562066743215,0.6010007163794099,0.7401906834867852,0.5089619091156395,0.20454481654315207,0.7563892863272296,0.8474487416817434,0.11280496606787029,0.11280496606787029,0.7375654774795715
c42,n31,14.0,revue_declaration,1,1,14.0,echec,0.0,0.0,0.016816362556893585,0.5376799835750202,0.24469733856649675,0.7555458892757967,0.6037437553948863,0.48057263590571514,0.2295013361184029,0.6932278072986331,0.07101163994378579,0.07101163994378579,-1.4059549094874622
c42,n32,11.0,expedition_express,1,1,11.0,resolu,1.0,0.0,0.16775810521779386,0.2518880433092653,0.6143222964066327,0.6721007981592264,0.49424187443240014,0.5753610520272222,0.5777877598933576,0.889102944032987,0.18,0.18,-1.4401946632349787
c42,n33,2.0,ne_rien_faire,1,1,2.0,partiel,0.0,2.0,0.4021938302712881,0.688618433081299,0.3769920566289023,0.4109300411113183,0.4515651815595486,0.1728503932239662,0.1886683654639641,0.46094621496503757,0.0,0.0,-0.20090192711414534
c42,n34,3.0,ne_rien_faire,1,1,3.0,partiel,0.0,1.0,0.05059302721150357,0.38806625238164527,0.48550480159448434,0.4651916695103367,0.676530788172633,0.38449121579614265,0.4870630410561168,0.6096365484334407,0.0,0.0,0.22089732050869804
c42,n35,1.0,boost_capacite,1,0,1.0,en_cours,,2.0,0.13359473870584584,0.04421395067399794,0.5849474576209955,0.13560599288317374,0.2522161227917183,0.21019955191187292,0.2597754482961709,0.958064450278219,0.18,0.18,0.2715642768507698
c42,n36,6.0,replanifier_jalon,1,1,6.0,resolu,1.0,4.0,0.02356136172086367,0.5643261051724228,0.3597863909033677,0.721400839241055,0.8750248026452422,0.7477269622148925,0.9060683662695965,0.6041648338130758,0.19,0.19,2.039857780590388
c42,n37,12.0,ne_rien_faire,1,1,12.0,resolu,1.0,2.0,0.16656306027170525,0.03651471321633668,0.24631045290504638,0.4612636344186846,0.5977111943577321,0.6775900015989834,0.7646916288281574,0.7383901728902517,0.0,0.0,-0.0561361546945367
c42,n38,1.0,expedition_express,1,1,1.0,resolu,1.0,4.0,0.1558173554113444,0.46641400578701947,0.6322854537629847,0.6991553293160573,0.7277624884409658,0.7420916116735417,0.47544345590109466,0.4289825444419459,0.19999999999999998,0.19999999999999998,0.33732369798418477
c42,n39,1.0,replanifier_jalon,1,1,1.0,partiel,0.0,0.0,0.22086452379762114,0.5480113665464352,0.37449026955481124,0.9505949618031972,0.6204398999430557,0.48269128133995376,0.8041756320656592,0.17514847086491342,0.11280496606787029,0.11280496606787029,0.46382150506287195
c42,n40,17.0,ne_rien_faire,1,1,17.0,partiel,0.0,4.0,0.5334426491356787,0.046526654512348393,0.32207665166379407,0.6527379334468172,0.2446618633762285,0.879235545491461,0.40997930517327524,0.30310875337742343,0.0,0.0,0.023170297463185996
c42,n41,4.0,promouvoir_arc_secours,1,1,4.0,resolu,1.0,4.0,0.05587836570628014,0.36687529706453276,0.6037152997961098,0.5973359847894661,0.6195709843563388,0.2759937959717338,0.46409539070514705,0.9433311873720123,0.0847811404775453,0.0847811404775453,-1.3373162132544811
c42,n42,9.0,ne_rien_faire,1,1,9.0,partiel,0.0,3.0,0.050214203098789635,0.520557977952741,0.9002555181055493,0.2092934406175729,0.4205758607612591,0.9516308778981267,0.3732350831409653,0.9176116612087031,0.0,0.0,0.2157186591557278
c42,n43,14.0,expedition_express,1,1,14.0,partiel,0.0,4.0,0.012048503021213295,0.22450234353459372,0.29139455996789004,0.26323464510775396,0.6481014602066337,0.7983770988014984,0.7362750539071645,0.5330115520089218,0.19999999999999998,0.19999999999999998,0.8935786621717489
c42,n44,13.0,ne_rien_faire,1,1,13.0,resolu,1.0,1.0,0.38231924896547076,0.18265389118004724,0.0265936707144456,0.554977090835836,0.27766167460487123,0.09576436989816937,0.8992884447203318,0.7994223223151912,0.0,0.0,-0.21940457857327372
c42,n45,14.0,ne_rien_faire,1,1,14.0,partiel,0.0,3.0,0.008190661650471193,0.28362306045171365,0.4671669333158069,0.5365595511550464,0.1547169407473386,0.3551319530872612,0.3166241676634707,0.45725823165847646,0.0,0.0,-1.3150297756288567
c42,n46,4.0,ne_rien_faire,1,1,4.0,partiel,0.0,4.0,0.13793488706983578,0.3049603232854574,0.5524704791953994,0.5235829284067866,0.2950704696058646,0.4219925225462223,0.45410745592600055,0.6050908649905066,0.0,0.0,-0.4496114045019235
c42,n47,2.0,expedition_express,1,0,2.0,en_cours,,4.0,0.07470381299307387,0.4261101568613731,0.30421850763145947,0.48145103723724925,0.4528625649436439,0.6821304114475439,0.5424822817386802,0.9741606184181667,0.05026139694364532,0.05026139694364532,0.8118268788523427
c42,n48,15.0,ne_rien_faire,1,1,15.0,partiel,0.0,4.0,0.2987882369433071,0.09923775373570282,0.39378599647128476,0.272063531878956,0.886976142222546,0.8218800425027786,0.21412734515005638,0.18644814457271058,0.0,0.0,0.1844578738290259
c42,n49,6.0,revue_declaration,1,1,6.0,echec,0.0,0.0,0.6598488787525819,0.589563324653002,0.09308309913752683,0.48316520921122724,0.6401797932436072,0.2701175899011804,0.4363226814866734,0.8745359791464908,0.07101163994378579,0.07101163994378579,0.7645643511133451
c42,n0,4.0,boost_capacite,1,1,4.0,echec,0.0,1.0,0.07850639206415985,0.35459745637223106,0.2660450449220595,0.3178601615118848,0.537482728271322,0.8822057540587164,0.9016353169716355,0.876485165255925,0.19,0.19,1.9054145943139775
c42,n1,1.0,revue_declaration,1,1,1.0,resolu,1.0,1.0,0.48644452025637963,0.061890405773236845,0.6897987100589981,0.16788828213529305,0.37213561841410997,0.5468474226379993,0.3453856798809489,0.94536710646455,0.19999999999999998,0.19999999999999998,-0.3354151378060034
c42,n2,13.0,expedition_express,1,1,13.0,partiel,0.0,2.0,0.17733241265471897,0.42640452168878207,0.22611886740789344,0.9307836371729011,0.538357592002555,0.34759435285412943,0.18730135564959055,0.5601798977107545,0.09287777229911215,0.09287777229911215,-0.3534685716746495
c42,n3,13.0,ne_rien_faire,1,1,13.0,partiel,0.0,2.0,0.1791076476946017,0.39438758093859644,0.5373752431609972,0.4020641034941211,0.391314765783345,0.2536277995643678,0.29667425928593616,0.3995441772043433,0.0,0.0,-0.7209957125337655
c42,n4,6.0,ne_rien_faire,1,1,6.0,resolu,1.0,2.0,0.5171959510525144,0.32730864649537983,0.3488288202394414,0.4231313416771147,0.7165060372554091,0.05990915834665363,0.10612948486885969,0.10392668795161854,0.0,0.0,-1.5462523258388172
c42,n5,13.0,ne_rien_faire,1,1,13.0,partiel,0.0,1.0,0.15654328313264776,0.3813799634963613,0.7969250965914256,0.7530609987904812,0.7952019388115781,0.026034344629432944,0.05097259751146628,0.3368046086862896,0.0,0.0,-1.847951576786778
c42,n6,16.0,ne_rien_faire,1,1,16.0,partiel,0.0,4.0,0.17892361363217427,0.09282515447423101,0.8670991783163204,0.5802478582110476,0.16380689580491462,0.7490582174165411,0.3855990471910556,0.7619776160384656,0.0,0.0,-1.2809037127137566
c42,n7,2.0,ne_rien_faire,1,1,2.0,partiel,0.0,2.0,0.11698234675834414,0.5198999201767256,0.4521396482104778,0.7994605453722936,0.479462545225641,0.36431452251562874,0.5168682140628191,0.29359937335487096,0.0,0.0,-1.3763303419051809
c42,n8,2.0,ne_rien_faire,1,1,2.0,resolu,1.0,2.0,0.16945874506096031,0.36305939674186094,0.5529988226042459,0.3881960443751299,0.6576109844980508,0.5347245674234767,0.6527856162497448,0.6348017490091709,0.0,0.0,0.2572569021415695
c42,n9,1.0,ne_rien_faire,1,1,1.0,resolu,1.0,2.0,0.25082369029984397,0.11408482714555662,0.3234156968377998,0.7611639957409166,0.8361091550244252,0.6023511692430866,0.11806329236699381,0.41641968206672747,0.0,0.0,0.312723901313403
c42,n10,1.0,ne_rien_faire,1,1,1.0,echec,0.0,3.0,0.14290766766223642,0.05808084340514429,0.9575984666908969,0.666681906765984,0.21515429795524718,0.15093555643759188,0.6387817905295201,0.9133171995264959,0.0,0.0,-0.15507886220352976
c42,n11,1.0,promouvoir_arc_secours,1,1,1.0,partiel,0.0,4.0,0.19719752976052415,0.4929019874486944,0.3210160426761318,0.40711733750872314,0.8369892571788279,0.9103239706369528,0.250651029465939,0.43882810958108975,0.08604221741899593,0.08604221741899593,0.20762909933538187
c42,n12,2.0,ne_rien_faire,1,1,2.0,resolu,1.0,3.0,0.5045513594577682,0.5417116962827281,0.5596334752441383,0.2926687096172016,0.11370718935309009,0.8653717735930471,0.1527831213310929,0.43145742004672805,0.0,0.0,-0.16342859844017343
c42,n13,3.0,boost_capacite,1,1,3.0,resolu,1.0,2.0,0.08397510637419042,0.38633275725074134,0.49477929906308105,0.38929907241760536,0.916436617717724,0.7542212161509545,0.8593942724010268,0.4924488232826435,0.053075940557296836,0.053075940557296836,-0.08799994012946255
c42,n14,17.0,ne_rien_faire,1,1,17.0,partiel,0.0,3.0,0.17597753896315904,0.2550468395035183,0.24220339210304484,0.43217253491464497,0.35804222628870874,0.6391886792297041,0.11108778255081811,0.221063895661974,0.0,0.0,-1.118105187041132
c42,n15,2.0,ne_rien_faire,1,1,2.0,echec,0.0,3.0,0.30801534396104047,0.290403625401103,0.8409416673140405,0.4888638149649113,0.6307784296739234,0.6182173324579294,0.9033108763048087,0.7550720381979619,0.0,0.0,1.6427930527330616
c42,n16,0.0,expedition_express,1,1,0.0,partiel,0.0,0.0,0.4270883847858797,0.30307522068469317,0.735366712554494,0.9069248868339675,0.5422166591906475,0.16342370979114101,0.8053589430773632,0.7782765658951175,0.18,0.18,0.5837211681415547
c42,n17,7.0,ne_rien_faire,1,1,7.0,resolu,1.0,0.0,0.02056748618746828,0.47622172512733435,0.41756058085344294,0.6501251720030604,0.7264176824361561,0.5327765313304778,0.4925313485124491,0.5373306603279604,0.0,0.0,-0.45215137179717124
c42,n18,6.0,expedition_express,1,1,6.0,resolu,1.0,4.0,0.10210176606424468,0.2085843303473243,0.5971420639734868,0.8827393777796646,0.6124847669567876,0.25477256115705116,0.72674010145777,0.5838474222705741,0.09287777229911215,0.09287777229911215,0.04783667866480437
c42,n19,13.0,replanifier_jalon,1,1,13.0,partiel,0.0,2.0,0.5547725323406122,0.16034128899886427,0.4838670747448789,0.5555193668795326,0.6740985836015679,0.7624432734989087,0.41142323385097834,0.31676313678572365,0.08263442177277024,0.08263442177277024,0.5573951616280026
c42,n20,0.0,ne_rien_faire,1,1,0.0,resolu,1.0,1.0,0.165354102827229,0.18621188209441852,0.5825527261952559,0.2331191853775641,0.7587136681949822,0.4315758007434943,0.08717111541468171,0.4834327448899472,0.0,0.0,-0.2825034802841063
c42,n21,16.0,replanifier_jalon,1,1,16.0,resolu,1.0,1.0,0.5867811461222271,0.5070530497110172,0.7921347272467607,0.26926195175717643,0.25174036772418806,0.3644894566340864,0.3356897269192792,0.4561934357249262,0.11280496606787029,0.11280496606787029,0.7404447379755642
c42,n22,10.0,ne_rien_faire,1,1,10.0,partiel,0.0,4.0,0.08236353942449716,0.42103020117632767,0.36405031789002923,0.6121306822672312,0.2512795341707608,0.34566261742394594,0.2354314815612055,0.7430180064016341,0.0,0.0,-1.3614143000070265
c42,n23,12.0,ne_rien_faire,1,1,12.0,resolu,1.0,4.0,0.1873613948209005,0.8204115928476491,0.6741557492012501,0.4003133995371701,0.5531012014303298,0.8018369867451551,0.4329784535029219,0.8348864809276031,0.0,0.0,-0.2560642236478107
c42,n24,4.0,ne_rien_faire,1,1,4.0,partiel,0.0,2.0,0.3833780514162226,0.5853394609898237,0.04784462864153452,0.7717599903415516,0.17375317625336748,0.29659669649875875,0.2733771982206701,0.34235794862782803,0.0,0.0,-0.8677576452370266
c42,n25,6.0,ne_rien_faire,1,1,6.0,resolu,1.0,2.0,0.4479927732359005,0.6737805581515324,0.5819298697066817,0.38640904010846505,0.556133820308864,0.7668734959724716,0.0601843808539183,0.5255093607397738,0.0,0.0,-0.29507041988280264
c42,n26,0.0,boost_capacite,1,1,0.0,echec,0.0,3.0,0.36970871101322605,0.3306545935317098,0.9738005632126392,0.5088954380377028,0.7824389107800738,0.42550425956510823,0.6114419769821706,0.8185159873665845,0.053075940557296836,0.053075940557296836,1.0500907694973538
c42,n27,7.0,boost_capacite,1,1,7.0,echec,0.0,4.0,0.20377298153697546,0.4157348055086342,0.4199505313250964,0.6697395799850989,0.582235264095873,0.46334267845040333,0.7071127834754144,0.7837713857959987,0.053075940557296836,0.053075940557296836,-0.40873687248551394
c42,n28,13.0,ne_rien_faire,1,1,13.0,partiel,0.0,2.0,0.18587919070316303,0.17241059986142107,0.5034163644045011,0.2054037336350813,0.3019579176569993,0.6034472596646607,0.5342270134706103,0.7882474703137676,0.0,0.0,-0.38769757028625174
c42,n29,2.0,replanifier_jalon,1,0,2.0,en_cours,,2.0,0.0802519253791028,0.2584366640141916,0.36014879633709396,0.8026619106012545,0.4495073671832106,0.48649323827502283,0.37101496430681286,0.41861328340253395,0.19,0.19,0.2819115786373999
c42,n30,2.0,ne_rien_faire,1,1,2.0,partiel,0.0,4.0,0.4415643260365195,0.12799545889419114,0.5058766461450955,0.7480895982540496,0.12031821814440379,0.6294993397287884,0.21578961729123824,0.9574733526015634,0.0,0.0,-0.09266114833417999
c42,n31,17.0,promouvoir_arc_secours,1,1,17.0,echec,0.0,1.0,0.20402021848319296,0.6795855959397543,0.6476026496116739,0.2710359543881424,0.589617737952688,0.6930832645839874,0.5340861112503674,0.8192801197941856,0.11114874117773832,0.11114874117773832,0.7143353767757576
c42,n32,13.0,ne_rien_faire,1,1,13.0,partiel,0.0,3.0,0.2164457318249511,0.44726340977317314,0.739474428089782,0.6399489762270495,0.19456034117651466,0.2751765720336827,0.4033746615634678,0.9683067634256428,0.0,0.0,-0.03367224049976003
c42,n33,1.0,ne_rien_faire,1,1,1.0,echec,0.0,0.0,0.14185406310046952,0.4972633641561523,0.4310900245316923,0.8630373248531187,0.38319424243897865,0.41666756814780337,0.829768096981604,0.5899567121511936,0.0,0.0,-0.3489700273048577
c42,n34,17.0,ne_rien_faire,1,1,17.0,echec,0.0,4.0,0.05604041792366315,0.45618804594454,0.44539405266977267,0.4278319054365336,0.3296434309146394,0.3712113173232576,0.3402038839991447,0.9551387910852003,0.0,0.0,-0.5874497167017106
c42,n35,10.0,revue_declaration,1,0,10.0,en_cours,,0.0,0.03577642747340059,0.693187209588969,0.8467574487304805,0.6522756185371882,0.921191597709351,0.6210563402489322,0.28779145031933157,0.6966280529009744,0.07101163994378579,0.07101163994378579,1.537867088131859
c42,n36,10.0,revue_declaration,1,1,10.0,partiel,0.0,2.0,0.15207667652323184,0.5140270125169645,0.835933739025577,0.4224031405717258,0.6597202076724302,0.24370063818302803,0.13908418638309802,0.693156411939985,0.05249761951415173,0.05249761951415173,-0.748995011324044
c42,n37,13.0,revue_declaration,1,1,13.0,partiel,0.0,1.0,0.128919275203891,0.5741125744315028,0.6839104643598196,0.5522388411446055,0.32681811751378576,0.1626510508836359,0.45979688440722816,0.790535981542362,0.07101163994378579,0.07101163994378579,0.12956727251748057
c42,n38,16.0,ne_rien_faire,1,1,16.0,resolu,1.0,0.0,0.24764782151213807,0.477916816782954,0.5057773130763074,0.5704225867199567,0.3333142003424236,0.3158665907784464,0.5438481085698575,0.1917568844436226,0.0,0.0,-1.4360605707505911
c42,n39,0.0,ne_rien_faire,1,1,0.0,partiel,0.0,1.0,0.37777388592278255,0.5996639314452743,0.45555558939623925,0.587435508448888,0.40001094367012513,0.19458342332116005,0.29082034626621245,0.7456976001555373,0.0,0.0,-0.5134939211327184
c42,n40,1.0,ne_rien_faire,1,1,1.0,echec,0.0,3.0,0.2526431015577933,0.7199249807083665,0.5615682573201902,0.64459468446083,0.5285323516047881,0.4220528801344523,0.11617474311920606,0.9608375206522994,0.0,0.0,-1.3648494380533438
c42,n41,0.0,replanifier_jalon,1,1,0.0,resolu,1.0,2.0,0.2623955592067122,0.43462574665126935,0.3372067877473202,0.506752412315214,0.6603428063683274,0.3960958522412873,0.36917368663031636,0.8506725887184056,0.19,0.19,-0.6036900602076408
c42,n42,14.0,replanifier_jalon,1,1,14.0,partiel,0.0,1.0,0.09864071581897056,0.4450429701607292,0.6844200351252628,0.8098885988347743,0.9192319098417735,0.20714974997746058,0.680867193405712,0.7695727936708302,0.11280496606787029,0.11280496606787029,-0.0987425769307601
c42,n43,11.0,ne_rien_faire,1,1,11.0,echec,0.0,2.0,0.3569506440087837,0.3704724358498369,0.24838267868323374,0.829375548994074,0.43917217909044187,0.3508930978000554,0.42458795614627787,0.9929296139536713,0.0,0.0,-0.3126421905799194
c42,n44,12.0,boost_capacite,1,1,12.0,resolu,1.0,3.0,0.19639826864355192,0.11597017017617735,0.1057082246426947,0.7978158515677272,0.54909196785278,0.29560996220906116,0.5026460782694482,0.9744913480908927,0.18,0.18,-1.4176752765563374
c42,n45,7.0,ne_rien_faire,1,1,7.0,resolu,1.0,4.0,0.014057775363570335,0.45950175037680285,0.814123959337075,0.26779382250712797,0.279138084215275,0.37002295223659615,0.4338088854538866,0.578107794759505,0.0,0.0,-1.7058542363663856
c42,n46,17.0,boost_capacite,1,1,17.0,resolu,1.0,0.0,0.028215910906496215,0.43808779412708393,0.447636885338466,0.11482345496105899,0.3539771200705891,0.14438016501891882,0.42928461497544723,0.7066677476306428,0.06576450329934143,0.06576450329934143,0.23811950723148712
c42,n47,2.0,ne_rien_faire,1,1,2.0,partiel,0.0,1.0,0.1288368799292496,0.20785859028375703,0.9158192602867316,0.5281978388622102,0.3815336020115058,0.6529907553517785,0.5774325675574851,0.7644576483145039,0.0,0.0,-0.6066371177443256
c42,n48,11.0,revue_declaration,1,1,11.0,echec,0.0,3.0,0.009106581515795268,0.4828081991751701,0.4962296641903979,0.7514622005661937,0.5348712487693692,0.11893455626148527,0.5811912820752064,0.675674392809157,0.05249761951415173,0.05249761951415173,0.6141646933258006
c42,n49,1.0,ne_rien_faire,1,1,1.0,partiel,0.0,2.0,0.16149356249328117,0.6132369352226104,0.6315995383342644,0.05471199668077721,0.4347309175530466,0.5328782370064535,0.5524817095536174,0.4423551520741519,0.0,0.0,-0.17047047118644204
c42,n0,11.0,revue_declaration,1,1,11.0,partiel,0.0,2.0,0.21848995096405668,0.06133590994326809,0.33956979946173854,0.37356303585061895,0.42617616447391776,0.23908667884110346,0.41543519448354166,0.9701458666466081,0.09844224846172875,0.09844224846172875,0.6950109944966572
c42,n1,1.0,ne_rien_faire,1,1,1.0,resolu,1.0,4.0,0.1269433166072465,0.5603455564393158,0.5234657983378359,0.9742455710030608,0.629574199543032,0.4496797659496662,0.04923353279292719,0.7904896100301305,0.0,0.0,-2.0146121671082793
c42,n2,11.0,ne_rien_faire,1,1,11.0,partiel,0.0,4.0,0.08357707095108763,0.7244018664857925,0.8462054942217296,0.4627785075462,0.08044912759400423,0.4136445644359802,0.3696984748738603,0.4404638455766812,0.0,0.0,-1.155834276100009
c42,n3,12.0,ne_rien_faire,1,1,12.0,partiel,0.0,0.0,0.18523172356949696,0.2254313098081777,0.39058085079630106,0.39121294186195543,0.41139448915663074,0.6571009591973095,0.4021793072198265,0.4130579988863313,0.0,0.0,-1.6453034075521251
c42,n4,15.0,ne_rien_faire,1,1,15.0,partiel,0.0,2.0,0.011795645710837245,0.4365411591620811,0.13199065219599562,0.6146377806655569,0.6776155026710997,0.29837624692577297,0.3246751473361064,0.5136022931743306,0.0,0.0,-0.7253638978267821
c42,n5,10.0,ne_rien_faire,1,1,10.0,partiel,0.0,4.0,0.35378216411328395,0.13945911360952715,0.3055109729193296,0.5159025082716268,0.32402451639509067,0.6508216307625431,0.35800645172466605,0.9099269105901722,0.0,0.0,-0.334582954657924
c42,n6,12.0,promouvoir_arc_secours,1,1,12.0,partiel,0.0,2.0,0.2537021281371063,0.4274306639226801,0.3017932242130999,0.6750802101305291,0.7725144572993131,0.0873961724012984,0.47820246860137433,0.8651994896531171,0.06507160887649192,0.06507160887649192,-0.9864839278519681
c42,n7,5.0,ne_rien_faire,1,1,5.0,resolu,1.0,4.0,0.27043725092223453,0.2625987358718968,0.4720371452456887,0.24890082360516227,0.5801978042273418,0.2229815226107025,0.5207808046891157,0.9324311419719407,0.0,0.0,-0.7700508344211661
c42,n8,11.0,promouvoir_arc_secours,1,1,11.0,partiel,0.0,1.0,0.03300565488012733,0.4076022975372601,0.8840475205753298,0.8548420987525281,0.44518994125655986,0.3609625988364617,0.7283832357336607,0.8771046446349219,0.09375668266232669,0.09375668266232669,-0.4633429665228796
c42,n9,4.0,promouvoir_arc_secours,1,1,4.0,partiel,0.0,2.0,0.1013479954017601,0.3349413159433721,0.3847674286486944,0.6962006775492052,0.578845077327109,0.5189085798981549,0.7193213515935661,0.4885807609644593,0.06507160887649192,0.06507160887649192,-0.36079757307911
c42,n10,3.0,ne_rien_faire,1,1,3.0,partiel,0.0,4.0,0.1815842921754343,0.49003498784831223,0.2482714452931948,0.2448942585170792,0.2532380223647261,0.7562283505334031,0.2972273421203854,0.46666752216714324,0.0,0.0,-0.0005791732219542212
c42,n11,3.0,ne_rien_faire,1,1,3.0,partiel,0.0,2.0,0.6794445658540088,0.1573088327139684,0.1119056637821427,0.5709549039120195,0.32020779793762855,0.7299419914309456,0.4903839010530397,0.2192592955237083,0.0,0.0,1.6139295366395419
c42,n12,16.0,ne_rien_faire,1,1,16.0,resolu,1.0,3.0,0.47771619073495675,0.004823988356954776,0.7571383890592668,0.8649332714886268,0.3165977263839995,0.9657912715816737,0.27375762200802983,0.1589902840076632,0.0,0.0,-0.20570447837894967
c42,n13,13.0,ne_rien_faire,1,1,13.0,resolu,1.0,1.0,0.2464233519394401,0.23511000167205098,0.7156868101766286,0.687007971803124,0.32638657870566595,0.2061629113781298,0.6464933900326649,0.9334926242845287,0.0,0.0,-0.06972275245563618
c42,n14,12.0,ne_rien_faire,1,1,12.0,resolu,1.0,4.0,0.07774827111835875,0.22956288901244543,0.5367667932662875,0.7934461321618267,0.3985728584299764,0.740449285224412,0.923697446783234,0.8656969939455572,0.0,0.0,-0.5713069569744065
c42,n15,5.0,promouvoir_arc_secours,1,1,5.0,partiel,0.0,0.0,0.019388778177835075,0.08279242730269909,0.38463259555538953,0.8986807161237214,0.5988249868094001,0.7752339044365002,0.5781328077856087,0.8316929663310964,0.09375668266232669,0.09375668266232669,-0.8507232846352402
c42,n16,4.0,promouvoir_arc_secours,1,1,4.0,resolu,1.0,4.0,0.025328205267845103,0.5787120803285507,0.6773934511331413,0.7508826304421619,0.40342390874511636,0.06698701682534505,0.20965175431353839,0.9928047357600346,0.0847811404775453,0.0847811404775453,-0.1969498450357321
c42,n17,17.0,ne_rien_faire,1,1,17.0,resolu,1.0,4.0,0.023124007433506504,0.2551127659113518,0.6091320337906381,0.8139778715827762,0.583549878886563,0.7159943764461635,0.6150006994057466,0.2327882754394994,0.0,0.0,-1.0520729599008372
c42,n18,1.0,promouvoir_arc_secours,1,1,1.0,partiel,0.0,4.0,0.5028190206487142,0.3647218764167054,0.6570365561821002,0.25569701702638264,0.35522469528049905,0.391303951892654,0.39822916263198344,0.5794614698197381,0.06507160887649192,0.06507160887649192,0.08162307063329156
c42,n19,3.0,expedition_express,1,1,3.0,resolu,1.0,2.0,0.7534233767889895,0.16737282222941474,0.21020987222836263,0.7046055942328314,0.43635632712324396,0.5145978668245128,0.3365312091936023,0.6746814327097383,0.09287777229911215,0.09287777229911215,1.7170933233013197
c42,n20,12.0,revue_declaration,1,1,12.0,partiel,0.0,3.0,0.2528736661559974,0.21920002371536096,0.5776096281698705,0.6834899306236187,0.48611853667032356,0.6893045140719928,0.6280598437636783,0.6842473016770133,0.08598823526196597,0.08598823526196597,1.4360074847481328
c42,n21,12.0,promouvoir_arc_secours,1,1,12.0,partiel,0.0,4.0,0.0852793830932165,0.6429220985209365,0.7678598019135081,0.5467757635862832,0.12089569515969097,0.7381256200472809,0.33832596646468704,0.40728760306598677,0.06507160887649192,0.06507160887649192,1.5238715435349985
c42,n22,7.0,revue_declaration,1,1,7.0,partiel,0.0,2.0,0.1825150137578986,0.600232776974452,0.610475468946707,0.38790563745298445,0.8815957391551623,0.5743835646961425,0.17978426363653882,0.7565411625720073,0.05249761951415173,0.05249761951415173,-1.35908177632106
c42,n23,6.0,promouvoir_arc_secours,1,1,6.0,resolu,1.0,0.0,0.4343583219321647,0.8010057325499388,0.6978720096098148,0.7653322251579456,0.6893790746300161,0.6389134943844543,0.1715060320695697,0.6016583505207501,0.09375668266232669,0.09375668266232669,-0.17037124979456206
c42,n24,7.0,boost_capacite,1,1,7.0,partiel,0.0,1.0,0.574229299396719,0.8665711520525214,0.4345986307317187,0.27129076423971105,0.6911200250281612,0.8774887358306183,0.6279810245442962,0.9119999133644225,0.09355254606088138,0.09355254606088138,0.7808107082126501
c42,n25,15.0,expedition_express,1,1,15.0,partiel,0.0,4.0,0.23000979166637614,0.26581850882032354,0.6640317458049645,0.48484191545114913,0.7915270011712874,0.7750884408780425,0.365924256136833,0.9417321696974355,0.050825581787975416,0.050825581787975416,0.6871363955829035
c42,n26,3.0,ne_rien_faire,1,1,3.0,partiel,0.0,0.0,0.1576638079100673,0.27424770362451995,0.4401568583322685,0.9326019805205285,0.7016008645394757,0.3114183453297454,0.6064642896650935,0.39542128137493293,0.0,0.0,1.0451413552150248
c42,n27,6.0,ne_rien_faire,1,1,6.0,echec,0.0,4.0,0.33124213756646104,0.3904409942103666,0.5272633101689581,0.5413312932242165,0.429573989227638,0.6037494283486169,0.4393479077683306,0.812238472945601,0.0,0.0,0.5427018595409657
c42,n28,4.0,ne_rien_faire,1,1,4.0,echec,0.0,3.0,0.5176154924350056,0.4395792569156868,0.1426527624012164,0.3564241296182935,0.8870405608752454,0.763555980065173,0.6036946748571868,0.8367328848977859,0.0,0.0,0.08032089721606317
c42,n29,0.0,ne_rien_faire,1,1,0.0,partiel,0.0,0.0,0.42286640645147267,0.26046674986027385,0.46133215824289653,0.8978154258401235,0.9362702955712057,0.31081937382377356,0.6203452660453455,0.39943815309290764,0.0,0.0,-0.16815869792840077
c42,n30,16.0,expedition_express,1,1,16.0,echec,0.0,1.0,0.14844177081747192,0.7480342419416289,0.5575655538858695,0.5410047552003598,0.2505625283497318,0.43851804323291926,0.33529139998627233,0.51949646438774,0.18,0.18,-0.2010204083617937
c42,n31,11.0,ne_rien_faire,1,1,11.0,partiel,0.0,2.0,0.08796178018254447,0.11129031166513921,0.41287555383041485,0.4872079257099792,0.47364210157590825,0.8294389077857143,0.5801881530952384,0.7120797013106559,0.0,0.0,0.23918416625242886
c42,n32,13.0,promouvoir_arc_secours,1,1,13.0,resolu,1.0,0.0,0.2166370722428875,0.7232774192035155,0.15794433022312956,0.06371882654998587,0.4660698632498152,0.39485649933361,0.2204579496857871,0.5834311436415254,0.09375668266232669,0.09375668266232669,-0.6141212280252837
c42,n33,8.0,ne_rien_faire,1,1,8.0,partiel,0.0,4.0,0.31705005933630487,0.332293186498042,0.5306040739607865,0.5122738152866626,0.27766489300469394,0.2943229573851799,0.6247495384087078,0.9511866458821495,0.0,0.0,-0.3642184654534306
c42,n34,6.0,replanifier_jalon,1,0,6.0,en_cours,,3.0,0.20544048406527435,0.6543829963384188,0.36667067720004776,0.22120158395337433,0.8756385898311072,0.4894337636279413,0.38723831969641453,0.8373841081142068,0.19,0.19,0.7893916391184526
c42,n35,13.0,ne_rien_faire,1,1,13.0,echec,0.0,2.0,0.2923957781021949,0.46943244348765556,0.3740023645287071,0.10075637035315044,0.24142615192196917,0.2889931716316533,0.41425523341608844,0.17612303703170248,0.0,0.0,0.30611449959177733
c42,n36,6.0,ne_rien_faire,1,1,6.0,partiel,0.0,0.0,0.5055162372064802,0.45452618136920486,0.773195247373857,0.6728713187799459,0.5151941041135748,0.7558376516975355,0.2767752422780984,0.843278950018796,0.0,0.0,-0.8753970597404546
c42,n37,11.0,ne_rien_faire,1,1,11.0,echec,0.0,3.0,0.4988344347814583,0.6536573754352002,0.9475868027830334,0.7245046324343521,0.6608094930331105,0.7023093000760537,0.45711969066484975,0.6020378428373293,0.0,0.0,0.4379274135938555
c42,n38,4.0,promouvoir_arc_secours,1,1,4.0,echec,0.0,0.0,0.4192209221985134,0.49493987626359703,0.8683160056915896,0.46147381368289303,0.7505544734034081,0.4482643573492241,0.5750057539586504,0.9041565406550739,0.07121226987735195,0.07121226987735195,-0.014371416596845266
c42,n39,12.0,ne_rien_faire,1,1,12.0,resolu,1.0,4.0,0.1290463977188568,0.20075588835194919,0.4717898398897956,0.22312752451752707,0.12529824481205645,0.6060966734073093,0.5126176079885582,0.72887906930134,0.0,0.0,-0.4891360384286474
c42,n40,10.0,ne_rien_faire,1,1,10.0,resolu,1.0,4.0,0.45430047252213657,0.43022169401001276,0.23472543060350654,0.12786207519440068,0.8782027116661061,0.17164225735399655,0.3636021430113138,0.09962546831155959,0.0,0.0,-0.6003655818933887
c42,n41,17.0,ne_rien_faire,1,1,17.0,partiel,0.0,4.0,0.5477288968351188,0.3105751770230771,0.6782400955578677,0.47810234904988613,0.6282061782925848,0.7957660928362292,0.5063794530366394,0.6668826454303611,0.0,0.0,-0.1721243933251595
c42,n42,12.0,revue_declaration,1,1,12.0,partiel,0.0,0.0,0.5623625312143009,0.5067205136985236,0.10244616917341588,0.27123931804211326,0.14499458164587695,0.5888194793535471,0.6151299529983971,0.8284235245269989,0.08275544669906046,0.08275544669906046,0.6108367423893164
c42,n43,5.0,ne_rien_faire,1,1,5.0,partiel,0.0,4.0,0.3543419517572053,0.2533792533698076,0.18199570002098064,0.40092674502391246,0.722744545946421,0.5727711393906355,0.7208636616307305,0.860529776979289,0.0,0.0,0.9472524291672475
c42,n44,11.0,ne_rien_faire,1,1,11.0,partiel,0.0,1.0,0.06342928512394923,0.046611333549078114,0.46275958770224246,0.1844091930296299,0.47525136313989197,0.4488522011021019,0.6401453866940838,0.2905713623863543,0.0,0.0,-1.2341625503085742
c42,n45,6.0,expedition_express,1,1,6.0,echec,0.0,4.0,0.5324163219235134,0.6174931808037243,0.8122471626788362,0.3492622686038194,0.7767589592777446,0.6442414697421099,0.6311368040480355,0.8511980729450144,0.09287777229911215,0.09287777229911215,1.2978260853684744
c42,n46,14.0,revue_declaration,1,1,14.0,echec,0.0,0.0,0.26484860432331553,0.5453785955863859,0.4938958745882374,0.1384927851721096,0.9144542664358046,0.5364735944575487,0.8028054150546831,0.8347002453519128,0.07101163994378579,0.07101163994378579,2.08007589786728
c42,n47,14.0,revue_declaration,1,1,14.0,partiel,0.0,2.0,0.38207206202676414,0.289874164944393,0.48282674330600167,0.7448565194548608,0.1519471299461905,0.3301680508497071,0.732179197044646,0.7743564437485864,0.05249761951415173,0.05249761951415173,0.41067001587487667
c42,n48,12.0,ne_rien_faire,1,1,12.0,resolu,1.0,3.0,0.279226971885419,0.2216585494501836,0.5463633666093637,0.5503277948127385,0.12495935227519203,0.22349066730933007,0.11043797403530417,0.8664481009300974,0.0,0.0,-1.552767491366528
c42,n49,17.0,promouvoir_arc_secours,1,1,17.0,partiel,0.0,2.0,0.13058367919997504,0.20432105039896528,0.6598484984395805,0.8634227121379857,0.7912245244709363,0.07146636043041808,0.03567826037137538,0.8845859352645256,0.06507160887649192,0.06507160887649192,-1.8280582548553248
c42,n0,15.0,ne_rien_faire,1,1,15.0,partiel,0.0,4.0,0.1315664476183529,0.6916817448530306,0.7828355385391378,0.5845962612061419,0.024395309870985198,0.9000222311137974,0.37211421761311736,0.745782056449794,0.0,0.0,-1.127405339988893
c42,n1,5.0,ne_rien_faire,1,1,5.0,resolu,1.0,1.0,0.051377977038467186,0.4021534336500731,0.268115847257252,0.2538195092740024,0.7097083905440673,0.3257718904036785,0.4301710429820515,0.3572425113576092,0.0,0.0,-0.9790341933917301
c42,n2,9.0,ne_rien_faire,1,1,9.0,partiel,0.0,3.0,0.0736332275939549,0.14671916399996437,0.7084660516655127,0.5336615279834511,0.3800098530230199,0.41258616925681685,0.1656281734451325,0.24796132613336413,0.0,0.0,-1.4937269886063431
c42,n3,7.0,ne_rien_faire,1,1,7.0,resolu,1.0,2.0,0.34361186415611045,0.40059969892032854,0.47425404238858376,0.731223388437001,0.2700821933469275,0.639562947951827,0.4809894090821525,0.8812298040149085,0.0,0.0,-0.9879089418579368
c42,n4,3.0,promouvoir_arc_secours,1,1,3.0,resolu,1.0,0.0,0.04786430471648247,0.3286320666145677,0.7906944291731188,0.717343265125529,0.4423243110713468,0.2885298733500589,0.49774271447878615,0.7082145516980343,0.09375668266232669,0.09375668266232669,-0.658959523618796
c42,n5,15.0,ne_rien_faire,1,1,15.0,echec,0.0,2.0,0.16282766168199328,0.5440490833514273,0.27861732607669626,0.6334933525700196,0.46223982968071675,0.836552176602203,0.1958889866788958,0.48210990899830375,0.0,0.0,-0.5856712497560619
c42,n6,17.0,ne_rien_faire,1,1,17.0,echec,0.0,3.0,0.2832403755728731,0.17439279967564095,0.21787294911510297,0.14671193022063786,0.564642403476683,0.08177632874642277,0.31626276761587846,0.7998574825001807,0.0,0.0,1.24965225913604
c42,n7,3.0,ne_rien_faire,1,1,3.0,resolu,1.0,3.0,0.17084117002728763,0.2575518355944951,0.6625594548646728,0.5272303553114717,0.3232777195938324,0.7703754986349929,0.6347555778934543,0.5912809248808999,0.0,0.0,2.1173927924537326
c42,n8,15.0,expedition_express,1,0,15.0,en_cours,,4.0,0.3393153525967404,0.17406760034320828,0.7951686621221309,0.213524908659877,0.4284192864230186,0.8357094749507314,0.6327627962585699,0.903842653525636,0.05026139694364532,0.05026139694364532,1.6248603646714725
c42,n9,10.0,replanifier_jalon,1,1,10.0,echec,0.0,2.0,0.20419612686829638,0.7828560409453417,0.28295883080954537,0.774054920637868,0.650901104766504,0.8262425871490895,0.3347250479000432,0.9681967061529971,0.07586754174215447,0.07586754174215447,0.19300908363857433
c42,n10,0.0,ne_rien_faire,1,1,0.0,partiel,0.0,1.0,0.27856236269875284,0.04575625776525922,0.27213490765188597,0.7209030594433192,0.0502656032549244,0.7560211001705434,0.33764771006980326,0.8441684352267688,0.0,0.0,-0.21596743816352537
c42,n11,4.0,expedition_express,1,1,4.0,resolu,1.0,0.0,0.2470812696248476,0.40721403707127934,0.2984003470091548,0.6162047630966281,0.7255663918502164,0.6782289482910846,0.2671592762594124,0.795756428707803,0.18,0.18,-0.9011910608417982
c42,n12,8.0,expedition_express,1,1,8.0,resolu,1.0,2.0,0.15071772954926949,0.23255814346488013,0.5383487639075465,0.5132839086772393,0.9122944850455911,0.7979299595662749,0.675342962515723,0.75279964872388,0.09287777229911215,0.09287777229911215,1.4853905817905315
c42,n13,5.0,ne_rien_faire,1,1,5.0,partiel,0.0,2.0,0.39687534587428747,0.5333499970541863,0.5341233314650915,0.186790275844198,0.29317421767055973,0.6401867475886236,0.39461600764044785,0.9056365624964264,0.0,0.0,-0.23807565226990782
c42,n14,12.0,ne_rien_faire,1,1,12.0,resolu,1.0,3.0,0.2171545991594152,0.4241357750839089,0.3858806931049246,0.032080363602531574,0.5688344548786958,0.5578452656942399,0.743412455507229,0.5963091528208765,0.0,0.0,1.1254490148868752
c42,n15,9.0,revue_declaration,1,1,9.0,partiel,0.0,2.0,0.1378040893952375,0.13216927037950538,0.11333136125001783,0.7391933161232063,0.8081129466413984,0.2747920460250536,0.7268462800755121,0.7876226810323053,0.05249761951415173,0.05249761951415173,-0.11494923917547094
c42,n16,5.0,ne_rien_faire,1,1,5.0,echec,0.0,3.0,0.24677493675688628,0.40444381704269144,0.5264813979070816,0.42029937279088786,0.6383486822343384,0.2421890903101703,0.12233532003703775,0.6533687427070747,0.0,0.0,0.1862192486403671
c42,n17,14.0,ne_rien_faire,1,1,14.0,resolu,1.0,4.0,0.26133882654138696,0.37885261082059096,0.25527578152326724,0.7804242966719696,0.10223465628563502,0.3451093289665383,0.9151991850938456,0.43370805658850514,0.0,0.0,0.16483109420353853
c42,n18,14.0,boost_capacite,1,1,14.0,partiel,0.0,1.0,0.5227266494358476,0.31469756950305006,0.6957302744642914,0.22308130003750526,0.3941200854799689,0.5020619226708353,0.42067088012644127,0.3789584940353179,0.06576450329934143,0.06576450329934143,-1.1375500406600159
c42,n19,5.0,ne_rien_faire,1,1,5.0,partiel,0.0,0.0,0.25271552449940665,0.334810822267456,0.521194443383344,0.6394322736107156,0.6473960345326066,0.5243099795528476,0.41406107674124565,0.9180243866892495,0.0,0.0,0.389545711102942
c42,n20,15.0,ne_rien_faire,1,1,15.0,partiel,0.0,4.0,0.26567899607580103,0.4951025287378859,0.6652992111147931,0.6664296577921103,0.5158448966090208,0.48692264473138225,0.05648270364628454,0.26593333040299916,0.0,0.0,-1.510312975931082
c42,n21,16.0,revue_declaration,1,1,16.0,resolu,1.0,3.0,0.2134948028820537,0.21262195871922004,0.5022813704034652,0.9137751213167449,0.16074389447335546,0.4040577287786303,0.8029759442804424,0.6535472596797983,0.05249761951415173,0.05249761951415173,0.507518470003212
c42,n22,7.0,ne_rien_faire,1,1,7.0,partiel,0.0,2.0,0.0029744341936430384,0.2685168665863786,0.537370289932306,0.32443846474300664,0.485023956807043,0.5732958634219553,0.4027884004785742,0.9855453848644228,0.0,0.0,-1.8113620729515938
c42,n23,16.0,promouvoir_arc_secours,1,0,16.0,en_cours,,2.0,0.10962130077025048,0.2750694540485681,0.15456329807961386,0.31732511413792447,0.5799166006197236,0.5216789719574623,0.59310511384688,0.7353562868890555,0.06507160887649192,0.06507160887649192,0.14864597842736915
c42,n24,2.0,ne_rien_faire,1,1,2.0,resolu,1.0,1.0,0.7151141904661612,0.28303554672926245,0.4627993007983784,0.364903886031207,0.5971325215929864,0.43906106662423855,0.9450191083662136,0.2618766856711383,0.0,0.0,1.5245027255909105
c42,n25,10.0,boost_capacite,1,1,10.0,partiel,0.0,2.0,0.11689301943214199,0.7782570579669964,0.49299576844634146,0.5181107934426411,0.6573703012220788,0.6996173881392924,0.634776553987239,0.5343592177494016,0.09404583781437073,0.09404583781437073,1.353357257854623
c42,n26,10.0,ne_rien_faire,1,1,10.0,partiel,0.0,1.0,0.03443236270565705,0.09549268031458996,0.8261952573289187,0.8760909283012587,0.5328962450639634,0.5833261407565159,0.35473169262042287,0.9677061275697755,0.0,0.0,-0.41898794449857824
c42,n27,3.0,ne_rien_faire,1,1,3.0,partiel,0.0,2.0,0.08738131345999532,0.3410242136708909,0.27295176135028554,0.4284998267602173,0.3827829169258285,0.334915652381905,0.34746736443485027,0.7168969944086826,0.0,0.0,-0.9389122947009514
c42,n28,3.0,ne_rien_faire,1,1,3.0,partiel,0.0,3.0,0.24091898662837363,0.1860912326052173,0.38700325935777025,0.6942700915965891,0.5239080890509489,0.6842803678262389,0.5766708829495553,0.9597659289069822,0.0,0.0,-0.796710537654578
c42,n29,1.0,ne_rien_faire,1,1,1.0,resolu,1.0,4.0,0.05467030372722664,0.08302273852575974,0.696682767497532,0.33009953834249456,0.5952754391443735,0.49371568520801373,0.37655556121878225,0.3058342973040168,0.0,0.0,-0.9884493054693433
c42,n30,6.0,boost_capacite,1,1,6.0,partiel,0.0,0.0,0.42940677234451674,0.5540064731983932,0.6523297488594458,0.14765752567871926,0.5586367715745234,0.41294088949548424,0.7858142829392906,0.15207311471025484,0.06576450329934143,0.06576450329934143,1.0050993622971744
c42,n31,14.0,expedition_express,1,1,14.0,resolu,1.0,4.0,0.22063950155565035,0.6507376482738482,0.589960081845556,0.5824833403675018,0.27736764747205406,0.668449538285582,0.5234538262326877,0.35242090691284217,0.19999999999999998,0.19999999999999998,0.3742632095502272
c42,n32,3.0,revue_declaration,1,1,3.0,echec,0.0,4.0,0.7612757697455962,0.4700894824956761,0.3545443210037111,0.1770616770112724,0.7047000799951183,0.4636651732811833,0.6672715303902774,0.7990626622013901,0.05249761951415173,0.05249761951415173,1.5046790949385125
c42,n33,11.0,ne_rien_faire,1,1,11.0,resolu,1.0,2.0,0.3773798030007622,0.8162925252202462,0.20541078907193588,0.11626032612336622,0.48087044496518505,0.4769616497468653,0.1848911471974149,0.8776175607598384,0.0,0.0,-0.79659340594892
c42,n34,16.0,expedition_express,1,1,16.0,echec,0.0,1.0,0.26968389874220405,0.8128842106351974,0.4784799492398851,0.348686641023162,0.5775992451613888,0.7362655094049281,0.29838664934596776,0.9940161956008776,0.10548633434496271,0.10548633434496271,0.09299165046776721
c42,n35,1.0,ne_rien_faire,1,1,1.0,partiel,0.0,4.0,0.19387695253045403,0.5786944710335188,0.515237214132593,0.4652705455478376,0.36824379708611477,0.23443976837846978,0.4701494234638788,0.647408246879479,0.0,0.0,-2.230784705751242
c42,n36,9.0,ne_rien_faire,1,1,9.0,echec,0.0,3.0,0.17249422636741457,0.3774820569576975,0.5905950953043476,0.5394883900297102,0.2770863672453075,0.719773495688539,0.8115121016140416,0.9111376689152242,0.0,0.0,0.8709511001956063
c42,n37,1.0,ne_rien_faire,1,1,1.0,echec,0.0,1.0,0.18238553922409667,0.47289664087651334,0.3498533154299917,0.3623264271877745,0.47192561146808604,0.7584926556596341,0.46613085553301054,0.5864436950686573,0.0,0.0,0.056315245158400515
c42,n38,1.0,ne_rien_faire,1,1,1.0,partiel,0.0,0.0,0.19015407776712007,0.2852693224396289,0.10947197950199684,0.3439024453763628,0.1419896785554217,0.6350182533727549,0.6687327867580151,0.6816643421008425,0.0,0.0,0.5907506071980749
c42,n39,13.0,promouvoir_arc_secours,1,0,13.0,en_cours,,3.0,0.29535754068020437,0.48446222094688773,0.9363627323450323,0.4058635671955773,0.7362942731948753,0.8366141173266374,0.29169856610681777,0.5721686395808598,0.06507160887649192,0.06507160887649192,0.6281572091390596
c42,n40,5.0,promouvoir_arc_secours,1,1,5.0,resolu,1.0,1.0,0.29227228673684663,0.37711789347372693,0.5475021781175272,0.31252551704134496,0.2522131536079741,0.5633971656516552,0.916887362933205,0.7021016112655405,0.11114874117773832,0.11114874117773832,0.644150740806643
c42,n41,11.0,ne_rien_faire,1,1,11.0,partiel,0.0,3.0,0.3014295644143098,0.3025287739021685,0.6873402112405113,0.7384968493034807,0.6167594388533488,0.45944998194287234,0.682888596246031,0.9320296360195301,0.0,0.0,0.6339831750931866
c42,n42,4.0,ne_rien_faire,1,1,4.0,partiel,0.0,2.0,0.425572658872919,0.4055776887239651,0.6778010579806883,0.4105719760579607,0.4388757563839957,0.7346839664477007,0.44616202656728654,0.7820979931488146,0.0,0.0,1.6672436141987599
c42,n43,11.0,ne_rien_faire,1,1,11.0,partiel,0.0,3.0,0.07121715601634213,0.2290372793178105,0.15845569280469693,0.5534716313897485,0.32935632433058165,0.45988991168635396,0.4020265822304124,0.6901145785108319,0.0,0.0,0.12917029172027428
c42,n44,14.0,ne_rien_faire,1,1,14.0,resolu,1.0,2.0,0.08254515163270944,0.29719192588989,0.2703932311523975,0.5522155683164024,0.7045847055651816,0.7875061370690457,0.8389276315770543,0.2833961549931541,0.0,0.0,1.2152119675127886
c42,n45,4.0,boost_capacite,1,1,4.0,partiel,0.0,3.0,0.12300462863262751,0.4029395261559607,0.38843347398496314,0.15529830901603256,0.43290332566633916,0.4623774000220789,0.3333448402798,0.8803821998397525,0.09404583781437073,0.09404583781437073,-0.9644547728363606
c42,n46,10.0,ne_rien_faire,1,1,10.0,partiel,0.0,1.0,0.2739734175390123,0.07365924425531563,0.05574465854433485,0.39431858248331564,0.6868612710307399,0.6779073230592827,0.5825973137459395,0.5111717084320188,0.0,0.0,0.029391312482835052
c42,n47,0.0,ne_rien_faire,1,1,0.0,resolu,1.0,3.0,0.6026912938762709,0.2936981368647715,0.17810450143864043,0.5112972070442502,0.4374450544915215,0.5727670414492777,0.493690889415077,0.4819375961819913,0.0,0.0,0.14967205982904003
c42,n48,15.0,revue_declaration,1,1,15.0,partiel,0.0,2.0,0.32458454113246626,0.26907397995721155,0.6369137456226118,0.4640978634563035,0.8368166567089163,0.06525694798321542,0.3370098323534103,0.8286165979897362,0.05249761951415173,0.05249761951415173,-1.6811720082507087
c42,n49,4.0,ne_rien_faire,1,1,4.0,resolu,1.0,4.0,0.222060554615596,0.36490765639531647,0.3981334994070342,0.3075571457911508,0.17449845573370193,0.7617342965575464,0.4951878254329182,0.32544887420629104,0.0,0.0,-0.026654358888750285
c42,n0,2.0,expedition_express,1,1,2.0,partiel,0.0,0.0,0.1089400653905816,0.4366324292351127,0.7412928057708497,0.5090432767041833,0.570325767925436,0.43134053942240985,0.09134316136547294,0.6925721460362656,0.18,0.18,-0.31906266587823295
c42,n1,0.0,promouvoir_arc_secours,1,0,0.0,en_cours,,4.0,0.593631761226,0.5376374692062252,0.9257847824943389,0.3694312066787731,0.7424385684424482,0.6576631916407706,0.4423859436928017,0.9899863936253588,0.0847811404775453,0.0847811404775453,1.7760425844737149
c42,n2,15.0,boost_capacite,1,1,15.0,echec,0.0,0.0,0.15092703265539884,0.5639504445480626,0.06032073902266248,0.6463950727433588,0.8506119115839307,0.7357184392705354,0.576211302461695,0.5063700526035787,0.06576450329934143,0.06576450329934143,0.939440397617056
c42,n3,8.0,ne_rien_faire,1,1,8.0,partiel,0.0,3.0,0.45887936324153483,0.6318920466502228,0.38019092513614366,0.2104638494309153,0.46924600614085127,0.8624397289303093,0.3555550370950829,0.7534286436194777,0.0,0.0,0.36628615640930307
c42,n4,13.0,revue_declaration,1,1,13.0,resolu,1.0,2.0,0.5206767830272088,0.1090799414996608,0.17552261256251656,0.7214453890182022,0.7711700031697767,0.7879485655628679,0.7282366932511526,0.9858870558899087,0.19,0.19,1.0084570024589263
c42,n5,4.0,replanifier_jalon,1,1,4.0,echec,0.0,3.0,0.730940530833717,0.2788165265925376,0.5460042986740931,0.34926959196490115,0.2344423681459711,0.6041768462671738,0.17013100465991932,0.9363105625105136,0.07586754174215447,0.07586754174215447,1.2782146515393746
c42,n6,4.0,replanifier_jalon,1,1,4.0,partiel,0.0,4.0,0.5431702098648112,0.31586576407300304,0.2718482998233408,0.7399732044495501,0.1975404336569355,0.5390547281429497,0.6618855948718705,0.31811517143782564,0.19,0.19,1.3178506009047632
c42,n7,6.0,replanifier_jalon,1,1,6.0,echec,0.0,0.0,0.19457346329244274,0.428397020310484,0.09185698124238184,0.722525487215215,0.4751651257601208,0.7671913885592576,0.5385459727971935,0.5903967465386832,0.05036857131959023,0.05036857131959023,0.29104912690479917
c42,n8,4.0,replanifier_jalon,1,0,4.0,en_cours,,2.0,0.3242861834773829,0.8300575149647327,0.7803672641772149,0.17907277825605458,0.5915559548056977,0.473894490709464,0.2708081422335542,0.4204070225256736,0.19,0.19,1.3874346930503647
c42,n9,8.0,ne_rien_faire,1,1,8.0,partiel,0.0,0.0,0.22888479307954582,0.29136946612775266,0.4217977171722493,0.37208785741117206,0.6838952665701078,0.3981222307279116,0.36876845281409615,0.19264152370714716,0.0,0.0,-1.4916542185376336
c42,n10,5.0,ne_rien_faire,1,1,5.0,echec,0.0,0.0,0.5144450814163042,0.7683157950690135,0.634752675226405,0.7087126392255007,0.5153227295718875,0.36806121619365284,0.8374038095654852,0.7706669719482917,0.0,0.0,0.5317454275125988
c42,n11,16.0,ne_rien_faire,1,1,16.0,partiel,0.0,3.0,0.474414643419491,0.7390390499355664,0.3790412250478157,0.6096859245950161,0.37240683540624964,0.5554157842461414,0.41542926034982436,0.6541914091979537,0.0,0.0,0.7292252463629102
c42,n12,7.0,expedition_express,1,0,7.0,en_cours,,2.0,0.20520744895543014,0.8252381432907995,0.3726353766822,0.5671000951264559,0.5142650880503592,0.5841649976157889,0.22448398140390077,0.7680244695542362,0.19999999999999998,0.19999999999999998,0.5578036952980064
c42,n13,5.0,ne_rien_faire,1,1,5.0,resolu,1.0,0.0,0.18791491085064319,0.3313282585247358,0.41871773236110993,0.6640436219297627,0.5600174637115228,0.5637386953367319,0.8105341081355945,0.1831824060009808,0.0,0.0,-1.4069618093894
c42,n14,12.0,boost_capacite,1,0,12.0,en_cours,,0.0,0.593571654715849,0.569091807430314,0.6326721432854427,0.42464051639838074,0.711963550206776,0.6412821586372008,0.823724327557404,0.8238252862128373,0.06576450329934143,0.06576450329934143,0.8480987057537598
c42,n15,12.0,ne_rien_faire,1,1,12.0,partiel,0.0,3.0,0.08697880063202013,0.5863777159347418,0.2229104370021768,0.5306717703525035,0.5223469920928342,0.31657623202550633,0.2896741626417885,0.5121807134905189,0.0,0.0,-1.2528371376052272
c42,n16,4.0,boost_capacite,1,0,4.0,en_cours,,1.0,0.15412738633115522,0.3832228986242675,0.249893657654223,0.45045897663252243,0.3413014905807177,0.3266176079250936,0.8631342198491027,0.5814940101803145,0.06576450329934143,0.06576450329934143,0.507380123080613
c42,n17,16.0,ne_rien_faire,1,1,16.0,partiel,0.0,4.0,0.005142989883455876,0.46366468269988315,0.5203387666826894,0.6320650760902401,0.4335443524909031,0.3651227932276164,0.350218582392261,0.943123730146657,0.0,0.0,-1.8032076022273673
c42,n18,11.0,promouvoir_arc_secours,1,1,11.0,partiel,0.0,4.0,0.18827927627227697,0.554310952000903,0.6840484366670171,0.4473646931388752,0.35104480895367346,0.6820509204922661,0.40966873851249075,0.6760333013483566,0.06507160887649192,0.06507160887649192,1.0509355530008755
c42,n19,17.0,ne_rien_faire,1,1,17.0,resolu,1.0,3.0,0.38704778490886754,0.1946534325228936,0.42785736460487106,0.9514881192182729,0.5044258193033797,0.48062274460419435,0.42336871344519456,0.7445749643483557,0.0,0.0,-1.4972941549327856
c42,n20,1.0,ne_rien_faire,1,1,1.0,partiel,0.0,3.0,0.12073331937566058,0.20250472941628672,0.37345790302126247,0.40741432956788437,0.7225389634972038,0.6755800687784984,0.20420153956740342,0.18825561836968305,0.0,0.0,-1.4445014959211262
c42,n21,0.0,ne_rien_faire,1,1,0.0,resolu,1.0,2.0,0.1035672152327842,0.48373881734579993,0.08497576554816769,0.5159703894830063,0.12283410536683692,0.2738464589236557,0.6468269055090466,0.7177555967607854,0.0,0.0,-0.2394041255208842
c42,n22,6.0,ne_rien_faire,1,1,6.0,resolu,1.0,1.0,0.5481934432653447,0.16323959246785086,0.5654941334006383,0.6809382963485472,0.10024266062027305,0.8626078225555641,0.42246102594376694,0.7991767312178266,0.0,0.0,0.7449359791039407
c42,n23,5.0,ne_rien_faire,1,1,5.0,partiel,0.0,1.0,0.10360474619162544,0.3585834830855121,0.4158018420197582,0.7661294065433142,0.5770886164365561,0.17506181169569268,0.6098042192911253,0.543097152309752,0.0,0.0,0.7999786854170357
c42,n24,14.0,ne_rien_faire,1,1,14.0,partiel,0.0,4.0,0.43318514005774256,0.32490388655192864,0.538448863828953,0.8044753033308006,0.2477260162985968,0.2957230071354946,0.1696413035457836,0.270903903384585,0.0,0.0,-1.1990213588178982
c42,n25,1.0,boost_capacite,1,1,1.0,partiel,0.0,2.0,0.2504724446937615,0.20387146971371242,0.1584210091513502,0.401302676127143,0.6466090475470629,0.8362408498850388,0.4613795652804615,0.8448974573157705,0.09404583781437073,0.09404583781437073,0.08334521554827296
c42,n26,0.0,ne_rien_faire,1,1,0.0,resolu,1.0,1.0,0.05036916370107685,0.19343235087067184,0.39794757439581524,0.2850150415257533,0.2174698944557388,0.8127094560372594,0.45141516583675173,0.695471734105642,0.0,0.0,-0.3896723931181785
c42,n27,8.0,replanifier_jalon,1,1,8.0,resolu,1.0,0.0,0.12823281413094123,0.645064357032464,0.4364256566221361,0.48673312858398315,0.5787878703693135,0.7551976329258224,0.4473648078338054,0.9692514805270678,0.11968501984040748,0.11968501984040748,-0.3823588778243889
c42,n28,7.0,ne_rien_faire,1,1,7.0,partiel,0.0,3.0,0.1280748266752784,0.4049637843372383,0.8414642137363529,0.45598459601539415,0.682831283964469,0.4038996171902103,0.08015361465451613,0.27014544187786743,0.0,0.0,-1.145822774055639
c42,n29,3.0,ne_rien_faire,1,1,3.0,resolu,1.0,2.0,0.010460484849449623,0.25109884746023015,0.2017188965322583,0.4428452975807381,0.6426670999291265,0.5988844907090183,0.6415512944106191,0.16483519067417418,0.0,0.0,0.2683345104060079
c42,n30,1.0,ne_rien_faire,1,1,1.0,partiel,0.0,4.0,0.07258140335588976,0.3798591392011793,0.8716560809802056,0.7959651289795378,0.1464630338199447,0.5955623960145119,0.4474097014287764,0.8950956118305435,0.0,0.0,0.5677153997896717
c42,n31,0.0,promouvoir_arc_secours,1,1,0.0,resolu,1.0,4.0,0.10464233952132115,0.8215622024970455,0.6570575778470547,0.14660769553185765,0.23724913375873086,0.5144537281357848,0.2555322851225877,0.8881867144762015,0.06507160887649192,0.06507160887649192,-0.8695521121416224
c42,n32,3.0,ne_rien_faire,1,1,3.0,resolu,1.0,1.0,0.3641562324438227,0.3364769826433246,0.1757058127436232,0.4896967183932834,0.4833489636502614,0.30814497002348185,0.622020255045315,0.02825072434141294,0.0,0.0,0.1268623127275368
c42,n33,5.0,revue_declaration,1,1,5.0,resolu,1.0,0.0,0.20557437117509558,0.7257206618690936,0.09681220076349666,0.64326619847668,0.5065246469683746,0.22999119424794195,0.16369181073612274,0.9883824247984326,0.19999999999999998,0.19999999999999998,-2.382927673840745
c42,n34,15.0,replanifier_jalon,1,1,15.0,resolu,1.0,0.0,0.37742468860653977,0.15897454553441548,0.8646187778792487,0.2367668327087173,0.43849948156962554,0.745293009818874,0.6907569803260024,0.9647686644337121,0.06948979284705413,0.06948979284705413,0.9255611863978921
c42,n35,8.0,ne_rien_faire,1,1,8.0,partiel,0.0,4.0,0.43697225927809663,0.6041843581323867,0.6365382836300632,0.6248546465198963,0.37746529684233077,0.2585609157818177,0.4977432931757223,0.3677120488083977,0.0,0.0,-0.7299121877295393
c42,n36,11.0,boost_capacite,1,1,11.0,resolu,1.0,2.0,0.20830098642698514,0.2635784875864547,0.1993102173992077,0.6618230125369863,0.40458447468421876,0.6083170891782034,0.7342478195699685,0.9206504395663108,0.18,0.18,0.5537204234889068
c42,n37,2.0,revue_declaration,1,1,2.0,echec,0.0,1.0,0.5017835310062906,0.41408508599749894,0.2409177485237836,0.3011134413899659,0.7153087825485884,0.6715775985280107,0.5550687745117073,0.9471243464165976,0.19999999999999998,0.19999999999999998,2.0761442679460087
c42,n38,15.0,expedition_express,1,1,15.0,resolu,1.0,0.0,0.45675377784136073,0.28233540701712634,0.5918431852112487,0.6782912068449058,0.5754887024164127,0.2365300010048124,0.17506861324570422,0.13463409838143464,0.18,0.18,-1.10682381282637
c42,n39,16.0,ne_rien_faire,1,1,16.0,echec,0.0,0.0,0.2742015798028263,0.5100898852250271,0.30539731822534305,0.6978238344428647,0.8675372091982382,0.11123324390700068,0.12623295459683206,0.9811781585046208,0.0,0.0,-1.0377479321233873
c42,n40,0.0,boost_capacite,1,1,0.0,echec,0.0,1.0,0.47669114009027636,0.8346639876448014,0.43729356988330087,0.39413487073434006,0.7658927900915679,0.5238170165962295,0.16831948458006032,0.2672261464728019,0.06576450329934143,0.06576450329934143,-0.3743608378436303
c42,n41,13.0,ne_rien_faire,1,1,13.0,partiel,0.0,4.0,0.41502304209306834,0.501606237853702,0.7309028633956605,0.7856894689448652,0.23628688962377895,0.7366875160554757,0.3184528615216961,0.96404963059297,0.0,0.0,-0.6258914464949957
c42,n42,4.0,ne_rien_faire,1,1,4.0,echec,0.0,0.0,0.21476606542889073,0.19292748514079436,0.5515623926179861,0.4303294987348351,0.4979989501883117,0.38131618573408294,0.6879898683531479,0.9626396873300404,0.0,0.0,0.880574361220034
c42,n43,13.0,ne_rien_faire,1,1,13.0,partiel,0.0,4.0,0.04461978109772887,0.24666713290733128,0.526379564667219,0.400028703210406,0.23719936341719108,0.1525607919699379,0.6526779716265201,0.819533778528613,0.0,0.0,-0.05227771980283136
c42,n44,7.0,revue_declaration,1,1,7.0,resolu,1.0,4.0,0.3730384461149444,0.5834821267207118,0.5401594835831136,0.193688273539648,0.16117020370276772,0.20532277295191106,0.7037813931272479,0.7405926227856473,0.05249761951415173,0.05249761951415173,1.2020334142521472
c42,n45,0.0,ne_rien_faire,1,1,0.0,partiel,0.0,4.0,0.028371236857451704,0.31416861413913266,0.7706040211495275,0.3426184617599407,0.46724048282899827,0.25457992019606857,0.5550469986937924,0.5921636479643213,0.0,0.0,-0.029533863806283533
c42,n46,9.0,ne_rien_faire,1,1,9.0,partiel,0.0,4.0,0.4976506049001177,0.46187270770589484,0.44458076549744585,0.4943721943617249,0.5421310142272319,0.4074829921688401,0.25862766657326725,0.5621692517062784,0.0,0.0,0.7811576748102116
c42,n47,10.0,ne_rien_faire,1,1,10.0,resolu,1.0,1.0,0.1741758518524815,0.5011333799504554,0.42192028043994145,0.19526781506848165,0.5269908435121091,0.8316826355066963,0.5856648368539855,0.4863246722423358,0.0,0.0,0.9938702455656402
c42,n48,16.0,replanifier_jalon,1,1,16.0,resolu,1.0,4.0,0.6008889668722759,0.20476035431332068,0.7050526847373321,0.6918038683951594,0.6861150931372278,0.26811050135909353,0.26202901081781166,0.4390798399961654,0.19,0.19,-0.09742226441655184
c42,n49,17.0,boost_capacite,1,1,17.0,partiel,0.0,0.0,0.3374230363205901,0.611440025936419,0.5388116530388236,0.5299272065241044,0.42234901840095357,0.24484711515001806,0.2884261555588791,0.5917366751962878,0.06576450329934143,0.06576450329934143,-1.201840172156737
c42,n0,15.0,promouvoir_arc_secours,1,1,15.0,resolu,1.0,1.0,0.6248855867564542,0.18947168823125213,0.5585860549139608,0.37889619347723696,0.38506074895629455,0.5647132924871624,0.715115153534253,0.5083819428726,0.11114874117773832,0.11114874117773832,1.509328384356547
c42,n1,16.0,expedition_express,1,1,16.0,resolu,1.0,1.0,0.3446663611416387,0.3504411473394245,0.18832812870428545,0.7660042314492467,0.9507265085311963,0.6143285514453591,0.7694666691896807,0.37784322801305287,0.18,0.18,1.06280608561284
c42,n2,9.0,ne_rien_faire,1,1,9.0,resolu,1.0,3.0,0.5420171092300342,0.47776950514210054,0.6015596226686911,0.5894949385824679,0.3999615838108694,0.4188964603537326,0.19997372069095531,0.6494070675228781,0.0,0.0,-0.5706129801912405
c42,n3,15.0,promouvoir_arc_secours,1,1,15.0,partiel,0.0,0.0,0.21296732476106728,0.5969306996458011,0.4783533727294049,0.5916272225692,0.3955552467948214,0.6295309026321169,0.49677305809557243,0.8586660441064035,0.11114874117773832,0.11114874117773832,-0.9658143859506343
c42,n4,3.0,ne_rien_faire,1,1,3.0,resolu,1.0,4.0,0.21939071387966472,0.45047103807416117,0.43570113090512425,0.2785621320351782,0.23229570832557303,0.7839893371762323,0.33242817056906876,0.5518385859619641,0.0,0.0,-0.4163040871341681
c42,n5,2.0,revue_declaration,1,1,2.0,resolu,1.0,3.0,0.5434674477493276,0.35323290620014525,0.8533720183589679,0.5368056442106954,0.6291613671032578,0.3867672466406565,0.7631717060479526,0.9756694456298358,0.09844224846172875,0.09844224846172875,0.9461051620964758
c42,n6,3.0,ne_rien_faire,1,1,3.0,resolu,1.0,4.0,0.1405181797037919,0.47619215627032496,0.27967168265464887,0.3732657308049037,0.4619037072094684,0.3901447250770042,0.34031358625114755,0.7125192539070014,0.0,0.0,-1.9309073289658714
c42,n7,4.0,boost_capacite,1,1,4.0,partiel,0.0,4.0,0.0967576779853808,0.27643849927005076,0.2005129806469652,0.6331484651671282,0.6533155685199921,0.4125275685582885,0.28553975718873276,0.853767672475438,0.053075940557296836,0.053075940557296836,-0.8521166338565476
c42,n8,12.0,boost_capacite,1,1,12.0,partiel,0.0,3.0,0.42810474557902045,0.5855116647623149,0.6334382982232708,0.034863158890908866,0.4848104214040662,0.26391708327811647,0.43858856985594075,0.4174671506451491,0.053075940557296836,0.053075940557296836,0.1423162481299193
c42,n9,10.0,ne_rien_faire,1,1,10.0,partiel,0.0,3.0,0.6272515840113381,0.12514139267732902,0.6591640660944278,0.7006237290413341,0.3553887460431234,0.11876560767224731,0.20148945533048965,0.12704829120460365,0.0,0.0,-1.124045938890763
c42,n10,17.0,expedition_express,1,1,17.0,partiel,0.0,4.0,0.04756339501985993,0.10592828184184787,0.6487527392778897,0.15139838127132565,0.32781892669682783,0.5895803289919449,0.7043411801477732,0.9307927444014275,0.050825581787975416,0.050825581787975416,0.533191398543041
c42,n11,6.0,revue_declaration,1,1,6.0,partiel,0.0,3.0,0.08042107316026542,0.19144332311671847,0.6251854791803425,0.5589173117033805,0.5357866017233747,0.24773227687963967,0.796703766380252,0.610532905174697,0.05249761951415173,0.05249761951415173,-0.3994398098829484
c42,n12,10.0,promouvoir_arc_secours,1,1,10.0,echec,0.0,1.0,0.22948341063694824,0.39576764617011956,0.43495145200296376,0.2854315264713012,0.8619545901232731,0.6601845889680173,0.6229107822860631,0.9835433613272834,0.07121226987735195,0.07121226987735195,-0.36808629880533633
c42,n13,16.0,expedition_express,1,1,16.0,resolu,1.0,2.0,0.2323766656990731,0.5912685434993371,0.431608570107945,0.47996678313666397,0.7325394720812192,0.1890509799867039,0.5623142514759839,0.4607564832051432,0.09287777229911215,0.09287777229911215,-0.6475015716830611
c42,n14,0.0,ne_rien_faire,1,1,0.0,resolu,1.0,1.0,0.13143608354897382,0.08490414025826876,0.3824075490484485,0.05999715182667041,0.38441137002057557,0.14087444901639426,0.282583113034265,0.5192424289087705,0.0,0.0,-1.6215411933867596
c42,n15,17.0,ne_rien_faire,1,1,17.0,echec,0.0,2.0,0.19548320207536543,0.36118301097454053,0.2268833586230364,0.7592388461465993,0.7271543357041257,0.4456431035716556,0.37858517188393737,0.760571272510319,0.0,0.0,-0.5470721495857314
c42,n16,14.0,ne_rien_faire,1,1,14.0,partiel,0.0,3.0,0.17167947546686077,0.41958396888885924,0.2588763988260525,0.30196761994599225,0.30374632536403856,0.7998004994563921,0.5944772188589144,0.38869205509955557,0.0,0.0,0.67318612482923
c42,n17,11.0,ne_rien_faire,1,1,11.0,partiel,0.0,4.0,0.3817992500792298,0.7219723006030355,0.2547949178400067,0.21306558292154795,0.3253427972566116,0.1285575046680229,0.4290581346732647,0.24002389491813625,0.0,0.0,-0.2606747255681824
c42,n18,14.0,ne_rien_faire,1,1,14.0,partiel,0.0,3.0,0.32064784780405287,0.4575893025273675,0.4127549107544881,0.11509726955580873,0.1164993005983362,0.1546963312080215,0.6007421622216347,0.2922459768794291,0.0,0.0,-0.8916606264392914
c42,n19,4.0,ne_rien_faire,1,1,4.0,partiel,0.0,0.0,0.5182578428237783,0.08858706518063786,0.5807040336457534,0.9715155067933908,0.933865646896098,0.6365722582269427,0.07326289562377505,0.3644588321706842,0.0,0.0,-0.8848376860869547
c42,n20,9.0,ne_rien_faire,1,1,9.0,resolu,1.0,1.0,0.26747238622069447,0.40004088357363204,0.8416670455182182,0.6841541800676597,0.5818419349554746,0.04156943476049649,0.08041653346623406,0.8055188524115051,0.0,0.0,-2.811894875460972
c42,n21,3.0,boost_capacite,1,1,3.0,echec,0.0,4.0,0.07786302050849998,0.5871061571185023,0.11690406083535831,0.15563440047052585,0.8385960379878992,0.41209512451680474,0.6324158265932079,0.9526769993171816,0.18,0.18,-1.357298678602136
c42,n22,4.0,ne_rien_faire,1,1,4.0,partiel,0.0,2.0,0.05064851893524824,0.4621021048441571,0.6887354928335782,0.27899280434468826,0.6470959494584708,0.2718639849008655,0.6880418029361114,0.4975142272564954,0.0,0.0,0.5275104607482716
c42,n23,2.0,ne_rien_faire,1,1,2.0,partiel,0.0,4.0,0.1291923583680323,0.29445010537248933,0.35847603600876615,0.4419218869685243,0.041608330617301764,0.35759142589920945,0.3102209639355894,0.35895635780547985,0.0,0.0,0.014078624319350586
c42,n24,11.0,promouvoir_arc_secours,1,1,11.0,echec,0.0,2.0,0.5649909879234409,0.351324551748734,0.29947692376436574,0.3095594971873635,0.7327994191369804,0.9298594668822914,0.7917825416902553,0.7753759600288357,0.08604221741899593,0.08604221741899593,1.075611392709943
c42,n25,6.0,replanifier_jalon,1,1,6.0,echec,0.0,4.0,0.4558794193772727,0.6718711060066543,0.444736334485694,0.6660942173639428,0.813939731591573,0.39669509127731295,0.5570591567021694,0.5912809575274286,0.19,0.19,1.8165991760719458
c42,n26,3.0,replanifier_jalon,1,1,3.0,resolu,1.0,1.0,0.7385003238965919,0.7114360390500691,0.5698819464961515,0.17963259977120072,0.7103252174666982,0.7424765898958388,0.7985175789586693,0.7551869459040135,0.05036857131959023,0.05036857131959023,1.0662460332930288
c42,n27,5.0,promouvoir_arc_secours,1,1,5.0,partiel,0.0,2.0,0.2469092245567878,0.43142505163496153,0.3334553976503387,0.4978781777593311,0.5667739936770336,0.7160101390085746,0.5107476711908271,0.8221644305847146,0.08604221741899593,0.08604221741899593,0.9155142376160705
c42,n28,17.0,replanifier_jalon,1,1,17.0,echec,0.0,4.0,0.21042423729916823,0.39241950894389094,0.5109411323254178,0.8157158502421754,0.7609915695859922,0.25943548217271134,0.506460828816911,0.9249393173653482,0.06732604454191315,0.06732604454191315,-0.9401855308233502
c42,n29,15.0,ne_rien_faire,1,1,15.0,resolu,1.0,1.0,0.37110613245085966,0.07710468593474948,0.8675344516828143,0.5439477128697925,0.39963596870615786,0.8976894126873742,0.2716197164890375,0.7384332153988158,0.0,0.0,0.47924344714375194
c42,n30,17.0,replanifier_jalon,1,1,17.0,echec,0.0,0.0,0.29661841737645706,0.4125700160712473,0.305976803358097,0.40959162451597597,0.5266326278966839,0.9273004803119645,0.2893449451829118,0.7238573046882352,0.05036857131959023,0.05036857131959023,0.18297422361760185
c42,n31,15.0,ne_rien_faire,1,1,15.0,resolu,1.0,3.0,0.10055552048355458,0.07449842447755153,0.8218047751842412,0.06306419304588172,0.6352060684482086,0.34707804356261224,0.2496260837678358,0.5553587049045094,0.0,0.0,-0.4054981046580004
c42,n32,9.0,boost_capacite,1,1,9.0,echec,0.0,3.0,0.40216598905702877,0.5055828929154151,0.8330803216636935,0.37052506405952945,0.11215222187030223,0.8280460455243936,0.633000516827829,0.3644204872424169,0.053075940557296836,0.053075940557296836,1.7170824655648254
c42,n33,8.0,expedition_express,1,1,8.0,resolu,1.0,3.0,0.04451560910268706,0.46337853288728525,0.8143555213854012,0.2762838564858779,0.1233694801143463,0.974817547595594,0.9352348851221667,0.8272471012898632,0.19999999999999998,0.19999999999999998,1.77369020539386
c42,n34,4.0,ne_rien_faire,1,1,4.0,partiel,0.0,1.0,0.38163533820918843,0.19416153799576286,0.263773854877978,0.1789068041251911,0.5329592393377488,0.2909963806308437,0.6441377274870367,0.7618387510240824,0.0,0.0,-0.9551326448871148
c42,n35,10.0,replanifier_jalon,1,0,10.0,en_cours,,2.0,0.5434093466171671,0.6011371191471159,0.3471850517609025,0.4495386292097094,0.4117764433846981,0.7908953026000777,0.29656299506939937,0.3175877620165608,0.08263442177277024,0.08263442177277024,-0.26749269238975354
c42,n36,10.0,revue_declaration,1,1,10.0,resolu,1.0,1.0,0.5472316377556086,0.3477831091777051,0.14588809500878777,0.0779502241714138,0.6737741455059502,0.8014487316206885,0.8033646027535943,0.4137606696605714,0.08275544669906046,0.08275544669906046,1.621351000296925
c42,n37,3.0,ne_rien_faire,1,1,3.0,resolu,1.0,2.0,0.28295684915218594,0.5181626225373069,0.605685022409405,0.5886087064968782,0.5326517701839002,0.39752065770285305,0.3151878701452928,0.725748287355933,0.0,0.0,-0.8202558844412777
c42,n38,5.0,expedition_express,1,1,5.0,resolu,1.0,0.0,0.4956275268742193,0.11693663331206597,0.5345066414790025,0.3807396089189109,0.4342100187957723,0.6114515221687795,0.4381066229221678,0.7833298683283377,0.10748598928679363,0.10748598928679363,0.46225326691979135
c42,n39,0.0,expedition_express,1,1,0.0,echec,0.0,4.0,0.27373596107965664,0.2581926426791466,0.3939633103007185,0.5186215676963992,0.5167528486779857,0.8234472766276645,0.5554817563486032,0.8730745608807667,0.19999999999999998,0.19999999999999998,1.0097993501736124
c42,n40,16.0,revue_declaration,1,1,16.0,resolu,1.0,3.0,0.229183625375374,0.1726820380362442,0.1940590937892637,0.3244144422564584,0.513021363047512,0.7556133482890204,0.9010487787808076,0.9478423067976082,0.19,0.19,1.8336512237310345
c42,n41,5.0,boost_capacite,1,1,5.0,partiel,0.0,2.0,0.17440009375995705,0.4077617176675185,0.6643418256050991,0.6149256449873577,0.6271800260469242,0.19275363369156656,0.23649726563748477,0.6872430317720304,0.053075940557296836,0.053075940557296836,0.20575702910763294
c42,n42,12.0,expedition_express,1,1,12.0,resolu,1.0,3.0,0.0669812994790943,0.5425068202242617,0.7393705276809214,0.649525256347997,0.46024053817913235,0.6101724434548241,0.7385570740638482,0.6896174362884573,0.09287777229911215,0.09287777229911215,0.8103328678513265
c42,n43,1.0,ne_rien_faire,1,1,1.0,partiel,0.0,1.0,0.19018870797883336,0.22338336466210154,0.8415292053857287,0.36998924173998454,0.6726474368369249,0.749275168527684,0.6595315902823177,0.43509707547542004,0.0,0.0,0.11679592195714994
c42,n44,7.0,promouvoir_arc_secours,1,1,7.0,resolu,1.0,0.0,0.33543259489383437,0.5009716047407974,0.21989415447757618,0.5961902820802694,0.7273605597021858,0.8541028518221708,0.393575134849004,0.6411705438578631,0.11114874117773832,0.11114874117773832,-1.2524998635826918
c42,n45,9.0,revue_declaration,1,1,9.0,resolu,1.0,1.0,0.5528687816511961,0.5579230521965302,0.4365416436495633,0.14105101661879937,0.5291865958957356,0.488378814328719,0.4809918297352198,0.956988654173766,0.19999999999999998,0.19999999999999998,1.047486267743013
c42,n46,4.0,promouvoir_arc_secours,1,0,4.0,en_cours,,4.0,0.45385656931370877,0.40429347783986563,0.2985142916276741,0.5289126563635868,0.646630915732478,0.7684100498927173,0.5788932408244722,0.5500695492023493,0.08604221741899593,0.08604221741899593,2.0933828530012555
c42,n47,6.0,promouvoir_arc_secours,1,1,6.0,partiel,0.0,2.0,0.37945942113446435,0.6905791596561616,0.2470622164713513,0.7275648610926412,0.40655010820288856,0.6517038631350576,0.3863903127094752,0.5394571915398588,0.06507160887649192,0.06507160887649192,0.5383998940654767
c42,n48,12.0,ne_rien_faire,1,1,12.0,partiel,0.0,2.0,0.14664763459021993,0.4723271202822986,0.710691853473365,0.6097680189648407,0.34017387923218606,0.563046135038013,0.385109934753964,0.5541511357966804,0.0,0.0,-1.9511390209586985
c42,n49,0.0,promouvoir_arc_secours,1,0,0.0,en_cours,,2.0,0.06570855677400897,0.27335514215019796,0.7784516592803465,0.42439583019296384,0.5031768000257587,0.4271424387975572,0.4467780666133891,0.26709199483236457,0.06507160887649192,0.06507160887649192,0.28576444473928786
c42,n0,13.0,revue_declaration,1,1,13.0,resolu,1.0,0.0,0.35581961228989034,0.2832557944857523,0.7334404360500483,0.14084400397729954,0.4925455436437858,0.35046165999063383,0.46066770473988794,0.9404780384457724,0.19999999999999998,0.19999999999999998,0.4880509857332252
c42,n1,11.0,ne_rien_faire,1,1,11.0,partiel,0.0,4.0,0.3023045042226544,0.672476678558326,0.8046222287337166,0.8660740036218714,0.5257191428745566,0.5989987766163293,0.4576383147840783,0.14676897705456207,0.0,0.0,-0.8042912135823577
c42,n2,8.0,boost_capacite,1,1,8.0,resolu,1.0,4.0,0.23881970792683596,0.5983670166097053,0.5913324939797525,0.4023028449989709,0.32875644492864525,0.8603471437045155,0.9129427427967246,0.8014253483434185,0.09404583781437073,0.09404583781437073,0.8761182103613331
c42,n3,14.0,promouvoir_arc_secours,1,1,14.0,partiel,0.0,1.0,0.3672918957110455,0.2894318839748797,0.4918085515611768,0.8733148635444727,0.5730300766818245,0.6579042630425398,0.180626939789616,0.8975444616988242,0.09375668266232669,0.09375668266232669,-0.2938273587179265
c42,n4,7.0,ne_rien_faire,1,1,7.0,resolu,1.0,2.0,0.39311961682049124,0.1971749878083806,0.791940917651848,0.7492627542034146,0.2961209866925026,0.35611202380872603,0.5508227958876531,0.716434186735495,0.0,0.0,0.5637149484512933
c42,n5,15.0,boost_capacite,1,1,15.0,echec,0.0,3.0,0.1981550573561275,0.42731561522890815,0.36873759529782024,0.4222184887849061,0.588648391310832,0.37276663048462255,0.7730257423438498,0.7574792377161413,0.053075940557296836,0.053075940557296836,0.5217738175361586
c42,n6,3.0,promouvoir_arc_secours,1,1,3.0,resolu,1.0,1.0,0.26886512291810516,0.3165485318928477,0.63718328587616,0.5813765816881208,0.3101476855209331,0.6304546254616678,0.450341257255791,0.8952076698642419,0.09375668266232669,0.09375668266232669,0.3359826780564597
c42,n7,3.0,ne_rien_faire,1,1,3.0,partiel,0.0,3.0,0.2755182596131891,0.3000903091259593,0.15797307470154856,0.8814996208910719,0.40946822683927947,0.5457479274068265,0.15171501463354595,0.8575727439382969,0.0,0.0,-1.3501349546522012
c42,n8,0.0,replanifier_jalon,1,1,0.0,partiel,0.0,0.0,0.2602278718100865,0.26552299080228214,0.6223007071525836,0.3451132746943375,0.622974484006193,0.26356891962809986,0.6954901586382859,0.9649477330481823,0.06948979284705413,0.06948979284705413,0.5179097722794916
c42,n9,8.0,ne_rien_faire,1,1,8.0,partiel,0.0,1.0,0.051867040259830605,0.5181426183039132,0.9716336777272667,0.39064484909008634,0.4890923356678658,0.8524180859562143,0.46984688719639195,0.505706012967536,0.0,0.0,0.10867178148147459
c42,n10,7.0,boost_capacite,1,0,7.0,en_cours,,0.0,0.3027100092779818,0.3660936574887078,0.5993358711632089,0.26924667617775566,0.7974021399038109,0.5974256585293112,0.03228905885087632,0.40486502161191257,0.06576450329934143,0.06576450329934143,-0.756313599952248
c42,n11,5.0,ne_rien_faire,1,1,5.0,partiel,0.0,0.0,0.07446776104826397,0.6594932325715824,0.5655343745796351,0.5742646434695551,0.5041740841192461,0.7830667665404125,0.6787058835025188,0.08987875713180198,0.0,0.0,-0.7348492023388415
c42,n12,6.0,ne_rien_faire,1,1,6.0,partiel,0.0,4.0,0.3728096557042661,0.28971877771849586,0.73751731349523,0.8509328575861623,0.35940011594532345,0.6284603248626502,0.8455511128881084,0.8490573184731813,0.0,0.0,0.08734573014268143
c42,n13,12.0,ne_rien_faire,1,1,12.0,partiel,0.0,0.0,0.520262538226223,0.2020577746813318,0.5381182380573758,0.3864448978873478,0.1651290857178392,0.37557659227150253,0.2603640655355723,0.5338985794945486,0.0,0.0,0.08487375054049631
c42,n14,4.0,boost_capacite,1,1,4.0,echec,0.0,2.0,0.21095490894009375,0.5939257544568075,0.5710150118258346,0.45942571461032755,0.559926921649786,0.7647831398409349,0.6583409419153615,0.9489411359748303,0.10810334108612218,0.10810334108612218,0.2621263628149716
c42,n15,3.0,ne_rien_faire,1,1,3.0,partiel,0.0,3.0,0.32946724799755395,0.3594502315387929,0.9333910208456752,0.09699665166622998,0.4991431538909262,0.747737862871742,0.2887694658175879,0.4475223315269559,0.0,0.0,-0.21521511771354515
c42,n16,15.0,ne_rien_faire,1,1,15.0,resolu,1.0,3.0,0.029835990709322,0.3351641754875017,0.17096851724943876,0.3548879765420593,0.2408166221184052,0.7960292783467423,0.12422642637330217,0.16806723355283767,0.0,0.0,0.25539723655934077
c42,n17,2.0,expedition_express,1,1,2.0,partiel,0.0,3.0,0.17416656079920878,0.2306050794191476,0.4328622363777134,0.4015722058228129,0.9739040896829739,0.4057593522513056,0.09980357014734585,0.8651886972222093,0.09287777229911215,0.09287777229911215,-0.3959948844188804
c42,n18,3.0,replanifier_jalon,1,1,3.0,resolu,1.0,2.0,0.2535894843605621,0.2534066919165025,0.5545288405962796,0.6334514270677624,0.7080725091260331,0.5937451866778272,0.6945160296950327,0.7449297855058802,0.19,0.19,1.1180965109751648
c42,n19,15.0,ne_rien_faire,1,1,15.0,resolu,1.0,1.0,0.23029068593391067,0.29640749011817874,0.7684484990426879,0.8510900540062932,0.27807354799482287,0.464890124611299,0.5353042965769236,0.9325223338934084,0.0,0.0,-1.119392961139365
c42,n20,17.0,ne_rien_faire,1,1,17.0,partiel,0.0,1.0,0.3554716995858911,0.1937061001984883,0.35350949411138294,0.6824440010995204,0.4685744716091597,0.8538831054542788,0.6856999486167111,0.9977223670417559,0.0,0.0,0.38862370963129056
c42,n21,0.0,ne_rien_faire,1,1,0.0,resolu,1.0,0.0,0.038639379859265514,0.33440671764221525,0.5682665138917268,0.6374152018918102,0.5647300727255076,0.420683329072157,0.31136083962410627,0.5791387495457706,0.0,0.0,-0.62084484315768
c42,n22,0.0,revue_declaration,1,0,0.0,en_cours,,1.0,0.7420814400874682,0.26357585451421967,0.6149640131888197,0.16721299027096478,0.8121062481559699,0.4776967387706222,0.40260696543739016,0.31120572681581876,0.07101163994378579,0.07101163994378579,0.5803806644203668
c42,n23,0.0,ne_rien_faire,1,1,0.0,resolu,1.0,0.0,0.42525108945602236,0.07656144170943392,0.6661428996985083,0.4646873135316736,0.5652075047035733,0.24211246827347835,0.12485073095116832,0.5628417661905784,0.0,0.0,-1.093162770599435
c42,n24,4.0,ne_rien_faire,1,1,4.0,echec,0.0,0.0,0.5718457651224718,0.5742821523988891,0.7609321611536795,0.4986630050750928,0.17539396333306287,0.3969019383007906,0.618793554531852,0.9293991597219378,0.0,0.0,-0.049515024688648324
c42,n25,11.0,ne_rien_faire,1,1,11.0,partiel,0.0,4.0,0.05796946180997773,0.05871580194022075,0.7517836485552639,0.6222805311723415,0.3209856305859508,0.16790042285993861,0.805599977730901,0.5397907787690663,0.0,0.0,0.051274288556714426
c42,n26,14.0,revue_declaration,1,0,14.0,en_cours,,3.0,0.30387449175165365,0.29807405894622535,0.803286955901654,0.7932219002990493,0.5100241285560574,0.29623850243670413,0.4058586798375761,0.7120867460538395,0.05249761951415173,0.05249761951415173,0.11081478207385315
c42,n27,9.0,ne_rien_faire,1,1,9.0,partiel,0.0,1.0,0.08728069520465258,0.1950084238929681,0.8573275750977362,0.5853102187548667,0.33463115575214525,0.32896407122307086,0.25896035906173764,0.446059263177292,0.0,0.0,-1.317797300418797
c42,n28,4.0,promouvoir_arc_secours,1,1,4.0,echec,0.0,3.0,0.33143365944565456,0.31895542668022037,0.3872217493458955,0.1030940614601141,0.9211316879722481,0.5685544221637445,0.6335046523379441,0.7684579457941668,0.06507160887649192,0.06507160887649192,0.6922441966935744
c42,n29,2.0,replanifier_jalon,1,0,2.0,en_cours,,0.0,0.22422130901187898,0.6011304556679236,0.44947555917314275,0.6343456062666775,0.491875763087183,0.6387031958766499,0.6397417813057448,0.9695778870050865,0.11968501984040748,0.11968501984040748,1.2396250592543576
c42,n30,7.0,ne_rien_faire,1,1,7.0,resolu,1.0,2.0,0.09549110666078285,0.3250091337241117,0.9138408004334334,0.4962947019920824,0.4515933962405334,0.5096164873614477,0.78313699448179,0.9505074243779643,0.0,0.0,-0.910759042291184
c42,n31,4.0,ne_rien_faire,1,1,4.0,partiel,0.0,1.0,0.12347107255070097,0.5857021383378996,0.6473814717889123,0.42379949230736735,0.4833235547062083,0.028540511346627,0.6628910063161282,0.43085759286581427,0.0,0.0,-1.3461163942700016
c42,n32,2.0,expedition_express,1,1,2.0,partiel,0.0,4.0,0.37161790645926923,0.5016594630798225,0.2306128650325625,0.22054588621761653,0.23548941384988406,0.2092994559747005,0.4193880108197021,0.4513239867400799,0.09287777229911215,0.09287777229911215,0.2780230172796289
c42,n33,10.0,replanifier_jalon,1,0,10.0,en_cours,,3.0,0.5044277773836627,0.11318350733076447,0.7611419591925197,0.5790382272736374,0.361955478995819,0.5309356378996206,0.5641755611208641,0.5353943297572878,0.19,0.19,-0.6868699450820662
c42,n34,12.0,ne_rien_faire,1,1,12.0,partiel,0.0,3.0,0.5501652903486557,0.19263764809967865,0.5017448915297292,0.36249112896637725,0.28453725061138213,0.5090485590654574,0.6828407624801671,0.5097835797868052,0.0,0.0,0.9892078765866008
c42,n35,4.0,ne_rien_faire,1,1,4.0,resolu,1.0,2.0,0.04371518418098739,0.12107012953468173,0.5352615235530812,0.41997496483775243,0.05585078355285551,0.5955560970946683,0.23107801679381826,0.7339868821338668,0.0,0.0,-0.885974887253038
c42,n36,10.0,ne_rien_faire,1,1,10.0,resolu,1.0,2.0,0.12800916002075763,0.22097790753896074,0.2459758763582191,0.8337340704530217,0.5246438365945469,0.34093191597469025,0.5995205235383577,0.36233688047411944,0.0,0.0,0.3227972538015003
c42,n37,7.0,replanifier_jalon,1,1,7.0,resolu,1.0,0.0,0.11462972317920113,0.27139816950979034,0.5195122435885882,0.4656605984385267,0.9286486206610048,0.26894196466149134,0.43266081514012866,0.8234334360567278,0.11280496606787029,0.11280496606787029,-0.65357633636357
c42,n38,6.0,replanifier_jalon,1,1,6.0,partiel,0.0,4.0,0.07526717584143804,0.4377077757490569,0.6384657196086035,0.46432690196903026,0.7729725456051805,0.359646721631193,0.9086517782740812,0.7563504994851693,0.19,0.19,-0.218773565486713
c42,n39,8.0,ne_rien_faire,1,1,8.0,resolu,1.0,0.0,0.16821886185155072,0.20378736423277474,0.6346810426939368,0.3595583658410891,0.35694676630677324,0.6070308494616303,0.3761552840829958,0.5792423417413096,0.0,0.0,0.055337383039936405
c42,n40,6.0,promouvoir_arc_secours,1,0,6.0,en_cours,,4.0,0.07268473650027135,0.4723102569680466,0.22776000020039286,0.6571278513032702,0.7733045715549501,0.5105471492265765,0.5362717775763461,0.7596241044555699,0.06507160887649192,0.06507160887649192,-0.1770169396239624
c42,n41,6.0,promouvoir_arc_secours,1,1,6.0,echec,0.0,0.0,0.28608995235587564,0.4074598162848931,0.18716195632859964,0.5709163225562496,0.6702459277845453,0.7300508758378403,0.932376519516677,0.880206322125202,0.11114874117773832,0.11114874117773832,0.5921228536538152
c42,n42,1.0,revue_declaration,1,1,1.0,partiel,0.0,4.0,0.37783376219355175,0.6468061095961292,0.4645945726600327,0.3367615794005185,0.6775211190020649,0.3589217477980462,0.30258666132085427,0.8301572982478793,0.05249761951415173,0.05249761951415173,-0.39881625344393157
c42,n43,13.0,promouvoir_arc_secours,1,1,13.0,echec,0.0,1.0,0.002565395591599823,0.4887780845051889,0.48778844640737223,0.6694130410917551,0.6855439840688304,0.4609608383845525,0.42028846678228277,0.2975704050224659,0.09375668266232669,0.09375668266232669,1.1112698871991211
c42,n44,3.0,ne_rien_faire,1,1,3.0,echec,0.0,2.0,0.13009040265124733,0.5405230935742504,0.4559588313601938,0.2141250037943632,0.2730956885132002,0.5981136974188908,0.30027931801582064,0.8289644297289323,0.0,0.0,-0.4856667538393973
c42,n45,13.0,ne_rien_faire,1,1,13.0,partiel,0.0,4.0,0.24714807839098826,0.41203546197045154,0.8500541918062745,0.2681693703306719,0.43896226927794846,0.1991020027307297,0.33457699158372234,0.6047747581867505,0.0,0.0,-1.6444666136710464
c42,n46,9.0,replanifier_jalon,1,0,9.0,en_cours,,0.0,0.15285529594377373,0.4526690579976073,0.38641907531656194,0.19191743399365674,0.47342844873487144,0.9730301672888129,0.6096513236079952,0.9405319286711514,0.11968501984040748,0.11968501984040748,-0.9379186419619245
c42,n47,2.0,revue_declaration,1,1,2.0,partiel,0.0,0.0,0.028755802063309407,0.24807415930173032,0.7486857564783228,0.5067828569079633,0.5719573841257358,0.4991589717210018,0.09237044132970604,0.6807036091966908,0.07101163994378579,0.07101163994378579,-0.8020573208570898
c42,n48,3.0,replanifier_jalon,1,1,3.0,resolu,1.0,4.0,0.042186652870423696,0.5197777832073729,0.7247592475933029,0.2473864911595375,0.515916250061501,0.7015472827616336,0.3248532094771727,0.6149294860540391,0.19,0.19,-0.3383301169051467
c42,n49,1.0,ne_rien_faire,1,1,1.0,partiel,0.0,2.0,0.15119073083454546,0.5112419162944142,0.3171505495785667,0.06523779390422081,0.21792987546866552,0.7240325133197755,0.4811073895738307,0.2581984644075801,0.0,0.0,-0.13975303138547446
c42,n0,15.0,replanifier_jalon,1,1,15.0,resolu,1.0,1.0,0.3905017319682685,0.26048555758883873,0.16322809673479688,0.14051729667208235,0.5321703812898531,0.6731129271629369,0.5351026117084693,0.8487654487419304,0.05036857131959023,0.05036857131959023,0.8479832562828733
c42,n1,14.0,ne_rien_faire,1,1,14.0,partiel,0.0,4.0,0.10680093459717267,0.577352618038805,0.4485714505414908,0.4861608874544011,0.22541828991012247,0.3913694085153943,0.39750876892100817,0.5956902512199267,0.0,0.0,-2.751535078963819
c42,n2,2.0,ne_rien_faire,1,1,2.0,echec,0.0,1.0,0.3743589499817738,0.44009088702475097,0.4174718465173692,0.9189177753143407,0.3896522659050476,0.2251723233410815,0.3207022139620439,0.797748926168585,0.0,0.0,-1.2574731725292785
c42,n3,7.0,revue_declaration,1,1,7.0,echec,0.0,3.0,0.5840261149403972,0.32892783609291393,0.6569016291851141,0.9531731353991829,0.6877690038506494,0.45264758551681455,0.6799986216806446,0.4308736299890509,0.05249761951415173,0.05249761951415173,0.2504126076594645
c42,n4,13.0,expedition_express,1,1,13.0,resolu,1.0,4.0,0.19880476897587043,0.8699114963848048,0.4620566976126203,0.47601688713380075,0.441840404671653,0.8197493661441273,0.9012129104986967,0.4326609962408483,0.19999999999999998,0.19999999999999998,0.7995954358284865
c42,n5,8.0,ne_rien_faire,1,1,8.0,resolu,1.0,1.0,0.04525754879458361,0.3529473444293351,0.2298669780455576,0.9402394498599783,0.4211489963961769,0.5699506405938783,0.20102658287067313,0.9902060975812361,0.0,0.0,-1.1024397449829482
c42,n6,4.0,ne_rien_faire,1,1,4.0,echec,0.0,4.0,0.2915679295418349,0.5341922672528778,0.8161812729985153,0.43329325415035436,0.6992856435737779,0.3155324659738039,0.5631349824602634,0.5227223030586797,0.0,0.0,0.3752143802201934
c42,n7,2.0,ne_rien_faire,1,1,2.0,resolu,1.0,4.0,0.11367179906179416,0.3242704486399036,0.7513433317822118,0.5441929233484216,0.5645733598615386,0.6890474990383373,0.2983441340157381,0.44159878558358484,0.0,0.0,-0.5939472900795836
c42,n8,14.0,ne_rien_faire,1,1,14.0,partiel,0.0,2.0,0.6361149499505803,0.23035313184989709,0.6387527038168977,0.08482267676497365,0.1802876631106206,0.4253606940692178,0.4401499796792414,0.7776539420466558,0.0,0.0,0.431824260726944
c42,n9,3.0,ne_rien_faire,1,1,3.0,resolu,1.0,1.0,0.2346375740369718,0.18052470493868514,0.49843783435968964,0.5417101147124145,0.39300795866808497,0.3839733624243883,0.6490983880680204,0.45937348706627723,0.0,0.0,0.14195454151157189
c42,n10,0.0,revue_declaration,1,0,0.0,en_cours,,3.0,0.012280900070108373,0.6752526951611018,0.14916604929022875,0.29379359656238524,0.7162241484650368,0.11585013526535226,0.896855770396917,0.9097139742217225,0.09844224846172875,0.09844224846172875,-0.5478948270814107
c42,n11,6.0,revue_declaration,1,1,6.0,echec,0.0,3.0,0.36206859812385983,0.43478921497191697,0.32373280344965444,0.5327722474174392,0.7789649584097199,0.8751154444066923,0.670278111940595,0.7991439056110086,0.08598823526196597,0.08598823526196597,0.9401667671339488
c42,n12,16.0,ne_rien_faire,1,1,16.0,resolu,1.0,0.0,0.3032374878633943,0.20511573825053428,0.7643564045027794,0.6993220884450274,0.474364176888609,0.3977162434759142,0.4503517099979335,0.7898058776976092,0.0,0.0,-1.701366147564046
c42,n13,9.0,ne_rien_faire,1,1,9.0,partiel,0.0,2.0,0.2614781723956295,0.17856797622943227,0.6988823714581659,0.6535059937379004,0.5815652738966753,0.09110318528071738,0.16142402659160107,0.7969429979551974,0.0,0.0,-1.5594397499790587
c42,n14,7.0,revue_declaration,1,1,7.0,partiel,0.0,4.0,0.014624908595493712,0.6171210386082824,0.14150973529315153,0.8836021613487898,0.42476029200215293,0.7702373428350546,0.45867802990216405,0.9004953235839696,0.09844224846172875,0.09844224846172875,1.9189023963126517
c42,n15,11.0,ne_rien_faire,1,1,11.0,partiel,0.0,0.0,0.28025219731038714,0.09691015686333683,0.27225250908913284,0.7037778995491322,0.08974317132759789,0.8474232587695545,0.3822643420388512,0.2850158086690517,0.0,0.0,0.9545071527408664
c42,n16,0.0,ne_rien_faire,1,1,0.0,partiel,0.0,0.0,0.10973130300337476,0.4979648704044997,0.3864846864630596,0.9246344539853568,0.6435857737149203,0.5063320462507906,0.14900690025326813,0.28596182394306763,0.0,0.0,-1.7363514096414248
c42,n17,3.0,promouvoir_arc_secours,1,1,3.0,resolu,1.0,2.0,0.1297268636535918,0.6511316958336917,0.6311736811452215,0.43203753006033513,0.45299450880944414,0.7408463584902926,0.9571482261899383,0.6772340979093731,0.08604221741899593,0.08604221741899593,1.2269172473671097
c42,n18,17.0,ne_rien_faire,1,1,17.0,partiel,0.0,4.0,0.35916505820228206,0.23261025206705796,0.3422344292033712,0.028219702581717517,0.44506686507351995,0.09739502286650445,0.5829098414524504,0.7869097989977565,0.0,0.0,0.49785183276411404
c42,n19,14.0,replanifier_jalon,1,1,14.0,partiel,0.0,4.0,0.24681586702368244,0.28102579293773483,0.3160064666130243,0.5622807572002512,0.5165386929083335,0.42358112253674457,0.29686484798080726,0.9358680665170538,0.06732604454191315,0.06732604454191315,-1.2151509255835586
c42,n20,8.0,replanifier_jalon,1,0,8.0,en_cours,,2.0,0.3053432917599283,0.5817829371207284,0.42210057297255443,0.05706337187089075,0.5602874258758094,0.6412668566766344,0.6595094967307514,0.9467639104172497,0.07586754174215447,0.07586754174215447,0.5771221549014897
c42,n21,7.0,ne_rien_faire,1,1,7.0,echec,0.0,0.0,0.3534397927726919,0.8415031684755301,0.7019069041022139,0.46329511474797924,0.8203849950759979,0.5902355313867477,0.9798619575177108,0.9123179155797468,0.0,0.0,0.369724425264243
c42,n22,4.0,promouvoir_arc_secours,1,1,4.0,echec,0.0,2.0,0.23751576729800206,0.7483238306758739,0.40469567858243816,0.3012728620179364,0.40614801218308,0.8040342070773971,0.5925145543553831,0.787400848168969,0.08604221741899593,0.08604221741899593,0.5095917040415738
c42,n23,11.0,boost_capacite,1,1,11.0,resolu,1.0,4.0,0.20657887122424978,0.43628500172584017,0.24699688076916976,0.0920036446138544,0.4347794172954281,0.3496323099289168,0.7101733167314468,0.8620779601611945,0.053075940557296836,0.053075940557296836,-0.17187252258826988
c42,n24,17.0,boost_capacite,1,1,17.0,resolu,1.0,4.0,0.07307779093446241,0.43254307736126296,0.5548137077238249,0.5090155820087872,0.9522590111107444,0.2828873122960876,0.6843796966642041,0.6718100425718694,0.053075940557296836,0.053075940557296836,-0.23412337581841944
c42,n25,8.0,ne_rien_faire,1,1,8.0,partiel,0.0,3.0,0.09320765638361132,0.2514960581584249,0.4797785478169194,0.1939190063366941,0.6987901769333258,0.5724387740657252,0.9132052638872147,0.14654139433206534,0.0,0.0,0.028422895643810175
c42,n26,11.0,ne_rien_faire,1,1,11.0,partiel,0.0,0.0,0.03674550388294149,0.35475669402865423,0.7804764410923646,0.9422450872659571,0.8171046397083217,0.6621169836508617,0.24227905703176375,0.8252601191464662,0.0,0.0,-1.8580700629669087
c42,n27,15.0,ne_rien_faire,1,1,15.0,partiel,0.0,0.0,0.2762565857280214,0.2559448199685702,0.7083793599337896,0.8856622845114444,0.6019655332284612,0.7489068617940503,0.6312279353933617,0.4637095564410608,0.0,0.0,0.15467120959814118
c42,n28,13.0,ne_rien_faire,1,1,13.0,resolu,1.0,4.0,0.219469113682727,0.36635509665042515,0.15174987323974462,0.07521983291444556,0.7243390814392249,0.14616934832873918,0.31052144684866845,0.42225709692361973,0.0,0.0,-1.5989913120686996
c42,n29,12.0,promouvoir_arc_secours,1,1,12.0,partiel,0.0,4.0,0.2025320559764654,0.536880230163772,0.8857999853974456,0.27138688481557993,0.27781146700032566,0.967656173030369,0.845812139118672,0.6782336340188324,0.08604221741899593,0.08604221741899593,1.168990465289765
c42,n30,11.0,boost_capacite,1,1,11.0,resolu,1.0,2.0,0.3100435534671439,0.5486613580132618,0.18402667559375496,0.6044371931864989,0.46174437885470193,0.6110981974756822,0.34828896211562976,0.8839085195029127,0.09404583781437073,0.09404583781437073,-0.9308414986430182
c42,n31,3.0,replanifier_jalon,1,1,3.0,resolu,1.0,3.0,0.35064905520578993,0.6346515789257906,0.4206048344332827,0.24264829356945916,0.3432229796371622,0.4706562352200014,0.579326364943117,0.47820014679304196,0.08263442177277024,0.08263442177277024,0.8065940648594945
c42,n32,13.0,ne_rien_faire,1,1,13.0,partiel,0.0,1.0,0.04623329192533218,0.15728694215445863,0.3832028208316081,0.6783381705813468,0.481099741537639,0.5693878146195587,0.8301490972986777,0.9456202572619348,0.0,0.0,0.8663681717275541
c42,n33,8.0,ne_rien_faire,1,1,8.0,resolu,1.0,3.0,0.19566661695197937,0.19097882895704896,0.2690764796988912,0.25557754757250184,0.4539068610626658,0.6382294519386176,0.6289878848706117,0.3865726782969651,0.0,0.0,-0.44836947770305996
c42,n34,8.0,replanifier_jalon,1,1,8.0,resolu,1.0,3.0,0.48802893458217944,0.6311365594876792,0.8886730435893023,0.047371647722860455,0.524763812905741,0.4377136930921994,0.8825287499515468,0.42365946550621963,0.19,0.19,2.1085396454055374
c42,n35,1.0,expedition_express,1,1,1.0,partiel,0.0,4.0,0.0861230837833343,0.2132433099617228,0.05704563257027699,0.9323772862753137,0.3647196073033288,0.6696946962783644,0.595713314365905,0.5111628918821725,0.09287777229911215,0.09287777229911215,-0.1473249684596844
c42,n36,15.0,replanifier_jalon,1,0,15.0,en_cours,,1.0,0.2954740029007855,0.2586237586142963,0.7735429772588718,0.8379255410657411,0.3097351546993458,0.49243094956415806,0.27910192173291526,0.8104469824604855,0.11280496606787029,0.11280496606787029,0.7710543895811159
c42,n37,2.0,revue_declaration,1,1,2.0,resolu,1.0,0.0,0.40228674959300365,0.2989390194797609,0.7549956960137022,0.4074470743045315,0.6072904091868229,0.1930192833582207,0.2524783585111378,0.9019214401400575,0.19999999999999998,0.19999999999999998,0.041009737913191846
c42,n38,17.0,ne_rien_faire,1,1,17.0,partiel,0.0,0.0,0.11422623176756265,0.3573013136124789,0.709642176318729,0.8265820894524948,0.3085067568233654,0.1805902645010921,0.31775192828125853,0.8322474812022399,0.0,0.0,-0.40224593342422454
c42,n39,14.0,ne_rien_faire,1,1,14.0,partiel,0.0,2.0,0.11800432067807551,0.5234919819443641,0.647888585476463,0.5996745110126666,0.2703125905394296,0.1542251072515019,0.42231507085375597,0.5066716120161604,0.0,0.0,-0.8447578991390113
c42,n40,17.0,ne_rien_faire,1,1,17.0,partiel,0.0,3.0,0.5724418468712495,0.5436493346025427,0.5364893025962194,0.48444620798574833,0.21523359659226263,0.3499871164204554,0.2232849885687839,0.1728092498179497,0.0,0.0,0.044927121020578276
c42,n41,17.0,ne_rien_faire,1,1,17.0,resolu,1.0,1.0,0.3793332330150337,0.6217896345418705,0.7926460472429849,0.29588608257110377,0.16093481666617518,0.3264033703896631,0.45600014723993154,0.8745449504410634,0.0,0.0,-0.2659408253115807
c42,n42,15.0,ne_rien_faire,1,1,15.0,echec,0.0,3.0,0.3331586776208845,0.253554737779975,0.7337575593615082,0.47913553391466235,0.5970792006448695,0.8881257042786515,0.4956662095398818,0.5166322311399816,0.0,0.0,0.4237234341620233
c42,n43,16.0,expedition_express,1,1,16.0,echec,0.0,3.0,0.052749619308653746,0.4183779098642511,0.3782049449661534,0.6131955191553624,0.9606072508709007,0.6159425769294107,0.8012837200424038,0.8996479267089947,0.09287777229911215,0.09287777229911215,-0.10154049048740454
c42,n44,1.0,ne_rien_faire,1,1,1.0,echec,0.0,4.0,0.2680675477805977,0.17642842830550223,0.4322751541963333,0.7286948469981633,0.9275511925828485,0.4993289383443163,0.8539662631095564,0.9801555253779075,0.0,0.0,0.29194244057737595
c42,n45,0.0,boost_capacite,1,0,0.0,en_cours,,2.0,0.12292955960526808,0.594282422128039,0.46453402075893185,0.5502957315032151,0.6946162959264415,0.15609090051536334,0.6597128284922242,0.5634779884830895,0.053075940557296836,0.053075940557296836,-0.2653114552227595
c42,n46,16.0,ne_rien_faire,1,1,16.0,resolu,1.0,3.0,0.13454397487786593,0.6465837059815318,0.27775776797385826,0.9064125131586325,0.5120110849440292,0.100983012470862,0.3421168722109056,0.03470152283797951,0.0,0.0,-0.9192969613326948
c42,n47,0.0,ne_rien_faire,1,1,0.0,partiel,0.0,0.0,0.20955529506980006,0.4253215075816854,0.45173038676463206,0.19391317510605835,0.29837982668966506,0.6641725021869226,0.11592092624683019,0.7166734811468276,0.0,0.0,-1.4553227147265373
c42,n48,3.0,boost_capacite,1,1,3.0,resolu,1.0,4.0,0.2668811482707469,0.10176796242409088,0.39401336922000224,0.4938920719810685,0.6021077630800024,0.5997477562705474,0.28398496432712894,0.4422539313856279,0.053075940557296836,0.053075940557296836,0.3414822645122639
c42,n49,1.0,ne_rien_faire,1,1,1.0,resolu,1.0,4.0,0.3766964299626557,0.4505287192220216,0.4402605039266183,0.17007955098121952,0.7607904290299601,0.885618866243649,0.26705681240142704,0.8153342244501333,0.0,0.0,1.2984146072871947
c42,n0,12.0,ne_rien_faire,1,1,12.0,echec,0.0,0.0,0.25651185392414994,0.2889942477750242,0.567557870558491,0.8021216305597724,0.8164908355718746,0.6404789782856727,0.22312391581684074,0.8277919514140412,0.0,0.0,-0.8320250786473012
c42,n1,2.0,ne_rien_faire,1,1,2.0,resolu,1.0,4.0,0.1312124567100213,0.4999681689218364,0.1785479466937348,0.220431329072672,0.8776080586191697,0.6477039941700766,0.4349689223666295,0.9570558487264663,0.0,0.0,-0.5497711589087162
c42,n2,16.0,replanifier_jalon,1,1,16.0,resolu,1.0,2.0,0.4170581311928496,0.7175597581671652,0.6620533430313417,0.5128160537225428,0.5822865847409624,0.41534040401100336,0.5778205045370688,0.9829046231038507,0.06732604454191315,0.06732604454191315,1.1915353081671283
c42,n3,14.0,ne_rien_faire,1,1,14.0,partiel,0.0,4.0,0.4238706541044776,0.2943456998702683,0.6094522216131582,0.6248408379328431,0.5250470695775797,0.19787787521696898,0.4725611750485542,0.4503977249242196,0.0,0.0,0.13848332008548794
c42,n4,12.0,promouvoir_arc_secours,1,0,12.0,en_cours,,3.0,0.4530352708148271,0.7770151978824471,0.11775991182141805,0.3738334237585419,0.856256376134339,0.32541236743887064,0.5864611441346773,0.8726235441648823,0.06507160887649192,0.06507160887649192,0.11061428924342867
c42,n5,13.0,boost_capacite,1,0,13.0,en_cours,,4.0,0.3593783733990263,0.42831608961698886,0.5661529083281437,0.5116405256870197,0.63069135972136,0.5111428619849303,0.8491315675786542,0.695559251525421,0.053075940557296836,0.053075940557296836,1.9307823696069182
c42,n6,1.0,expedition_express,1,1,1.0,resolu,1.0,3.0,0.71318043982292,0.36605599294147606,0.4035061705858246,0.5909946591721514,0.2542952702205947,0.48918691699699995,0.54334824487302,0.22683089068703546,0.09287777229911215,0.09287777229911215,1.6176106948904159
c42,n7,13.0,ne_rien_faire,1,1,13.0,resolu,1.0,1.0,0.021271382614172732,0.21672538827517285,0.3877053154610622,0.443159783723337,0.5741298817295988,0.45956413174990823,0.44469408755100087,0.6154910729632879,0.0,0.0,-1.240412405556716
c42,n8,3.0,boost_capacite,1,1,3.0,echec,0.0,3.0,0.39599787683413806,0.6478115490849905,0.27900304461552056,0.22460918269084904,0.2779261992958229,0.5163064205783482,0.4881446065501416,0.8539579468275483,0.09404583781437073,0.09404583781437073,0.4778743762775959
c42,n9,13.0,ne_rien_faire,1,1,13.0,echec,0.0,3.0,0.33951280296575387,0.38766838596834274,0.36761003516308954,0.36316658328458934,0.5302320814947508,0.1245535334670388,0.46266832583138096,0.7263831466440761,0.0,0.0,-0.4373758237354748
c42,n10,5.0,replanifier_jalon,1,1,5.0,partiel,0.0,4.0,0.2633676255015543,0.28559666701626923,0.5830251521039288,0.10996825836037162,0.4791683072819577,0.7611939460050873,0.15388420342260564,0.5022283527346362,0.08263442177277024,0.08263442177277024,0.20413223703161587
c42,n11,17.0,promouvoir_arc_secours,1,1,17.0,partiel,0.0,3.0,0.06439855925619027,0.33726783703329827,0.48534589893232694,0.8159173541549003,0.5306152257919574,0.19325714635880153,0.39977561795453975,0.4404102392397095,0.06507160887649192,0.06507160887649192,0.42481158547356057
c42,n12,10.0,promouvoir_arc_secours,1,1,10.0,echec,0.0,2.0,0.5271645035502801,0.4974454307869757,0.950317928674346,0.16413464020394053,0.9620663416020891,0.5389423032888188,0.6580410379872116,0.8103755799222876,0.06507160887649192,0.06507160887649192,1.0012819285665129
c42,n13,14.0,promouvoir_arc_secours,1,1,14.0,partiel,0.0,4.0,0.5327714936531233,0.5706618041841686,0.4625074596933769,0.4102997814824656,0.30648586039158937,0.5276210968808402,0.30408737882566456,0.669558869290463,0.08604221741899593,0.08604221741899593,0.22399128341415683
c42,n14,2.0,promouvoir_arc_secours,1,1,2.0,partiel,0.0,2.0,0.09844432462488517,0.5116982730915643,0.41006637912769056,0.44527127643780573,0.6321249825666323,0.5918507471586235,0.8671240824595561,0.5507468682612996,0.06507160887649192,0.06507160887649192,0.7465907832216719
c42,n15,3.0,replanifier_jalon,1,1,3.0,echec,0.0,0.0,0.10620910170456895,0.4093716792965587,0.5145703155824162,0.443942439845709,0.7408337796597685,0.3998089073025821,0.5302702459326627,0.8471803736468612,0.11280496606787029,0.11280496606787029,0.31706557915835254
c42,n16,16.0,ne_rien_faire,1,1,16.0,partiel,0.0,4.0,0.1488504549623697,0.18311529813802888,0.4967904129053609,0.22541965232971295,0.5935591124452125,0.42016125516321046,0.5793341054508765,0.8180775302021449,0.0,0.0,0.05262296877512734
c42,n17,2.0,ne_rien_faire,1,1,2.0,partiel,0.0,4.0,0.5297060868663095,0.1914153066834841,0.49197125341253567,0.180248578273017,0.3819634030154236,0.46780571444154034,0.5655999455876501,0.6119117225012064,0.0,0.0,-0.7589487162034885
c42,n18,14.0,ne_rien_faire,1,1,14.0,resolu,1.0,3.0,0.2824975372116479,0.2314904490540709,0.4920023305561123,0.47538035212322877,0.4824405446086258,0.45380376601272443,0.4123364108455052,0.7973955973032205,0.0,0.0,-1.3542959772448189
c42,n19,6.0,ne_rien_faire,1,1,6.0,partiel,0.0,3.0,0.08545435438035331,0.03674837945377485,0.48939197791869155,0.730304256253169,0.44505081461596174,0.375277878847151,0.031794267745918765,0.889964933995682,0.0,0.0,-1.3486055785213178
c42,n20,15.0,ne_rien_faire,1,1,15.0,partiel,0.0,2.0,0.28418853191509624,0.670115961117252,0.6589367203435734,0.3502147564176719,0.8460847683870611,0.5362233446899946,0.7539153366112894,0.8015674741459902,0.0,0.0,-0.5878981870078672
c42,n21,11.0,ne_rien_faire,1,1,11.0,resolu,1.0,4.0,0.06384606256898372,0.2641153442119793,0.19057330178380866,0.34830649515238093,0.7220187368031152,0.3971898088145982,0.5037364624293634,0.19863077264456844,0.0,0.0,-0.8902676465085454
c42,n22,15.0,boost_capacite,1,1,15.0,resolu,1.0,4.0,0.041046178961287746,0.23513396544582474,0.5939400688568784,0.5372434188020809,0.6150917423855842,0.5317900714722232,0.3467535012611483,0.7766546871727342,0.053075940557296836,0.053075940557296836,-0.3541928185586287
c42,n23,2.0,revue_declaration,1,0,2.0,en_cours,,0.0,0.2970022726120899,0.499914735915221,0.043665212210870254,0.7620267621121702,0.8439010739273843,0.17145815503411113,0.9168996631374216,0.6378310546772481,0.07101163994378579,0.07101163994378579,0.5149674674466324
c42,n24,15.0,expedition_express,1,1,15.0,partiel,0.0,3.0,0.1504478209780818,0.28352960536759897,0.1775825980620836,0.5781696060573683,0.5066780531510214,0.19404356520040908,0.7645938566392821,0.866521132120185,0.09287777229911215,0.09287777229911215,-0.5360519836481359
c42,n25,5.0,ne_rien_faire,1,1,5.0,resolu,1.0,0.0,0.03844451134617767,0.6974950758958944,0.48247242171677474,0.09249522777162494,0.20422123031196837,0.7848079120476629,0.7998166328708753,0.42948623733272906,0.0,0.0,0.7224122403842408
c42,n26,17.0,expedition_express,1,1,17.0,resolu,1.0,1.0,0.22585401769207622,0.12010977813533684,0.5174470233964545,0.1632227865108925,0.39501687357718085,0.42568859810141757,0.509913397637176,0.729280977111767,0.18,0.18,-0.00785348501288885
c42,n27,0.0,ne_rien_faire,1,1,0.0,resolu,1.0,4.0,0.30595471437437266,0.1588948375296084,0.5534042667238442,0.7061399873290881,0.23400425668348632,0.9507200867176894,0.3330849993425276,0.7535273665717276,0.0,0.0,1.7454393940627684
c42,n28,10.0,ne_rien_faire,1,1,10.0,partiel,0.0,4.0,0.17583683746468085,0.3027157676461835,0.5442678671228008,0.6629445854900409,0.38457861134193044,0.5706358937795191,0.6882862634344861,0.32581958280455525,0.0,0.0,0.9313340066629519
c42,n29,11.0,ne_rien_faire,1,1,11.0,partiel,0.0,3.0,0.09166143687442473,0.7562553502413422,0.235710683606192,0.483056159152155,0.4574757223011097,0.6195803115558182,0.5036465896530762,0.9962047136539512,0.0,0.0,-0.7843657627470091
c42,n30,10.0,boost_capacite,1,1,10.0,echec,0.0,3.0,0.29900669146570114,0.5572918882845261,0.619347232500644,0.6972237863316971,0.9754680720767686,0.30968039425030164,0.6358050117780335,0.9430172489101057,0.18,0.18,0.3565045184563076
c42,n31,8.0,revue_declaration,1,0,8.0,en_cours,,3.0,0.10729732891841262,0.589125965127974,0.05556594923360987,0.0709341540412347,0.6384674489734555,0.6590556660899426,0.39594951129248973,0.735253849746982,0.08598823526196597,0.08598823526196597,0.21682890064645088
c42,n32,2.0,ne_rien_faire,1,1,2.0,partiel,0.0,0.0,0.24806090739024061,0.6171361367968731,0.6269823121841483,0.7375214591865187,0.1093632347477426,0.36137772620684366,0.23248421165324293,0.32979597625318524,0.0,0.0,-1.0649359473020827
c42,n33,7.0,ne_rien_faire,1,1,7.0,resolu,1.0,1.0,0.4317847396044156,0.04719924913454765,0.12814416570023565,0.3948457424746725,0.5236183351639773,0.15479046514254022,0.19419197856474615,0.895277279651353,0.0,0.0,0.5840486235874882
c42,n34,1.0,replanifier_jalon,1,0,1.0,en_cours,,0.0,0.06402959630244925,0.7953539494162493,0.208145302499171,0.7632984843423078,0.7425716234287555,0.2817956109703516,0.20334282889953517,0.4033956780169573,0.11280496606787029,0.11280496606787029,-0.22097651648344363
c42,n35,9.0,ne_rien_faire,1,1,9.0,resolu,1.0,1.0,0.20292513697631104,0.32266062352630226,0.6553074280082329,0.4024782900686455,0.45239110018339185,0.37316680106587435,0.6786662365842705,0.6039392809742148,0.0,0.0,0.2627443663822788
c42,n36,1.0,ne_rien_faire,1,1,1.0,resolu,1.0,1.0,0.5268375387443719,0.25367998888572635,0.7964854323788197,0.6424533573125621,0.3896731524294213,0.4838025343424599,0.30406174454624446,0.8771844822198716,0.0,0.0,-0.4787208640247028
c42,n37,7.0,ne_rien_faire,1,1,7.0,partiel,0.0,0.0,0.608452564382896,0.09585572860226768,0.6407572385806903,0.2777854791288237,0.8124709160059064,0.2566380599495404,0.5905217881376457,0.13514725963708954,0.0,0.0,1.100871678351678
c42,n38,8.0,ne_rien_faire,1,1,8.0,partiel,0.0,2.0,0.12461533179753137,0.17480861261497627,0.6511995882229861,0.13562876628018122,0.3739329427479138,0.659470781187985,0.4124903518804546,0.18995514473225633,0.0,0.0,-0.6509566610302445
c42,n39,9.0,ne_rien_faire,1,1,9.0,partiel,0.0,3.0,0.05170388594730229,0.1316286156937046,0.9633394918762024,0.46864822680242907,0.6195489280409697,0.4695655809709231,0.5236849570388804,0.07765319345033589,0.0,0.0,0.36413928480722285
c42,n40,5.0,ne_rien_faire,1,1,5.0,partiel,0.0,3.0,0.1596640910632889,0.5871795983367792,0.4305896458373375,0.5840728158834033,0.13786805871252072,0.32554267285305705,0.16581884691463908,0.6015218818760173,0.0,0.0,-0.7508169249893567
c42,n41,9.0,ne_rien_faire,1,1,9.0,partiel,0.0,2.0,0.49747042777267697,0.5693793647717481,0.2820264179621654,0.2539735271669245,0.14600857572784234,0.6627673949991344,0.4646269228541384,0.28676894095484023,0.0,0.0,-0.2856480183103305
c42,n42,14.0,boost_capacite,1,0,14.0,en_cours,,1.0,0.23542207956055614,0.3838513122125563,0.35272370791133,0.6539702482006875,0.5186129161108469,0.2180180376409465,0.18481152926845393,0.9524546854686555,0.08115534141178526,0.08115534141178526,-1.1774712524383237
c42,n43,17.0,ne_rien_faire,1,1,17.0,partiel,0.0,3.0,0.6176434890581354,0.08664960381860101,0.43630690355634255,0.41159368649025024,0.35274315293330777,0.471890503722781,0.22665172487303142,0.9613252488399752,0.0,0.0,-0.9136308751056292
c42,n44,12.0,ne_rien_faire,1,1,12.0,partiel,0.0,0.0,0.3374677060686942,0.3945363362095144,0.8156855985281235,0.253870979381578,0.6191523038761205,0.3315671873412756,0.2231447878490638,0.8730291132669181,0.0,0.0,-0.3594325107244708
c42,n45,7.0,ne_rien_faire,1,1,7.0,partiel,0.0,0.0,0.5145264278806918,0.2642184864724905,0.4361578862979184,0.07473090476557981,0.6681203585435771,0.12673244832987934,0.7384089511213019,0.6370851429525937,0.0,0.0,-0.5945306582789984
c42,n46,17.0,ne_rien_faire,1,1,17.0,resolu,1.0,1.0,0.10810830778391456,0.48869194252381626,0.6516896617214456,0.37747257698887265,0.3599307367422094,0.9299482795100017,0.7571767041887164,0.9887877529440021,0.0,0.0,0.40811160223244597
c42,n47,10.0,promouvoir_arc_secours,1,0,10.0,en_cours,,4.0,0.21145487527028578,0.4607320713023021,0.7818338075496298,0.4970024610953776,0.7157869011333415,0.8185493219060493,0.3793617381246509,0.5983601885023488,0.08604221741899593,0.08604221741899593,0.30694897912172364
c42,n48,13.0,replanifier_jalon,1,1,13.0,partiel,0.0,2.0,0.13514122236289253,0.5851877663492749,0.232268511445783,0.259661656852444,0.8035719620425347,0.7762004691761427,0.35246376657175915,0.8017640302736491,0.19,0.19,0.19938775761442676
c42,n49,3.0,expedition_express,1,1,3.0,partiel,0.0,1.0,0.5141093716591981,0.4064634411478624,0.9052033645001315,0.7190897882173873,0.5197958996593511,0.1552406940581172,0.5410181990533519,0.13272116642637843,0.18,0.18,0.2824352498645642
c42,n0,1.0,boost_capacite,1,1,1.0,resolu,1.0,2.0,0.44939568242411165,0.6717103939086513,0.4408335239853084,0.6404464443801992,0.4172074089141965,0.4442084610512073,0.24706082033966445,0.7057203147384062,0.053075940557296836,0.053075940557296836,-0.2727688121886588
c42,n1,14.0,ne_rien_faire,1,1,14.0,resolu,1.0,4.0,0.034391040747170636,0.21371206383917957,0.5910689391741136,0.2218822596904786,0.21817372306040822,0.3844432149460882,0.9109360501749226,0.7915758775344192,0.0,0.0,0.6034680231853612
c42,n2,12.0,ne_rien_faire,1,1,12.0,resolu,1.0,1.0,0.3979189683982886,0.31462267555176654,0.4896888347965106,0.36190311901704975,0.4230372729840531,0.47748803694517594,0.5153967704800407,0.5994755220930161,0.0,0.0,-0.6608866003288189
c42,n3,11.0,ne_rien_faire,1,1,11.0,resolu,1.0,4.0,0.17633429304919362,0.29113759615410284,0.3736356889282203,0.19059281589993202,0.3934170185297385,0.2714023662514276,0.2475048231440448,0.9270135310610992,0.0,0.0,-0.9363810804475566
c42,n4,15.0,ne_rien_faire,1,1,15.0,echec,0.0,2.0,0.2649604152222669,0.24552658757578016,0.7474619642962302,0.4037904405876363,0.614705651552731,0.4151085114565834,0.1655391905145327,0.8744462536433127,0.0,0.0,0.5907977905074374
c42,n5,0.0,ne_rien_faire,1,1,0.0,resolu,1.0,4.0,0.7584282626026517,0.05077063202935538,0.38592281102283604,0.32429102590381714,0.5801348702477945,0.43151736335318025,0.29895141851456175,0.5678886123484512,0.0,0.0,0.4977160424441801
c42,n6,17.0,promouvoir_arc_secours,1,1,17.0,resolu,1.0,3.0,0.3872492991195983,0.2945052049803301,0.5277423877325751,0.3794178087399732,0.8610089129962678,0.3534573896731241,0.3804022009442959,0.8659023510064585,0.06507160887649192,0.06507160887649192,-0.3607264591851772
c42,n7,15.0,ne_rien_faire,1,1,15.0,partiel,0.0,0.0,0.45971867368107217,0.35477547368261925,0.2769637410330583,0.5882746683550057,0.48081300472327,0.30106131177227435,0.797054142919821,0.3302224002545227,0.0,0.0,-0.800593847844566
c42,n8,15.0,boost_capacite,1,0,15.0,en_cours,,0.0,0.21889422118844945,0.5299178701111393,0.3479757039043668,0.543095963176093,0.9674264940199153,0.7580509500273502,0.24626458379116256,0.36184306591218934,0.06576450329934143,0.06576450329934143,-1.7015075968783056
c42,n9,4.0,expedition_express,1,1,4.0,echec,0.0,4.0,0.22730184491605443,0.6907726458703044,0.9160010467606844,0.727651296909669,0.31067441629911197,0.7864974690823501,0.5466440036356646,0.9898544112491475,0.050825581787975416,0.050825581787975416,0.635199386704359
c42,n10,14.0,replanifier_jalon,1,1,14.0,resolu,1.0,4.0,0.17889255586835215,0.4981285269570905,0.6206463002928119,0.9733011131139458,0.4840797691794013,0.48911829243116367,0.15351864319868644,0.7126785539049123,0.19,0.19,-0.8674720039946267
c42,n11,13.0,boost_capacite,1,1,13.0,partiel,0.0,3.0,0.19824302601095395,0.396062099023127,0.5716504253496519,0.7903006026487085,0.6150978763003371,0.5670313826419379,0.271800396630469,0.5332865933376661,0.053075940557296836,0.053075940557296836,-0.14133423109329535
c42,n12,6.0,expedition_express,1,1,6.0,resolu,1.0,0.0,0.020938123101753674,0.7259716736914357,0.20402993141636386,0.5822486227825637,0.6661773296849599,0.4724569239522093,0.3149790650435975,0.6302431160887402,0.18,0.18,-2.2415043989812187
c42,n13,4.0,ne_rien_faire,1,1,4.0,resolu,1.0,3.0,0.2991880955947373,0.07299229846263236,0.897902034130568,0.38877694473529056,0.6002346718023706,0.07345662611570625,0.598297922201735,0.9971877149238656,0.0,0.0,-0.7652116402761402
c42,n14,10.0,promouvoir_arc_secours,1,1,10.0,echec,0.0,4.0,0.09395897152194448,0.6310769667331894,0.47675912762238365,0.6241092892120189,0.6351588042066694,0.8051063659690342,0.42858600671127856,0.5001548691843564,0.08604221741899593,0.08604221741899593,0.8486391270388216
c42,n15,16.0,replanifier_jalon,1,1,16.0,resolu,1.0,1.0,0.08367386760413972,0.4380654451339395,0.28695255733667807,0.6572536869484789,0.7165850129519263,0.43183403784913266,0.15473300946145963,0.9966623092275791,0.06948979284705413,0.06948979284705413,-1.0486756660571108
c42,n16,9.0,revue_declaration,1,1,9.0,echec,0.0,4.0,0.2142706164691787,0.303920533150169,0.5453877559159318,0.3904274244520973,0.29706776160922377,0.7060652235200958,0.25828853427864223,0.9822069896501308,0.19,0.19,1.434276085880342
c42,n17,0.0,ne_rien_faire,1,1,0.0,resolu,1.0,2.0,0.09317218016825227,0.5341927613235204,0.40613061073696405,0.5361634943518933,0.5382645432560764,0.5972205376414781,0.2977685020867569,0.7627025454969213,0.0,0.0,-0.1194977937480563
c42,n18,10.0,revue_declaration,1,1,10.0,partiel,0.0,1.0,0.1203598141899441,0.7114061894138048,0.5854510093509849,0.06672171705650935,0.8916379730082166,0.09843211315558759,0.2688277416217771,0.6273825303125399,0.07101163994378579,0.07101163994378579,-0.3429247224004076
c42,n19,4.0,replanifier_jalon,1,1,4.0,resolu,1.0,2.0,0.07537271399458881,0.42493854701908057,0.46548588315254935,0.5026676940940389,0.31661391461076216,0.5040695781105649,0.502713235226308,0.8172886100030464,0.08263442177277024,0.08263442177277024,0.5281399914342872
c42,n20,17.0,ne_rien_faire,1,1,17.0,partiel,0.0,2.0,0.5731833154389061,0.06796552595654376,0.4425028634342049,0.5031201043011724,0.7537786968923795,0.8107500954627969,0.4834705154473423,0.461059231398033,0.0,0.0,0.3976537677610782
c42,n21,6.0,ne_rien_faire,1,1,6.0,partiel,0.0,4.0,0.13998764023715113,0.7487598355032969,0.5172669512911237,0.4499957786067816,0.8926904454784002,0.6471538658093817,0.6939415941389498,0.6528553658093985,0.0,0.0,-0.6380738206154294
c42,n22,16.0,replanifier_jalon,1,1,16.0,echec,0.0,2.0,0.38117358814721575,0.7607104747877459,0.12168216682711099,0.7210660078800902,0.8972397095616397,0.3261240840151893,0.5644004569925386,0.841231082822822,0.19,0.19,0.3290657766462371
c42,n23,12.0,replanifier_jalon,1,1,12.0,partiel,0.0,4.0,0.2650062827161662,0.6395100271261794,0.5354066935625962,0.16820414272248813,0.24611125413135576,0.5216391836780301,0.7847716676047448,0.5444238414975606,0.19,0.19,1.3435152453509702
c42,n24,3.0,ne_rien_faire,1,1,3.0,resolu,1.0,3.0,0.02916296016990202,0.34758311403484315,0.6437326200498555,0.4633476068778378,0.42141720806550287,0.4498184816987319,0.5020621322025155,0.22685726310049156,0.0,0.0,0.06217798741352798
c42,n25,10.0,revue_declaration,1,1,10.0,echec,0.0,0.0,0.14565228893516077,0.6835815837158611,0.28089416461114,0.5690734805727709,0.24550819708627955,0.7595648812601472,0.3782342824273124,0.9835726466913056,0.11922721033773194,0.11922721033773194,0.5675038596942726
c42,n26,15.0,replanifier_jalon,1,1,15.0,resolu,1.0,4.0,0.29121224984765265,0.33568114208884314,0.45778221683180464,0.5092021900169601,0.8111294826294448,0.2484878897762031,0.37623829458643354,0.7784572162315742,0.19,0.19,-1.9070914350546742
c42,n27,17.0,expedition_express,1,1,17.0,echec,0.0,2.0,0.06358794235679137,0.3900987808774446,0.06538954871262298,0.35512232170724367,0.6673392579048582,0.6909312535463198,0.710878159399131,0.8901822335480928,0.19999999999999998,0.19999999999999998,0.09749546699344025
c42,n28,9.0,ne_rien_faire,1,1,9.0,resolu,1.0,4.0,0.13489400364296764,0.5951847514663635,0.544789052442268,0.28149929983478267,0.602633245923479,0.7762144002651729,0.3048812630465643,0.8906403437014523,0.0,0.0,-0.5614952114441751
c42,n29,16.0,replanifier_jalon,1,1,16.0,partiel,0.0,1.0,0.15591463243965636,0.4748702085282478,0.4685848018750909,0.10632052047753321,0.2553430060063001,0.6672237180134633,0.5422798549152124,0.6755139421319846,0.05036857131959023,0.05036857131959023,0.3140495683492392
c42,n30,0.0,ne_rien_faire,1,1,0.0,resolu,1.0,2.0,0.039541335088277584,0.42184498164741335,0.630766603379576,0.3347065226874724,0.19681709905711917,0.583006465588547,0.21454713062399003,0.7819244955815436,0.0,0.0,-0.04658623221269298
c42,n31,11.0,expedition_express,1,1,11.0,partiel,0.0,2.0,0.25821088699016836,0.3923402873195623,0.2835718640675754,0.40751845346748794,0.6395348737276185,0.5735739419187001,0.5205143594630992,0.7847502086966804,0.09287777229911215,0.09287777229911215,0.5913315983921783
c42,n32,3.0,replanifier_jalon,1,1,3.0,echec,0.0,4.0,0.2724189241366293,0.1595473106638745,0.3418869768625878,0.3610690204317274,0.6619078659897081,0.6887052742113025,0.7375720035168966,0.9503297013986703,0.07586754174215447,0.07586754174215447,1.836954984588876
c42,n33,5.0,ne_rien_faire,1,1,5.0,resolu,1.0,4.0,0.23662362610107793,0.46538238485662703,0.7545466816378009,0.5181587711015508,0.18410342267441485,0.10559609765459844,0.692838277413152,0.45270505233027586,0.0,0.0,0.7358531292980668
c42,n34,8.0,ne_rien_faire,1,1,8.0,resolu,1.0,4.0,0.14437051701390333,0.5582853115395277,0.5352664417709816,0.4671038157242117,0.15073840929576895,0.7066886396753712,0.2832473341978139,0.6353794299942879,0.0,0.0,-0.9332372811229821
c42,n35,12.0,ne_rien_faire,1,1,12.0,resolu,1.0,3.0,0.31602025802768996,0.1897968535979632,0.6987299593985544,0.8466527604813694,0.5016779794503705,0.08426152207818997,0.6854498394171773,0.6887632971801555,0.0,0.0,-0.8703552179695727
c42,n36,9.0,boost_capacite,1,1,9.0,partiel,0.0,2.0,0.7275828883980373,0.8431282906549108,0.19930599714776487,0.7238394965818372,0.6218056328466237,0.09664159172869198,0.433174359337686,0.5747545643093613,0.053075940557296836,0.053075940557296836,-1.0544972483318389
c42,n37,17.0,expedition_express,1,1,17.0,partiel,0.0,2.0,0.010515975571633985,0.2301446996548045,0.22393122036843546,0.9387369532016316,0.23756066287468847,0.5782427909201441,0.7647465917208363,0.5122329637225848,0.09287777229911215,0.09287777229911215,-0.4562037744455205
c42,n38,12.0,ne_rien_faire,1,1,12.0,echec,0.0,2.0,0.2128251969914587,0.33717108120533446,0.30954769669941523,0.8297109252220134,0.3514433913160651,0.820425164065649,0.5180121088625255,0.653008416578791,0.0,0.0,1.403750255488157
c42,n39,2.0,expedition_express,1,1,2.0,partiel,0.0,1.0,0.7041824329667592,0.6263391704978764,0.5157497234318446,0.11418987485712521,0.23249080761678248,0.7166766547163181,0.7487688604167643,0.5217378353857229,0.10748598928679363,0.10748598928679363,2.8793324314699853
c42,n40,3.0,expedition_express,1,0,3.0,en_cours,,3.0,0.13538728873625158,0.2315831288147837,0.6517543130113778,0.21769381234953086,0.4444437146551354,0.5157521702460519,0.44162179608849417,0.8211925203530038,0.09287777229911215,0.09287777229911215,0.34015143556163596
c42,n41,3.0,replanifier_jalon,1,1,3.0,resolu,1.0,0.0,0.4001372056348729,0.5123541209226906,0.4184264882845912,0.6210442630077125,0.3936673345404433,0.24664498680154787,0.1613387422913305,0.7422941117375537,0.11280496606787029,0.11280496606787029,0.01473496340992686
c42,n42,14.0,ne_rien_faire,1,1,14.0,resolu,1.0,0.0,0.20150030381195885,0.46094005961578494,0.7658843093520684,0.5357882002821782,0.34264953582201474,0.22685851706745971,0.6796644548048106,0.5374093535425661,0.0,0.0,0.24402415302160446
c42,n43,2.0,replanifier_jalon,1,1,2.0,partiel,0.0,4.0,0.5206453997611187,0.10464735505443191,0.7682999055472723,0.4416815318897548,0.6983600269502948,0.7906950336876744,0.9157230315086633,0.4697062539235607,0.08263442177277024,0.08263442177277024,1.885514364805727
c42,n44,6.0,ne_rien_faire,1,1,6.0,resolu,1.0,1.0,0.16959140772779488,0.21297514393602632,0.796845225231822,0.8551234621992755,0.031256389734388795,0.5732435320078783,0.38529980536571173,0.7095138019923498,0.0,0.0,0.998437503283861
c42,n45,15.0,ne_rien_faire,1,1,15.0,partiel,0.0,3.0,0.35368620518952054,0.347873377419235,0.4291567131686106,0.9731630244509121,0.6347101655087952,0.09272190092907143,0.1102157899366905,0.3133652715335808,0.0,0.0,-1.494875247940933
c42,n46,7.0,ne_rien_faire,1,1,7.0,echec,0.0,2.0,0.28666500103135156,0.2067761542206753,0.4759316564414373,0.9260820872623419,0.5288659061345998,0.7427139655218311,0.8329999105979611,0.9474922838147506,0.0,0.0,2.176425526910662
c42,n47,11.0,ne_rien_faire,1,1,11.0,partiel,0.0,2.0,0.2354855342721267,0.6325204663794128,0.6841654607133179,0.6942271401700223,0.45218874435737033,0.733192388004823,0.11350549789792733,0.48549174322109956,0.0,0.0,-0.6313612253064638
c42,n48,10.0,promouvoir_arc_secours,1,1,10.0,partiel,0.0,1.0,0.2278195930881499,0.2141354163090332,0.4560188850305707,0.6543162945496559,0.5043205443855913,0.7427226920928972,0.45362633495855553,0.1494661513200586,0.11114874117773832,0.11114874117773832,-0.016750977440220083
c42,n49,2.0,expedition_express,1,0,2.0,en_cours,,4.0,0.23805402710961734,0.29733479630152204,0.8346048705637529,0.1756713414086802,0.795952998109711,0.9085238150354118,0.5231921538049313,0.7504325806417494,0.19999999999999998,0.19999999999999998,1.3097308740527316
c42,n0,0.0,promouvoir_arc_secours,1,1,0.0,echec,0.0,3.0,0.10476033974960682,0.6193259026678083,0.6275542091388446,0.14030327571838297,0.8695676259710521,0.21712401413712545,0.5268731134731601,0.8855633099025001,0.06507160887649192,0.06507160887649192,0.12170101946916712
c42,n1,16.0,boost_capacite,1,1,16.0,resolu,1.0,2.0,0.48683086787226215,0.5690512715212778,0.5692851567515889,0.21470870059498753,0.7533408135398688,0.7631362736057962,0.42858237062487714,0.4289990991277979,0.09404583781437073,0.09404583781437073,1.165039177278059
c42,n2,8.0,ne_rien_faire,1,1,8.0,partiel,0.0,4.0,0.19022350745640595,0.4424325948441227,0.7663078819275847,0.8838896919262097,0.7247937296612914,0.09740023753301931,0.22527887702939373,0.8549995091762599,0.0,0.0,-0.4017628986945604
c42,n3,2.0,ne_rien_faire,1,1,2.0,resolu,1.0,4.0,0.2785351334912902,0.4695279100824777,0.4253166862606907,0.40485813631961304,0.39745377649504166,0.6820512721812216,0.05223891501487741,0.1503073022666668,0.0,0.0,-2.0477268475417394
c42,n4,16.0,ne_rien_faire,1,1,16.0,echec,0.0,2.0,0.3842825206578447,0.2566161957211887,0.7962098014837345,0.8766436537589085,0.33863877889380556,0.6071044208739105,0.3064531180485469,0.9476702869035808,0.0,0.0,1.0185097235646818
c42,n5,5.0,ne_rien_faire,1,1,5.0,echec,0.0,2.0,0.03472795557120126,0.17627068335462753,0.6470929123272622,0.7383667378185315,0.2231810627864423,0.45562146324760383,0.6820186626058552,0.9726102295103474,0.0,0.0,0.11478462782612885
c42,n6,7.0,ne_rien_faire,1,1,7.0,resolu,1.0,0.0,0.40269729034514345,0.41012781006620574,0.11306981235657894,0.49308920553653934,0.4198201074800431,0.7023288214362923,0.29428587263885664,0.5175331592699622,0.0,0.0,-1.0132220888437855
c42,n7,5.0,boost_capacite,1,1,5.0,partiel,0.0,2.0,0.2997404382336084,0.23397514544049117,0.9222011839079071,0.4893845994885443,0.5981382735040126,0.5446873427178142,0.2627795270378346,0.452498957619496,0.053075940557296836,0.053075940557296836,1.1036588875466922
c42,n8,6.0,replanifier_jalon,1,0,6.0,en_cours,,1.0,0.2850684248461905,0.3775966735274026,0.4242898579755989,0.30529391339289824,0.5294931095679483,0.5971269109098631,0.4865734091781765,0.7077460700963277,0.05036857131959023,0.05036857131959023,0.9760669881612374
c42,n9,5.0,promouvoir_arc_secours,1,1,5.0,echec,0.0,4.0,0.8002185653603595,0.5296672305031203,0.1606121500653914,0.5511848686037627,0.6528747004276004,0.6801424242627747,0.29983277594224,0.9550400250378067,0.06404247067908966,0.06404247067908966,-0.2678756830951142
c42,n10,5.0,boost_capacite,1,1,5.0,resolu,1.0,0.0,0.3554242272542322,0.3795502018967318,0.08332129455913159,0.8958296444743683,0.6611779181854806,0.6024697927502578,0.8274591600460414,0.8667958935278675,0.06576450329934143,0.06576450329934143,1.4298991937508534
c42,n11,17.0,ne_rien_faire,1,1,17.0,echec,0.0,4.0,0.4132597246766782,0.10954162730570682,0.15480598367130832,0.44862313699426065,0.3950601197777366,0.39428157738750474,0.4423109770410774,0.5613380563115853,0.0,0.0,-0.3722106784503884
c42,n12,1.0,ne_rien_faire,1,1,1.0,partiel,0.0,0.0,0.17323339988563125,0.20177032945207818,0.6666002152486898,0.6643530432642755,0.7636374806078982,0.45739794905416215,0.39637885532381784,0.7589777859205666,0.0,0.0,-1.354430141377853
c42,n13,15.0,promouvoir_arc_secours,1,1,15.0,echec,0.0,0.0,0.40322658567558867,0.5505078253093274,0.5306863776772508,0.7288483983393883,0.5187989162545319,0.4238005895995451,0.5823141232568205,0.705325837143504,0.09375668266232669,0.09375668266232669,0.6214547711144576
c42,n14,13.0,ne_rien_faire,1,1,13.0,partiel,0.0,0.0,0.07854964404514003,0.16541035187563527,0.23096013428298512,0.8612037340231986,0.12021939052252531,0.677782368204109,0.5577369663188163,0.4037691181300349,0.0,0.0,-0.08874159224512138
c42,n15,11.0,ne_rien_faire,1,1,11.0,resolu,1.0,3.0,0.040485860786810546,0.5378313983238762,0.1483126747919705,0.7350099642759779,0.3207952731673177,0.4472124183463314,0.08006835981992165,0.5591026380363413,0.0,0.0,-1.254251112634177
c42,n16,3.0,revue_declaration,1,1,3.0,resolu,1.0,2.0,0.22442342740903434,0.5449388468256099,0.3055718475766868,0.2740238321559749,0.253333354623118,0.33441118497734945,0.9204569812817606,0.7733561232426295,0.08598823526196597,0.08598823526196597,-0.4903705434464545
c42,n17,14.0,revue_declaration,1,1,14.0,partiel,0.0,4.0,0.12038477378416018,0.040814798103581025,0.7752381641317592,0.6577945296818442,0.956183889718481,0.6011373029383851,0.718423932830365,0.4694472485266918,0.05249761951415173,0.05249761951415173,0.487620803799916
c42,n18,7.0,expedition_express,1,1,7.0,partiel,0.0,3.0,0.4270994013708989,0.6907340302568739,0.5100321413509458,0.7008704639032786,0.362182532404303,0.3034956686391811,0.21482829459150016,0.7540107494530822,0.09287777229911215,0.09287777229911215,-0.840865563680312
c42,n19,8.0,revue_declaration,1,0,8.0,en_cours,,1.0,0.09723873839483765,0.6824234613657723,0.5092407437936287,0.9401857482000245,0.6688964906048162,0.65908154457796,0.40154492766312194,0.6901628620656491,0.07101163994378579,0.07101163994378579,-0.31089691233520267
c42,n20,4.0,ne_rien_faire,1,1,4.0,resolu,1.0,4.0,0.00899770677434312,0.6356269204767401,0.3425687469910027,0.9004817664635978,0.5926520641005746,0.7627624584738543,0.38238739560674745,0.36330950141158114,0.0,0.0,-0.017186463096602933
c42,n21,0.0,ne_rien_faire,1,1,0.0,partiel,0.0,3.0,0.5306254161633117,0.3305157328904397,0.28766134338833277,0.7533806672516352,0.3417515279750966,0.7280922115385934,0.4066005077035765,0.5675099348361268,0.0,0.0,-0.32904065470814214
c42,n22,4.0,ne_rien_faire,1,1,4.0,partiel,0.0,3.0,0.2347121900942325,0.2207227293884888,0.6431261162316206,0.7096013799748716,0.19074168150166765,0.5662392589412809,0.8796068381149479,0.8651600250735938,0.0,0.0,0.24124678166084523
c42,n23,11.0,ne_rien_faire,1,1,11.0,partiel,0.0,3.0,0.5922157315906237,0.12264586570109456,0.3620800034578774,0.5466224515549907,0.2623694206062775,0.1016472681797036,0.17568340430452667,0.8206180590691594,0.0,0.0,-2.2151576051078066
c42,n24,0.0,boost_capacite,1,1,0.0,partiel,0.0,1.0,0.3077548423607851,0.4422310696074194,0.7678516278499923,0.818103667708527,0.5209155978170872,0.4851399727538286,0.5317590483096823,0.592127378550528,0.06576450329934143,0.06576450329934143,-0.3567722579546654
c42,n25,17.0,ne_rien_faire,1,1,17.0,echec,0.0,2.0,0.11960468014160347,0.5863011617693208,0.28847871221638927,0.16723957758153266,0.10097268279418913,0.8490501385037115,0.2074927236002696,0.8364312568457674,0.0,0.0,-0.592070081654308
c42,n26,1.0,boost_capacite,1,0,1.0,en_cours,,2.0,0.3642864600454416,0.4160536455085797,0.7370471123162122,0.7354460627569746,0.6281880437703031,0.923999820085169,0.5635063942193191,0.8909034329902374,0.09404583781437073,0.09404583781437073,0.734654458917424
c42,n27,7.0,ne_rien_faire,1,1,7.0,echec,0.0,0.0,0.6268082718250574,0.4470877024886699,0.3579778844646099,0.20709879871469442,0.4763494755099369,0.2847180316626196,0.918365872369423,0.8652851903777706,0.0,0.0,0.28352008517070715
c42,n28,6.0,boost_capacite,1,1,6.0,resolu,1.0,2.0,0.028036156233952912,0.752825957024133,0.6397821746094596,0.6584027214978301,0.43614679651474675,0.2981713029597054,0.6872878069348956,0.881210871603499,0.053075940557296836,0.053075940557296836,-0.3620805100406612
c42,n29,2.0,promouvoir_arc_secours,1,1,2.0,partiel,0.0,1.0,0.27529176295210916,0.46075038140163216,0.9324384283303063,0.38793747879752105,0.6829253676756325,0.6693457283169352,0.49559077507290666,0.7710584144348629,0.09375668266232669,0.09375668266232669,1.1431030585840902
c42,n30,6.0,ne_rien_faire,1,1,6.0,resolu,1.0,4.0,0.12657272254378638,0.5635080622230215,0.6814003554937098,0.46184805725585787,0.8031685238226303,0.6857516996030999,0.3812335850716629,0.7506212294757647,0.0,0.0,-0.6609212193202408
c42,n31,11.0,ne_rien_faire,1,1,11.0,resolu,1.0,2.0,0.09938840163005543,0.3518711532005238,0.3505098920677738,0.4984225875712021,0.370778747036676,0.5793786849795691,0.10290296957170507,0.7116095290235005,0.0,0.0,-0.6972669810185782
c42,n32,4.0,ne_rien_faire,1,1,4.0,resolu,1.0,2.0,0.29158767134986285,0.1051286016978075,0.7191373704542989,0.4229907020718498,0.5128827128980585,0.6993937171749307,0.6603098726894988,0.29206169609778443,0.0,0.0,0.49866362005365417
c42,n33,8.0,ne_rien_faire,1,1,8.0,partiel,0.0,2.0,0.054700706507669165,0.46204046745730604,0.55328683747757,0.6782990007427052,0.47277098052671135,0.3467042831652008,0.3824366280935444,0.5109422437997897,0.0,0.0,-0.11935700524302051
c42,n34,16.0,ne_rien_faire,1,1,16.0,partiel,0.0,1.0,0.1275954622159433,0.2196399595392117,0.5545627231736155,0.12364929281678598,0.6396085205668633,0.734436788873353,0.8720026413541927,0.6518955343594924,0.0,0.0,-0.1130197746349747
c42,n35,14.0,boost_capacite,1,1,14.0,partiel,0.0,1.0,0.07307897847356253,0.336763239837241,0.4398229482537181,0.8063345574731059,0.3494568913798701,0.302009049361067,0.817896289015388,0.5791229739892615,0.06576450329934143,0.06576450329934143,1.200146937058244
c42,n36,4.0,promouvoir_arc_secours,1,0,4.0,en_cours,,3.0,0.12817115394755368,0.5445197336503327,0.3213424109935429,0.0922966788617484,0.7028403955437281,0.6200714424917504,0.6991868569239289,0.9289851186140626,0.0847811404775453,0.0847811404775453,0.003625916861754286
c42,n37,7.0,revue_declaration,1,1,7.0,partiel,0.0,1.0,0.0593385997402525,0.2565761552852891,0.2944990516372405,0.28447367826391184,0.5982240575588441,0.58381457065976,0.49228361411352056,0.8339486508967399,0.07101163994378579,0.07101163994378579,-0.23631421303505842
c42,n38,2.0,ne_rien_faire,1,1,2.0,echec,0.0,1.0,0.18725434028161617,0.6056236518433281,0.24944166900272727,0.8365050962318781,0.7665746961340972,0.20049666883954012,0.5893458286310518,0.27848827479460203,0.0,0.0,-0.8501652032087319
c42,n39,15.0,expedition_express,1,1,15.0,echec,0.0,4.0,0.2907583620263679,0.17977407271164253,0.4023382462954632,0.4234011206837499,0.8740946494113637,0.6243285996090382,0.4181601207361324,0.7374744421522573,0.09287777229911215,0.09287777229911215,-0.07310019321888087
c42,n40,2.0,boost_capacite,1,1,2.0,resolu,1.0,2.0,0.8064364553388621,0.54280950283637,0.4792488430003213,0.36060953108624605,0.4189494782864665,0.8689080107075982,0.4495705928877215,0.4988337770691855,0.09404583781437073,0.09404583781437073,2.475623996785069
c42,n41,15.0,ne_rien_faire,1,1,15.0,partiel,0.0,2.0,0.06970906057126372,0.8189616055642417,0.3308979884283598,0.4388868484416798,0.27878202270823765,0.33447010100303276,0.3313121845946536,0.19807977774318364,0.0,0.0,-0.38927552513806507
c42,n42,7.0,replanifier_jalon,1,1,7.0,echec,0.0,1.0,0.0024525203501817986,0.12662488874642835,0.33084732462685107,0.5814942286318419,0.5824243533768622,0.7266224672150249,0.8229257335990376,0.6913617151828089,0.05036857131959023,0.05036857131959023,0.5262093324433033
c42,n43,17.0,promouvoir_arc_secours,1,1,17.0,echec,0.0,0.0,0.468989571891694,0.5929196778659792,0.09274130461959734,0.5859520859143025,0.5510526526328509,0.7251212737765461,0.7710517503075991,0.9945341848618295,0.18,0.18,-0.026743978759073528
c42,n44,7.0,ne_rien_faire,1,1,7.0,partiel,0.0,2.0,0.24623085569520844,0.3256213337319854,0.175849264995063,0.439949050836483,0.5417737826290084,0.5554917769244511,0.4575701778954308,0.4684798374877987,0.0,0.0,0.7255647664788002
c42,n45,5.0,ne_rien_faire,1,1,5.0,partiel,0.0,1.0,0.6019120437653153,0.32678789773608413,0.7625285559761608,0.5888974673276568,0.32297845005275955,0.677692833188911,0.84622788513968,0.0847330256090422,0.0,0.0,2.33190718392198
c42,n46,2.0,promouvoir_arc_secours,1,1,2.0,echec,0.0,3.0,0.07362175621691042,0.3539822564252316,0.5024683053719751,0.8606617041833952,0.4068506120959127,0.47238963174926163,0.41714968084854354,0.9454722010461959,0.0847811404775453,0.0847811404775453,-0.13121162663910596
c42,n47,16.0,replanifier_jalon,1,1,16.0,resolu,1.0,0.0,0.009101704777507064,0.5039545698069534,0.14267361802306194,0.578872653288727,0.34209215026476686,0.045317649727813256,0.6694728639711306,0.9168816257185554,0.06948979284705413,0.06948979284705413,-1.227028731274124
c42,n48,16.0,ne_rien_faire,1,1,16.0,partiel,0.0,2.0,0.2854035915155383,0.38154221808590455,0.3845767323639303,0.6899114602976963,0.26754348858361143,0.210393237993855,0.7130305061826212,0.2573377839047389,0.0,0.0,-1.0346263862374196
c42,n49,9.0,revue_declaration,1,0,9.0,en_cours,,3.0,0.08016358868534136,0.31924330551087404,0.7288312873962338,0.3561743447680501,0.9116974051796962,0.13312258828482915,0.23175602385843289,0.7413174953995089,0.05249761951415173,0.05249761951415173,-2.122039046097395
c42,n0,4.0,ne_rien_faire,1,1,4.0,partiel,0.0,4.0,0.1404298398900432,0.47594843177067386,0.7370705662407765,0.29618264872821704,0.910826435733936,0.6740848783562574,0.3067200918912574,0.7770518638959272,0.0,0.0,0.8094333996061522
c42,n1,1.0,expedition_express,1,1,1.0,partiel,0.0,3.0,0.3823229604242397,0.3339779695495209,0.6060678429541777,0.9084119539533709,0.2632276676092801,0.6621077473441719,0.28453112967921546,0.7780644650196097,0.09287777229911215,0.09287777229911215,-0.2755679180299836
c42,n2,12.0,ne_rien_faire,1,1,12.0,partiel,0.0,0.0,0.309223220703808,0.19778082779991957,0.4767924235682705,0.6835826654250167,0.2749577389990721,0.3364386207318522,0.24255449400891252,0.7206349450029808,0.0,0.0,-0.2365191459567927
c42,n3,10.0,ne_rien_faire,1,1,10.0,resolu,1.0,2.0,0.47085645181701136,0.43759751930401963,0.31960517021157947,0.5472801047556113,0.05094145089263771,0.311773663913008,0.3467338844667937,0.18460261201510164,0.0,0.0,0.021180222859937953
c42,n4,5.0,ne_rien_faire,1,1,5.0,resolu,1.0,3.0,0.20935140245772346,0.06046214812009074,0.3012231966072999,0.8016501813573345,0.6072153941040553,0.708739558752537,0.4417001361232955,0.703108898410825,0.0,0.0,0.4076062083584916
c42,n5,10.0,ne_rien_faire,1,1,10.0,echec,0.0,2.0,0.248504808751809,0.13926066580413607,0.4324553421015423,0.31954099178522616,0.46599277391822164,0.6381943691480851,0.16457671658164186,0.5828446243391289,0.0,0.0,-0.8104704394856816
c42,n6,11.0,expedition_express,1,0,11.0,en_cours,,4.0,0.11576631221711048,0.8312736376278995,0.6361889471436737,0.5701336401490721,0.6916209418558974,0.6939891553150923,0.7090854706751152,0.4685349098732707,0.19999999999999998,0.19999999999999998,1.1422144384855422
c42,n7,1.0,ne_rien_faire,1,1,1.0,resolu,1.0,3.0,0.05686790582458607,0.6427358109951766,0.5168328103142766,0.04919846776822657,0.4376254580646859,0.1504208319361003,0.341787698435125,0.8478009019773937,0.0,0.0,-2.054473088880675
c42,n8,2.0,ne_rien_faire,1,1,2.0,partiel,0.0,3.0,0.02251536528204425,0.7242771079442102,0.34575981347416024,0.40546872478687834,0.6644635547992671,0.8258760316507487,0.40098382183277886,0.762488173726291,0.0,0.0,-0.43977156544414375
c42,n9,5.0,ne_rien_faire,1,1,5.0,partiel,0.0,3.0,0.10182629190720886,0.37045594008877514,0.6544203018589878,0.6147458877097811,0.457228969585574,0.3723172579410265,0.37942646338410785,0.6665015930598138,0.0,0.0,-0.5145692438433566
c42,n10,7.0,replanifier_jalon,1,1,7.0,partiel,0.0,1.0,0.5514408763752853,0.4833650525278921,0.12451336682530982,0.515015634187173,0.34154896059674084,0.22201718053521977,0.34467428147975315,0.716573172941327,0.11280496606787029,0.11280496606787029,0.2069038130166232
c42,n11,4.0,ne_rien_faire,1,1,4.0,echec,0.0,0.0,0.4638595217807744,0.43988090092310966,0.7765342675288953,0.5907157943805147,0.16221963523620453,0.16374415270634762,0.5778253852792596,0.4819268986640536,0.0,0.0,0.7839468930851978
c42,n12,8.0,ne_rien_faire,1,1,8.0,partiel,0.0,4.0,0.1146299642511137,0.34456772898161026,0.1708739294218092,0.5870481176020304,0.8405294395247183,0.5834896017623206,0.4769583778241358,0.9268318139510411,0.0,0.0,-1.4367872480533153
c42,n13,17.0,expedition_express,1,1,17.0,echec,0.0,1.0,0.1326808070593874,0.21170538537851305,0.22454660825307393,0.7792741445317324,0.8436541088714468,0.1899599666178593,0.5872142192076323,0.9838057632525931,0.06784087113578872,0.06784087113578872,0.4435968141917453
c42,n14,0.0,ne_rien_faire,1,1,0.0,resolu,1.0,2.0,0.5382080944034747,0.38783159064887984,0.5179639226846121,0.19550832187670164,0.34127635342654644,0.6836796433202406,0.16228110127602394,0.451434179763638,0.0,0.0,-0.6247778480170781
c42,n15,12.0,replanifier_jalon,1,1,12.0,partiel,0.0,3.0,0.2088964876211871,0.18830878035334286,0.5197182804913799,0.3740180389122474,0.7926350676213698,0.5984099784742639,0.6973454234481313,0.6546348121901964,0.19,0.19,-0.30192488298416453
c42,n16,0.0,ne_rien_faire,1,1,0.0,partiel,0.0,2.0,0.28144317793203,0.13317446620447862,0.11016569557083679,0.1566779070889878,0.6678071973993333,0.6119202099995955,0.8634782018578483,0.8623779685324309,0.0,0.0,0.811949133736734
c42,n17,5.0,replanifier_jalon,1,1,5.0,resolu,1.0,3.0,0.19807199757895952,0.3257755137875914,0.4625887342695378,0.711637129952293,0.5075427510459422,0.6752979529712725,0.315348404564141,0.9412651676404074,0.06732604454191315,0.06732604454191315,-0.20227622768411974
c42,n18,12.0,ne_rien_faire,1,1,12.0,resolu,1.0,0.0,0.36498370295071203,0.14739661082406066,0.2945953220306682,0.39351527021373534,0.19661494205680044,0.3896274617456498,0.26239471103450246,0.6030989374330574,0.0,0.0,0.1363114199375704
c42,n19,17.0,ne_rien_faire,1,1,17.0,echec,0.0,2.0,0.6039964594160078,0.07288013841684522,0.5138856133313348,0.6668613948406261,0.42528181098145185,0.8328614593515073,0.6142304476458915,0.5853749710719731,0.0,0.0,1.632386901708347
c42,n20,1.0,replanifier_jalon,1,0,1.0,en_cours,,4.0,0.40063357981902165,0.49022215037868927,0.4973233514586298,0.5940992885349089,0.42099262960924455,0.39352322936224915,0.6707636094274553,0.5450490577658487,0.19,0.19,-0.3675431983670292
c42,n21,9.0,ne_rien_faire,1,1,9.0,resolu,1.0,1.0,0.4258269899990961,0.08863087084217329,0.5720291385511803,0.7629969879911648,0.011334904176097742,0.5852085246322544,0.3964725342464529,0.26446453468258047,0.0,0.0,2.100719107515981
c42,n22,14.0,ne_rien_faire,1,1,14.0,resolu,1.0,4.0,0.14210081186687343,0.25795105027111764,0.33803005850320017,0.6884662814750773,0.31738730168673723,0.32742369748598205,0.2605560081978882,0.4844762807774558,0.0,0.0,-0.7640250521678882
c42,n23,3.0,promouvoir_arc_secours,1,0,3.0,en_cours,,2.0,0.31072906483444224,0.8388941221954113,0.3373199182846586,0.5885236817853485,0.19757392725085698,0.19010326387016108,0.392749300838158,0.43933473314645105,0.06507160887649192,0.06507160887649192,-1.3651783966128548
c42,n24,1.0,boost_capacite,1,1,1.0,partiel,0.0,4.0,0.09022846487899613,0.3824161016958118,0.4016124636786174,0.6784008840106294,0.506526005349949,0.5906501613770753,0.5328582890306356,0.9586648605989009,0.18,0.18,-0.5683934534332638
c42,n25,1.0,ne_rien_faire,1,1,1.0,echec,0.0,3.0,0.46134797849745607,0.5494606349723611,0.17719403271494039,0.26153176045406856,0.47086004297703804,0.4768987467854712,0.3306365838271163,0.7840723947624161,0.0,0.0,0.3680906095006302
c42,n26,8.0,ne_rien_faire,1,1,8.0,resolu,1.0,2.0,0.25523015159593126,0.1570078218105779,0.8043108991639384,0.414593154866363,0.3766173323042282,0.38321169304404895,0.058171806213750045,0.5961763901508612,0.0,0.0,-0.774587997316265
c42,n27,5.0,replanifier_jalon,1,0,5.0,en_cours,,3.0,0.0654156847757341,0.6516568106561547,0.5423559826584866,0.2577118818184683,0.6027483104267564,0.88500494482568,0.4902287195203361,0.7281088256208929,0.08263442177277024,0.08263442177277024,0.8117510076243802
c42,n28,4.0,ne_rien_faire,1,1,4.0,partiel,0.0,1.0,0.4200799476453348,0.14058232717225086,0.8949798796502465,0.8444153905447026,0.6428191932155769,0.7157139426848454,0.27802131520618156,0.4850438439318867,0.0,0.0,-0.21838989631716393
c42,n29,2.0,ne_rien_faire,1,1,2.0,resolu,1.0,0.0,0.1818194921611597,0.6293816952125142,0.5483505135205681,0.9353507857269963,0.479421453170386,0.5473069526973278,0.3690241877395653,0.17660241837230803,0.0,0.0,-0.17915997464990302
c42,n30,13.0,boost_capacite,1,1,13.0,echec,0.0,2.0,0.25488308696482176,0.3907605171599632,0.1857608467175369,0.6042531811492349,0.5642625404364858,0.7957537576923237,0.844454524041414,0.7602317501696239,0.09404583781437073,0.09404583781437073,0.9455037027235507
c42,n31,4.0,ne_rien_faire,1,1,4.0,echec,0.0,1.0,0.19857766483920672,0.3876990339542423,0.8238918638509218,0.37795792652071347,0.4149437085592612,0.4729695362824974,0.3388984719577736,0.5618892791448051,0.0,0.0,-0.24305746867804692
c42,n32,3.0,ne_rien_faire,1,1,3.0,resolu,1.0,4.0,0.19055420954555624,0.09324159663508999,0.6797789899242652,0.751112202292359,0.2506335416897603,0.6548119541033014,0.35199301906695923,0.886573052738632,0.0,0.0,-0.8443280497295363
c42,n33,6.0,ne_rien_faire,1,1,6.0,partiel,0.0,1.0,0.43249432966232615,0.3773103011488491,0.9423792588804768,0.6401045031669056,0.20522441048037346,0.7606486344177518,0.1216269820259078,0.7389732155419545,0.0,0.0,-0.6383031919165332
c42,n34,0.0,replanifier_jalon,1,1,0.0,resolu,1.0,3.0,0.06587507127535698,0.7737208223347873,0.5443809682264211,0.48274033038912184,0.9079842502333815,0.29598465762381165,0.6218200658396315,0.7104639147097135,0.19,0.19,-1.1100104129156703
c42,n35,8.0,ne_rien_faire,1,1,8.0,partiel,0.0,1.0,0.2708318592482858,0.52350327075065,0.6390060960691305,0.9095819083717901,0.19848263399487898,0.8078855071108557,0.8269315600739152,0.5959738068804918,0.0,0.0,-0.03277470442968622
c42,n36,9.0,ne_rien_faire,1,1,9.0,echec,0.0,0.0,0.01928853390223046,0.3831574015613266,0.37567891983528234,0.41245930172549256,0.5330025693786623,0.7034267821604381,0.3672639196486985,0.8856812686949522,0.0,0.0,-1.1756746484599123
c42,n37,7.0,ne_rien_faire,1,1,7.0,partiel,0.0,1.0,0.22766512012987605,0.6750571939221853,0.09283297640323122,0.5335326754789144,0.9566197261014512,0.16688694017004896,0.7479633973116544,0.31300825275748156,0.0,0.0,-0.18643978415247595
c42,n38,8.0,ne_rien_faire,1,1,8.0,resolu,1.0,4.0,0.1657391905941456,0.41076405554094836,0.3239847512623579,0.19717254780354876,0.9475911227999534,0.5349156280602562,0.25199092267321543,0.9991353630889798,0.0,0.0,-2.52688164664933
c42,n39,2.0,replanifier_jalon,1,1,2.0,partiel,0.0,0.0,0.20669392939623518,0.6655310448850249,0.1905600347374374,0.4260155857640952,0.3690597113221826,0.5392002549237811,0.7569881205257877,0.47379262782070275,0.05036857131959023,0.05036857131959023,1.642949967999942
c42,n40,9.0,ne_rien_faire,1,1,9.0,partiel,0.0,0.0,0.23426682747314134,0.5057920043855954,0.5876373909734555,0.6817160814326809,0.7705649132579433,0.550158642825663,0.5556514271054722,0.6097275429125152,0.0,0.0,-0.9464992249802253
c42,n41,8.0,revue_declaration,1,1,8.0,partiel,0.0,4.0,0.2774491817849859,0.5229320586732872,0.41284836553068804,0.4986456297294114,0.7458035911592423,0.5423557448761654,0.6383770597057044,0.909953495440894,0.09844224846172875,0.09844224846172875,-0.2949496274824829
c42,n42,11.0,ne_rien_faire,1,1,11.0,echec,0.0,0.0,0.24377188414514397,0.6860023537519112,0.5593622219228722,0.7886907257369742,0.6168620641424521,0.5049232468365961,0.5821686279697175,0.9774229194675041,0.0,0.0,-0.2565523853303733
c42,n43,13.0,ne_rien_faire,1,1,13.0,partiel,0.0,1.0,0.24669811848647394,0.14533356717203325,0.3514480826250496,0.5551711494872829,0.36912296055588084,0.4518673111882364,0.6823905148206475,0.6588933431268726,0.0,0.0,0.5636962500070865
c42,n44,3.0,expedition_express,1,1,3.0,resolu,1.0,4.0,0.289572298788208,0.5086319054790134,0.33496246618777886,0.5216847680835655,0.6009838126459308,0.09868467836503728,0.6540377050920961,0.9764768637140345,0.050825581787975416,0.050825581787975416,0.2600659310397514
c42,n45,2.0,boost_capacite,1,0,2.0,en_cours,,2.0,0.36579360593919863,0.41118472579307824,0.08718869811109659,0.8383473992476581,0.32722014970227764,0.8500211242791359,0.8185898274024668,0.7691767082925611,0.09404583781437073,0.09404583781437073,1.8279659773631254
c42,n46,16.0,ne_rien_faire,1,1,16.0,resolu,1.0,0.0,0.3934068076037921,0.2678108002402969,0.6356953441477138,0.8679857679951033,0.7803157461126489,0.368598285316179,0.040278670319820756,0.9107209480270884,0.0,0.0,-0.9340222160390287
c42,n47,7.0,ne_rien_faire,1,1,7.0,resolu,1.0,1.0,0.14052160689569415,0.2959692564996856,0.37939449390443314,0.44405682569899907,0.5522503274012485,0.3432909375108925,0.34742799718077794,0.46863099904462363,0.0,0.0,-2.0501648369265033
c42,n48,14.0,ne_rien_faire,1,1,14.0,partiel,0.0,4.0,0.2449119914054276,0.19034029801114202,0.6329892702249952,0.5554527972709247,0.032600716730486784,0.12053429913321692,0.7853670712065928,0.8853267965283833,0.0,0.0,-0.2457451409900784
c42,n49,7.0,boost_capacite,1,0,7.0,en_cours,,3.0,0.5931959425309858,0.3632366861674735,0.42468551348612843,0.657365816989007,0.5464951285571962,0.3904718241944715,0.5120381879028177,0.9398808533916289,0.18,0.18,0.831362401654234
c42,n0,15.0,boost_capacite,1,1,15.0,partiel,0.0,0.0,0.038929633720595866,0.6966149712720593,0.5354827755333502,0.44906671277331434,0.4896517507745636,0.44046943711074404,0.14410609304131622,0.9988574727307069,0.08115534141178526,0.08115534141178526,-0.6568205792166655
c42,n1,16.0,ne_rien_faire,1,1,16.0,resolu,1.0,3.0,0.2722664103859119,0.39940752866080964,0.549873835944417,0.6843372654296604,0.5196637821914448,0.3888061902706954,0.23794360492884195,0.8558335523442211,0.0,0.0,-0.08870503048918121
c42,n2,9.0,boost_capacite,1,1,9.0,resolu,1.0,4.0,0.059734795504311204,0.3852934661105099,0.19397450759575144,0.6988242273187998,0.41950683707739095,0.5424107521059086,0.17936238249462752,0.8772875653797116,0.053075940557296836,0.053075940557296836,-0.08912193035446037
c42,n3,1.0,ne_rien_faire,1,1,1.0,resolu,1.0,0.0,0.20600046216408258,0.2223022299102484,0.17375129548898685,0.45422838816647393,0.7154876464123349,0.137889996972893,0.1800909849151537,0.8777235600747688,0.0,0.0,-2.005907895107301
c42,n4,9.0,revue_declaration,1,1,9.0,resolu,1.0,3.0,0.38635964265867645,0.430745826852552,0.4863881669160229,0.20477985269807317,0.6476155531966995,0.9226806673860329,0.3997336530809154,0.6191081766972734,0.08598823526196597,0.08598823526196597,1.1661095237525236
c42,n5,14.0,revue_declaration,1,0,14.0,en_cours,,3.0,0.30083533671260765,0.29552798160327887,0.6308105264000667,0.8317167578331831,0.7988600963866465,0.6203301691035759,0.3516974885696372,0.7529772767553576,0.05249761951415173,0.05249761951415173,-1.8456021214121012
c42,n6,2.0,promouvoir_arc_secours,1,1,2.0,partiel,0.0,3.0,0.28351852749778766,0.5173203199602994,0.4772873425807055,0.37718012202138496,0.872348170739946,0.6193129006112648,0.09091337640259241,0.7653529373786915,0.06507160887649192,0.06507160887649192,-2.087925182614982
c42,n7,4.0,ne_rien_faire,1,1,4.0,partiel,0.0,2.0,0.09825380329765929,0.19817666712205517,0.5135742413395699,0.43235895812121267,0.586345501367005,0.3653843381275905,0.477916633993697,0.4832656854735946,0.0,0.0,-1.2327698852791344
c42,n8,8.0,boost_capacite,1,1,8.0,echec,0.0,1.0,0.12880905998642622,0.7073806360190616,0.8542721344210299,0.5726359800102577,0.4139480991775976,0.5462946455177224,0.5518019258463752,0.2972947768375396,0.06576450329934143,0.06576450329934143,-0.13999718435340536
c42,n9,15.0,ne_rien_faire,1,1,15.0,resolu,1.0,2.0,0.14122712962481407,0.2107746803641487,0.9243715258822193,0.30263247365223994,0.4439811069182641,0.2841101715160378,0.5504934340634057,0.8289876220878085,0.0,0.0,-0.8069168036548575
c42,n10,9.0,replanifier_jalon,1,0,9.0,en_cours,,3.0,0.2625823690398477,0.8112766866308238,0.6344311056161924,0.30817167978917104,0.7810033092300789,0.24616340085286423,0.7929536927132224,0.9013582149548046,0.06732604454191315,0.06732604454191315,0.9857938463038913
c42,n11,7.0,promouvoir_arc_secours,1,1,7.0,partiel,0.0,2.0,0.4124474863629794,0.14312792709579072,0.7487913494685656,0.7700754045664711,0.7953129528166634,0.4501761029707073,0.4069274052493855,0.8311235191533494,0.06507160887649192,0.06507160887649192,-1.4977500718186447
c42,n12,11.0,boost_capacite,1,1,11.0,partiel,0.0,0.0,0.3140486384195932,0.10357630214172453,0.46462957214579353,0.24598555165708386,0.7987508345798561,0.6687641735111118,0.6146567841643816,0.5317539047708989,0.06576450329934143,0.06576450329934143,-0.20802447429973447
c42,n13,2.0,replanifier_jalon,1,1,2.0,resolu,1.0,1.0,0.6081313125683252,0.5998652374552357,0.44407065829709713,0.5768614470592361,0.5066387359786819,0.590666878010406,0.4422188466474859,0.3367203165013273,0.05036857131959023,0.05036857131959023,1.3831384777206714
c42,n14,0.0,ne_rien_faire,1,1,0.0,echec,0.0,2.0,0.07651072144835865,0.5807726247422684,0.3292977423266658,0.2564308399701092,0.2961928501686928,0.032602448539141654,0.10561128179071336,0.877753058805256,0.0,0.0,-0.93083971426234
c42,n15,1.0,ne_rien_faire,1,1,1.0,resolu,1.0,1.0,0.1835576168924319,0.16739215854791858,0.7590826192236885,0.853813460075901,0.09726268344498501,0.1873213594516951,0.6850374592524303,0.9654935553887157,0.0,0.0,-0.7861181741527399
c42,n16,13.0,ne_rien_faire,1,1,13.0,echec,0.0,1.0,0.4425147152547943,0.38729553936290323,0.22372083446399726,0.9357865631816202,0.505363238837556,0.6155512336996606,0.815884015223056,0.29057481763770376,0.0,0.0,0.6764023712162053
c42,n17,3.0,ne_rien_faire,1,1,3.0,partiel,0.0,3.0,0.17956109900676237,0.08720216828379898,0.6458676476937332,0.4914968854240646,0.3207149651903599,0.534901075926647,0.49585406589219855,0.5220875802493151,0.0,0.0,0.20512518008010483
c42,n18,2.0,ne_rien_faire,1,1,2.0,partiel,0.0,1.0,0.25559301105154986,0.2640463542258885,0.838589645595615,0.36950500386989016,0.366599906056184,0.3582063902650553,0.75925260234026,0.918250426565441,0.0,0.0,0.3486045260836783
c42,n19,17.0,ne_rien_faire,1,1,17.0,partiel,0.0,3.0,0.31562295269795076,0.2594823593492917,0.38706703650685215,0.4677085845320577,0.3834339238557008,0.5904890114988727,0.7111541563243684,0.41213313065671175,0.0,0.0,-0.5600208289567744
c42,n20,3.0,ne_rien_faire,1,1,3.0,resolu,1.0,2.0,0.04581142980236269,0.7559809052918196,0.4014297756553298,0.9354317207143799,0.49525981588643003,0.04671438246729775,0.391366711835118,0.6537447635280323,0.0,0.0,-0.6435221221520051
c42,n21,4.0,ne_rien_faire,1,1,4.0,resolu,1.0,1.0,0.3089148898663587,0.4686641096785238,0.7319700978620681,0.5219123898664388,0.8434819276327852,0.9679200654801944,0.07567872133966054,0.606465408758065,0.0,0.0,0.980879217704808
c42,n22,14.0,ne_rien_faire,1,1,14.0,resolu,1.0,1.0,0.40087297454993637,0.3534462450458361,0.2574741157129406,0.6643808317111721,0.30239412468557947,0.25157058020006146,0.2386484858068,0.9975792122512144,0.0,0.0,-0.9364953882857614
c42,n23,13.0,ne_rien_faire,1,1,13.0,partiel,0.0,4.0,0.09790901574095161,0.5233030799333794,0.894179169203942,0.307370736406758,0.8537812026386774,0.6624279679457451,0.1525768564163822,0.36736469058883064,0.0,0.0,-1.4499617484788634
c42,n24,3.0,ne_rien_faire,1,1,3.0,echec,0.0,0.0,0.09084810593935583,0.468530006756324,0.7053842304542771,0.0618714636800784,0.6063486001822754,0.4070767734886878,0.04913030732222462,0.7466112745895871,0.0,0.0,-2.0897930890670295
c42,n25,12.0,promouvoir_arc_secours,1,1,12.0,echec,0.0,0.0,0.22991846734712099,0.5913361196202518,0.850273489882199,0.5887530511087804,0.6463924301947385,0.3368849647875974,0.5659451347802371,0.8957293977737103,0.09375668266232669,0.09375668266232669,-0.12070734674700129
c42,n26,14.0,promouvoir_arc_secours,1,1,14.0,resolu,1.0,2.0,0.6984907714543874,0.32531663909512387,0.23911212676170332,0.4296751140746672,0.5705015892754323,0.6770883176517472,0.5817086577399844,0.7897483034928143,0.08604221741899593,0.08604221741899593,-0.8146268904668312
c42,n27,1.0,ne_rien_faire,1,1,1.0,partiel,0.0,3.0,0.42107622987897103,0.2783078075014537,0.7441602909634862,0.3088080311564696,0.8303026792998569,0.5579144646378256,0.42643185120430893,0.1672443431774187,0.0,0.0,-0.07790107185643338
c42,n28,2.0,ne_rien_faire,1,1,2.0,resolu,1.0,0.0,0.40892116299682274,0.33669392192761444,0.8817576993967673,0.39413956189284277,0.18494241946817,0.6918331202338778,0.6570622252891761,0.6365543247984133,0.0,0.0,0.5365354478968152
c42,n29,1.0,ne_rien_faire,1,1,1.0,partiel,0.0,2.0,0.19965168426947133,0.40887186982137,0.11674132364976118,0.4403058121175294,0.7063111225610896,0.3567246890611934,0.5240531502316085,0.8854166453452501,0.0,0.0,-1.0081961418963967
c42,n30,8.0,revue_declaration,1,1,8.0,echec,0.0,3.0,0.047359985903769095,0.596141436948027,0.8435144567420155,0.6489327377741727,0.5265950306478051,0.1673800165812062,0.8186921496209428,0.5636069675472428,0.05249761951415173,0.05249761951415173,0.8741146552929525
c42,n31,11.0,ne_rien_faire,1,1,11.0,resolu,1.0,1.0,0.3238571298415391,0.45080398048545767,0.3470046392894626,0.5754124356013317,0.1368374588741236,0.5428087740292459,0.7015237223406492,0.4079684903882047,0.0,0.0,0.8867981684440762
c42,n32,13.0,ne_rien_faire,1,1,13.0,echec,0.0,1.0,0.1727154719708843,0.6919046370755116,0.693476371096725,0.7431827286755766,0.7929989716461819,0.6377618144270956,0.13747870175123988,0.48060352249267385,0.0,0.0,-1.4895465678937916
c42,n33,5.0,ne_rien_faire,1,1,5.0,echec,0.0,2.0,0.536429680566598,0.6209879790105561,0.6360389234152425,0.6148089959366497,0.5828824834190756,0.45781541634446415,0.5151573682686289,0.797324601434853,0.0,0.0,0.9239736677320827
c42,n34,6.0,ne_rien_faire,1,1,6.0,resolu,1.0,1.0,0.06792714407001717,0.2327917733711798,0.7277819500052771,0.37135191157817315,0.46236104849925425,0.25065558514541086,0.6714216775961773,0.4423129053651403,0.0,0.0,0.290402918891053
c42,n35,8.0,ne_rien_faire,1,1,8.0,partiel,0.0,1.0,0.5154777627537747,0.4384585054516587,0.8618707273669307,0.9218714349006072,0.8082077416287045,0.4723834262344652,0.38995555696150624,0.4880307635701717,0.0,0.0,0.45696403115965134
c42,n36,1.0,ne_rien_faire,1,1,1.0,partiel,0.0,0.0,0.4495468163184492,0.22707661117556238,0.42353068952114314,0.5741134098037046,0.8113860326918384,0.03161950619831489,0.06763062965098757,0.30973264484513424,0.0,0.0,-1.4822403663220411
c42,n37,4.0,expedition_express,1,1,4.0,resolu,1.0,3.0,0.6761903226576509,0.11039716834890022,0.12017982847928588,0.5403027069196914,0.6348847794827742,0.14905542638527333,0.8109621421414273,0.9716982123115799,0.050825581787975416,0.050825581787975416,0.07963217653605081
c42,n38,10.0,ne_rien_faire,1,1,10.0,resolu,1.0,2.0,0.16937661761677625,0.33588679107585234,0.889537815307392,0.11337426961272067,0.3340272180637533,0.5258753481148811,0.1860960781494086,0.8956004151823374,0.0,0.0,-1.1971238029772926
c42,n39,3.0,boost_capacite,1,1,3.0,partiel,0.0,1.0,0.18537755258672944,0.7566143879844951,0.7488123997804604,0.7575466854717201,0.9558811382072953,0.4278921542239046,0.40692360828834306,0.7474790347306294,0.06576450329934143,0.06576450329934143,0.4177604261274366
c42,n40,17.0,revue_declaration,1,1,17.0,partiel,0.0,0.0,0.1447569222958696,0.8719875461866515,0.3483014406088717,0.5386279038045391,0.42873112071321745,0.8326179847946761,0.1901328672472748,0.713220221227475,0.08275544669906046,0.08275544669906046,-0.7890165690658646
c42,n41,16.0,ne_rien_faire,1,1,16.0,echec,0.0,0.0,0.5687291337768762,0.529769920024553,0.42296935918462386,0.7963555799344735,0.8501552679558976,0.5829656672350774,0.6395328043798783,0.8118665533769798,0.0,0.0,1.3963804149669574
c42,n42,7.0,boost_capacite,1,1,7.0,partiel,0.0,2.0,0.19582570078969433,0.3767516810804529,0.42557593042123404,0.2597524421550422,0.9035091458893934,0.7468718370407285,0.4193614313775849,0.6326672438108821,0.053075940557296836,0.053075940557296836,0.5801480100345817
c42,n43,3.0,promouvoir_arc_secours,1,1,3.0,echec,0.0,2.0,0.23542490473155675,0.23443047946113077,0.5179407012527363,0.053390154909380594,0.8230137715804925,0.5746663086468895,0.9420820449203331,0.899439519836413,0.06507160887649192,0.06507160887649192,0.1082458847248402
c42,n44,7.0,ne_rien_faire,1,1,7.0,echec,0.0,4.0,0.24042073470730482,0.4672540762050924,0.21354868237754226,0.2959106553571435,0.6622056934661917,0.24797937353934268,0.47470891040842017,0.36883124632101677,0.0,0.0,0.13711822017162956
c42,n45,8.0,revue_declaration,1,1,8.0,partiel,0.0,2.0,0.28049348408390495,0.45363825015672515,0.9054275960459891,0.8323732688533586,0.6622142238101231,0.6551750006020975,0.8226453945485221,0.88749583917126,0.05249761951415173,0.05249761951415173,0.7542928207287465
c42,n46,3.0,replanifier_jalon,1,1,3.0,partiel,0.0,4.0,0.6336884512511377,0.3589827952098373,0.17865923301442335,0.3132022893958398,0.5612567093696109,0.09936529576173098,0.29065322184132064,0.7466034341709407,0.19,0.19,-0.6301933330159599
c42,n47,5.0,promouvoir_arc_secours,1,1,5.0,resolu,1.0,1.0,0.16916665731559766,0.39536768051753146,0.3810716095393603,0.7788719851276761,0.7101530828937981,0.748281497436928,0.758899317070768,0.27740523719157856,0.09375668266232669,0.09375668266232669,-0.13172664485467311
c42,n48,13.0,promouvoir_arc_secours,1,1,13.0,echec,0.0,4.0,0.648553877832164,0.8113388923772047,0.4933235860894452,0.701006510348695,0.3943448322677263,0.9111533194852145,0.6299749915432438,0.7191275104156551,0.08604221741899593,0.08604221741899593,0.8640191312073693
c42,n49,4.0,revue_declaration,1,1,4.0,partiel,0.0,2.0,0.23217966088112882,0.8120558250338451,0.4679174111094191,0.4688269240321097,0.9168975143910241,0.650263361916645,0.559424973548821,0.4706297810839919,0.05249761951415173,0.05249761951415173,2.0119076536498413
c42,n0,15.0,ne_rien_faire,1,1,15.0,partiel,0.0,1.0,0.6634810237460389,0.45739099710969355,0.6523184244457231,0.20292411760665488,0.13364951104685557,0.5572031710239641,0.45879341989255534,0.8511066538842227,0.0,0.0,-0.3860919325706347
c42,n1,10.0,ne_rien_faire,1,1,10.0,resolu,1.0,2.0,0.3223275106183331,0.6217264582067983,0.5462723013944024,0.7429140618987149,0.7946166463760618,0.44316679354967725,0.08205781680484843,0.6076060774962557,0.0,0.0,-2.299046200583519
c42,n2,9.0,ne_rien_faire,1,1,9.0,echec,0.0,4.0,0.055007316048642126,0.21255532893668405,0.49309882622447243,0.5059731772095377,0.5290664496521846,0.27567269503676334,0.6701933201561571,0.7054361127543066,0.0,0.0,1.1291793610019776
c42,n3,1.0,revue_declaration,1,1,1.0,echec,0.0,1.0,0.08972658425724185,0.6307145775942004,0.14339725336946302,0.25622816192614767,0.33908910069224973,0.8191429007674909,0.0948188162288928,0.6690549657597548,0.08275544669906046,0.08275544669906046,0.12279418983559864
c42,n4,3.0,ne_rien_faire,1,1,3.0,partiel,0.0,3.0,0.2817335558455108,0.4567010193291955,0.3222005860659382,0.5207139387304563,0.20948277569938975,0.10959334254633252,0.6764219599445352,0.34401154251321836,0.0,0.0,-0.8357601253255327
c42,n5,3.0,ne_rien_faire,1,1,3.0,partiel,0.0,2.0,0.23164684023547416,0.3585545392193372,0.4283581068465402,0.8209868120524335,0.44330343392193194,0.502848237347313,0.410092745635376,0.989264832214716,0.0,0.0,0.17574140164372234
c42,n6,10.0,expedition_express,1,1,10.0,resolu,1.0,3.0,0.325614450752454,0.7893727577947657,0.4238533517819938,0.1728455793296586,0.9157865980392681,0.4801773740299825,0.4784019988185641,0.3452652647528581,0.09287777229911215,0.09287777229911215,0.9703239231128307
c42,n7,5.0,ne_rien_faire,1,1,5.0,partiel,0.0,4.0,0.4813454759030843,0.524407777645165,0.33801271355779694,0.36285716604500556,0.7751564794544168,0.41153758385027556,0.20651990134207915,0.45727426191828935,0.0,0.0,1.1938809303087592
c42,n8,1.0,ne_rien_faire,1,1,1.0,partiel,0.0,2.0,0.18181447730105302,0.4953241440620006,0.6240134034370386,0.30731868083807423,0.275935622403504,0.7133572735301437,0.72497314100879,0.5316791234233191,0.0,0.0,0.009995107478040222
c42,n9,0.0,ne_rien_faire,1,1,0.0,partiel,0.0,0.0,0.019283656431557505,0.3195388525248332,0.39222291254823755,0.8513303216154076,0.333547644227177,0.2578671519535781,0.22015122317137673,0.7610995828987113,0.0,0.0,-1.4671733440862587
c42,n10,7.0,ne_rien_faire,1,1,7.0,echec,0.0,1.0,0.14847422373174254,0.6985639577584741,0.8560915857726704,0.2099413827936506,0.6679020549444807,0.1539615505922504,0.2611603419831789,0.6958695756079478,0.0,0.0,-0.5724505388320803
c42,n11,15.0,boost_capacite,1,1,15.0,partiel,0.0,1.0,0.17063544880184023,0.2886581123223496,0.2021108858509508,0.3338992381097226,0.8923533521302549,0.6348902112879612,0.5291987364174076,0.3711636276072842,0.06576450329934143,0.06576450329934143,0.6506078226820147
c42,n12,5.0,ne_rien_faire,1,1,5.0,resolu,1.0,1.0,0.2587516258671766,0.35937545972594154,0.680227764753979,0.4182315456746152,0.5136366571635966,0.4437508551530707,0.49975634610694186,0.6915884443906347,0.0,0.0,0.28669711665631326
c42,n13,15.0,revue_declaration,1,1,15.0,echec,0.0,1.0,0.36024422972536546,0.25284798444971907,0.33719543520571893,0.3016089281550612,0.4576007013484265,0.8493016293244,0.8075662267715407,0.9434525395821932,0.11922721033773194,0.11922721033773194,1.4665835952002184
c42,n14,5.0,promouvoir_arc_secours,1,1,5.0,resolu,1.0,1.0,0.10388832608042788,0.5734592947705819,0.5963687496341451,0.15690932643307523,0.49789119107102636,0.31137969312314584,0.5634915790211552,0.8002709928302489,0.09375668266232669,0.09375668266232669,0.7491973400089191
c42,n15,17.0,ne_rien_faire,1,1,17.0,partiel,0.0,3.0,0.06200265628510453,0.437772399929167,0.5755652120942916,0.34352026157752913,0.8335216160018477,0.516821231411851,0.11119639065943578,0.4973319234731338,0.0,0.0,-0.7265906210552902
c42,n16,0.0,promouvoir_arc_secours,1,1,0.0,echec,0.0,0.0,0.23641057115942846,0.5415051223096118,0.3974607621211262,0.3014655498983912,0.729274989747484,0.3540530633623733,0.6511557797135712,0.8276840975792464,0.09375668266232669,0.09375668266232669,0.9707918291330639
c42,n17,6.0,ne_rien_faire,1,1,6.0,echec,0.0,4.0,0.7441738552999532,0.7671471118169207,0.27397736673005113,0.3417228054366142,0.1257307863690887,0.6861869222097916,0.8329737471620037,0.19014068024185238,0.0,0.0,1.3989988280195313
c42,n18,4.0,revue_declaration,1,0,4.0,en_cours,,1.0,0.4335427558738447,0.6946930688202878,0.21550002027829918,0.5289432241773654,0.30098304502123796,0.7236256742152728,0.3576639589301773,0.7682192091834684,0.08275544669906046,0.08275544669906046,1.6626691571605443
c42,n19,11.0,revue_declaration,1,1,11.0,partiel,0.0,4.0,0.03201980780234205,0.47221370446241334,0.751965652697723,0.8774889346064597,0.3696613383687402,0.17410690285636296,0.7616668732715838,0.9940533015952139,0.09844224846172875,0.09844224846172875,-0.18511639331383906
c42,n20,17.0,ne_rien_faire,1,1,17.0,echec,0.0,1.0,0.24651603513537335,0.5022679668419852,0.11642377424518256,0.3621786730101258,0.4027824499945148,0.627487401709407,0.5778809737685452,0.8868919338169725,0.0,0.0,1.6245728925140521
c42,n21,14.0,ne_rien_faire,1,1,14.0,partiel,0.0,1.0,0.6128457706951178,0.2553143250592203,0.2484903070347263,0.9511717826707207,0.4243344712297188,0.6760120931188865,0.30718478372505337,0.9879567410787702,0.0,0.0,-1.353711036522641
c42,n22,0.0,expedition_express,1,0,0.0,en_cours,,4.0,0.28122229913584895,0.4287509573396817,0.2893480547672753,0.7793016218795207,0.8684177303448358,0.4033518429219496,0.8022320187251584,0.8883880944749499,0.09287777229911215,0.09287777229911215,-0.1026506461845893
c42,n23,4.0,ne_rien_faire,1,1,4.0,resolu,1.0,0.0,0.07530609406211931,0.20867988956979527,0.596158171247433,0.2546542557477039,0.5027148387372502,0.4937356697096843,0.6656234052518151,0.484343688486958,0.0,0.0,1.1468897311677624
c42,n24,11.0,promouvoir_arc_secours,1,0,11.0,en_cours,,0.0,0.4179587638034658,0.9181646958123937,0.6424864686581762,0.9034039296863338,0.8358829373021797,0.4317279959111312,0.6343754411621196,0.7436996577760936,0.09375668266232669,0.09375668266232669,0.05784204779526836
c42,n25,4.0,ne_rien_faire,1,1,4.0,resolu,1.0,0.0,0.31243489745352354,0.12493510287758358,0.31629926377628187,0.17556149300383367,0.38390022959554077,0.23376228150308426,0.408345803284482,0.8851876251079567,0.0,0.0,-0.8179812744115496
c42,n26,5.0,revue_declaration,1,1,5.0,resolu,1.0,4.0,0.12775544748312712,0.46470533603525926,0.40057859762862424,0.2568847865160013,0.8838430173628676,0.9804438020269327,0.5123217033362989,0.3228535748055516,0.08598823526196597,0.08598823526196597,0.9724073331341241
c42,n27,10.0,ne_rien_faire,1,1,10.0,echec,0.0,1.0,0.08376251953043393,0.39486782634408313,0.13248585748081085,0.7948916085505514,0.3913036848156856,0.7924267993620329,0.5056666718014785,0.38390808984080094,0.0,0.0,-0.5524220984500494
c42,n28,8.0,ne_rien_faire,1,1,8.0,echec,0.0,0.0,0.013365829188911412,0.5878790940659626,0.3214845369347281,0.5240471340145832,0.7285565485172386,0.3655836870847366,0.38730520153842385,0.40852609136623513,0.0,0.0,-0.2061875497215777
c42,n29,10.0,ne_rien_faire,1,1,10.0,partiel,0.0,1.0,0.18535296692983844,0.29569307188503774,0.3355341185967965,0.5005114740344417,0.22159482387669502,0.36827326769860563,0.032663491011150146,0.22387706793136852,0.0,0.0,-1.7172765000993606
c42,n30,7.0,ne_rien_faire,1,1,7.0,partiel,0.0,3.0,0.16759606595417553,0.20954034039811265,0.8398893803507814,0.42280063144074803,0.7859997038264066,0.049616721729827756,0.33510972180707604,0.3612095186537919,0.0,0.0,-0.10803539936587325
c42,n31,0.0,ne_rien_faire,1,1,0.0,partiel,0.0,1.0,0.5169214999620095,0.2937494956723456,0.41814315309730765,0.5924108890381734,0.029610929877985585,0.5522906215090424,0.8115624292693399,0.6501832364644505,0.0,0.0,0.7344169378590709
c42,n32,10.0,ne_rien_faire,1,1,10.0,partiel,0.0,2.0,0.2907076686250863,0.11967122959616786,0.338827240734326,0.32838493425874177,0.553636656318469,0.2974864585003364,0.6142884055659957,0.8441046476600782,0.0,0.0,0.7925416692814502
c42,n33,5.0,ne_rien_faire,1,1,5.0,partiel,0.0,1.0,0.150116504924239,0.20337956934777945,0.09295300892982028,0.8017583946761415,0.6970852798602768,0.6633882081601556,0.7428889500803885,0.22361925344565858,0.0,0.0,-0.5954157067366691
c42,n34,8.0,ne_rien_faire,1,1,8.0,resolu,1.0,0.0,0.1791183742621233,0.4586340518440344,0.28142830193929497,0.03242966736636761,0.6255050826175322,0.7394337337931037,0.04231572078530613,0.37718366489523253,0.0,0.0,0.3027955279179454
c42,n35,13.0,revue_declaration,1,1,13.0,partiel,0.0,1.0,0.3181905996411861,0.13203888042725936,0.41692158812074226,0.20532709316669545,0.28448235608512873,0.3698497823342629,0.8651408252342415,0.6842013780598354,0.07101163994378579,0.07101163994378579,0.8651826394766382
c42,n36,5.0,ne_rien_faire,1,1,5.0,partiel,0.0,1.0,0.021168780595955335,0.1360663523480818,0.45977198751139087,0.14842458287631086,0.12568919701885561,0.7108090832077547,0.44981002885866417,0.28764690905768575,0.0,0.0,0.07180669568008541
c42,n37,6.0,ne_rien_faire,1,1,6.0,partiel,0.0,0.0,0.2630835005151106,0.33125620319848587,0.16101477810889106,0.7107230244387011,0.26197144635167435,0.19389607696550626,0.13604047097066108,0.6186465311035737,0.0,0.0,-0.5117652133551794
c42,n38,1.0,replanifier_jalon,1,1,1.0,resolu,1.0,1.0,0.4507353439718872,0.4399430489306238,0.4836622842758598,0.635806066910025,0.40858965585649604,0.8795542091279716,0.600333824887317,0.8195204252649353,0.05036857131959023,0.05036857131959023,1.7904904259364185
c42,n39,1.0,ne_rien_faire,1,1,1.0,partiel,0.0,3.0,0.14569011880732174,0.24074960417651384,0.37294833640931596,0.700096298149439,0.8680169510550955,0.5416397080734789,0.726934419268625,0.7846605849010237,0.0,0.0,1.451456361668093
c42,n40,6.0,ne_rien_faire,1,1,6.0,resolu,1.0,1.0,0.26411163858821046,0.24294841435382608,0.25482420462853034,0.8427948389500535,0.195442992164119,0.27967991547801485,0.41505724992436277,0.12158290140748985,0.0,0.0,0.0626158886680041
c42,n41,4.0,ne_rien_faire,1,1,4.0,resolu,1.0,0.0,0.12311057293190925,0.21008102488229016,0.574263189455058,0.39000068030709556,0.3683703363570894,0.48028469817614394,0.40482815935936817,0.54365660022728,0.0,0.0,-2.111388581890082
c42,n42,6.0,ne_rien_faire,1,1,6.0,partiel,0.0,2.0,0.3774347587815333,0.12083275694342956,0.35752565794319857,0.32618561448515404,0.2961000062791466,0.905568066647812,0.48603808013675476,0.39606938714473267,0.0,0.0,1.824408231949303
c42,n43,1.0,expedition_express,1,1,1.0,echec,0.0,0.0,0.10796336599165295,0.8291794766145125,0.8264735856235735,0.36608469066947436,0.7198252620621995,0.7978948182099908,0.5245738431593413,0.9030100871698807,0.06784087113578872,0.06784087113578872,-0.7811256643347579
c42,n44,0.0,ne_rien_faire,1,1,0.0,partiel,0.0,2.0,0.2835385341811772,0.04464812735816966,0.3606379288136598,0.26060582421448636,0.6324642116231172,0.7722393023196997,0.4739188160988216,0.6115114035525105,0.0,0.0,-0.3452981557727647
c42,n45,15.0,revue_declaration,1,1,15.0,resolu,1.0,1.0,0.6746395584541401,0.4360636807270814,0.6526972499996978,0.4894159728061977,0.667199531351813,0.43914952311105365,0.78293511578872,0.2709888846161214,0.07101163994378579,0.07101163994378579,0.5677616073601579
c42,n46,1.0,expedition_express,1,1,1.0,resolu,1.0,0.0,0.13897634633988332,0.1931314448830482,0.24125208165824807,0.4109978190680936,0.6495847358283663,0.4892807198768185,0.49619289424678303,0.3257584595937465,0.18,0.18,1.0259410304619627
c42,n47,0.0,ne_rien_faire,1,1,0.0,echec,0.0,0.0,0.07071965752183888,0.35146037820533843,0.38045153354020994,0.7243260804457577,0.4390241090502166,0.8928573513256872,0.14491403190785807,0.5198636718524516,0.0,0.0,0.15810788868842568
c42,n48,17.0,replanifier_jalon,1,1,17.0,echec,0.0,4.0,0.3386951645767419,0.3779962492113072,0.4412087129937986,0.27730245885977334,0.6402669878166937,0.6463260132302071,0.6523323345184677,0.4270541335446279,0.08263442177277024,0.08263442177277024,1.405998052744689
c42,n49,4.0,ne_rien_faire,1,1,4.0,resolu,1.0,2.0,0.5508168917356078,0.5086885080037025,0.7121767240153882,0.6668112673439361,0.525522308085334,0.1694578494475412,0.5890281348216208,0.31084462073076163,0.0,0.0,-1.0121840477350215
c42,n0,8.0,ne_rien_faire,1,1,8.0,resolu,1.0,0.0,0.5231498634400844,0.43626852415971284,0.22838220123315067,0.36709899849991956,0.5096882203343119,0.7027556737169378,0.6153961215192265,0.2586327872512428,0.0,0.0,0.1744318324374452
c42,n1,0.0,boost_capacite,1,0,0.0,en_cours,,4.0,0.342297074125521,0.1616140160201198,0.3792703173564409,0.34745557878460226,0.3348185157358764,0.1390380294662185,0.8749730172060697,0.623436175633872,0.053075940557296836,0.053075940557296836,0.8502157584954951
c42,n2,10.0,ne_rien_faire,1,1,10.0,echec,0.0,3.0,0.14140461347995398,0.49759373139862373,0.10994187319000968,0.09195323991974966,0.7996274216693116,0.3364984672684844,0.07903391499948145,0.43220142063792777,0.0,0.0,-0.9376837116307315
c42,n3,0.0,expedition_express,1,1,0.0,partiel,0.0,0.0,0.13045935580550982,0.396250242316102,0.43596688011057266,0.18348056465658208,0.2613118191971988,0.39272015516622233,0.9407139470126507,0.9476624409898776,0.06784087113578872,0.06784087113578872,1.0424343812617987
c42,n4,0.0,ne_rien_faire,1,1,0.0,partiel,0.0,2.0,0.30661220805362793,0.2379061729646266,0.15555024306136306,0.5428357795383412,0.18491367501297318,0.8475567180235132,0.10944916588260094,0.6384171162821106,0.0,0.0,0.2798390517937145
c42,n5,11.0,replanifier_jalon,1,1,11.0,resolu,1.0,1.0,0.39023881825951146,0.3926129025396356,0.7134318592665286,0.680893683018358,0.2696652649469054,0.5129318029203337,0.4853975018298015,0.5792185199207288,0.11280496606787029,0.11280496606787029,1.3522210354450648
c42,n6,6.0,boost_capacite,1,1,6.0,resolu,1.0,2.0,0.006338480751101021,0.4177097842435132,0.6932953243168084,0.5431574009918203,0.7806188583240762,0.7894224898027528,0.3510577014213512,0.6644653354142788,0.09404583781437073,0.09404583781437073,0.1075918757406975
c42,n7,14.0,boost_capacite,1,1,14.0,echec,0.0,0.0,0.22568247302320033,0.6748259123058816,0.9726193504699394,0.6931102652369746,0.4959309974134293,0.5864837719477416,0.8455004567718721,0.8260455093931024,0.06576450329934143,0.06576450329934143,2.1083290233134915
c42,n8,5.0,replanifier_jalon,1,1,5.0,echec,0.0,4.0,0.34490725214416573,0.6991424064042208,0.8340995982756462,0.5267858774195375,0.8290198974168478,0.8930216253667138,0.8430709579573792,0.869932031261566,0.08263442177277024,0.08263442177277024,1.1129409352608162
c42,n9,11.0,ne_rien_faire,1,1,11.0,partiel,0.0,0.0,0.32025227382930466,0.0849405137088421,0.47349392696992726,0.11186353006214204,0.49740841571263733,0.7037913199168438,0.2914436819143808,0.2702545807284698,0.0,0.0,0.6745171809614119
c42,n10,11.0,ne_rien_faire,1,1,11.0,echec,0.0,4.0,0.2985938896126299,0.523178636495381,0.7387236950627298,0.14001959315837612,0.7077569521432133,0.7198191148573921,0.6049329001223368,0.7202866927023357,0.0,0.0,-1.4181430707633789
c42,n11,3.0,ne_rien_faire,1,1,3.0,partiel,0.0,3.0,0.27109806421647664,0.4375008654632415,0.21688417096301116,0.6472234560850622,0.227933385725783,0.3339669839946752,0.2547807652937098,0.960075684792792,0.0,0.0,0.0006970297056588803
c42,n12,7.0,replanifier_jalon,1,1,7.0,resolu,1.0,4.0,0.3606247270954159,0.3821437563131943,0.1398312855937404,0.6350293737342272,0.49405847736253977,0.47148472895917265,0.6187950997432405,0.9046708563316763,0.06732604454191315,0.06732604454191315,0.0046066184510576424
c42,n13,5.0,ne_rien_faire,1,1,5.0,partiel,0.0,2.0,0.15993716407211045,0.18408160090554654,0.21003406850339604,0.8341292430136193,0.40954590403670893,0.7102336504455323,0.7744141254091329,0.32730785157669007,0.0,0.0,0.6980607003146235
c42,n14,6.0,boost_capacite,1,1,6.0,partiel,0.0,1.0,0.28831347924453116,0.2616234991274519,0.4361686022079164,0.45710652284639075,0.6023130944786534,0.876371415235104,0.3342717774079581,0.9634246419420648,0.09355254606088138,0.09355254606088138,0.581767460293428
c42,n15,11.0,boost_capacite,1,1,11.0,echec,0.0,4.0,0.42136462322255763,0.3601028404231279,0.5458754157865753,0.027237925312814732,0.5191040295779172,0.29479658469705095,0.3254453728822614,0.6550698393926927,0.053075940557296836,0.053075940557296836,0.2109012213472884
c42,n16,2.0,expedition_express,1,1,2.0,resolu,1.0,4.0,0.6375248705497419,0.6575645517854687,0.6874565651476215,0.3848087217543761,0.68687828994967,0.7552017091899667,0.6750425370987505,0.5676730769162135,0.19999999999999998,0.19999999999999998,1.8647063131149313
c42,n17,9.0,expedition_express,1,1,9.0,partiel,0.0,4.0,0.4186540399616393,0.664306342862153,0.6181363566915565,0.641222158552159,0.48319686281168645,0.5172729542033929,0.40962141911181144,0.40801399081058976,0.09287777229911215,0.09287777229911215,-0.2430700174506914
c42,n18,3.0,ne_rien_faire,1,1,3.0,partiel,0.0,2.0,0.18012530897194468,0.551974636506607,0.16625754263343628,0.6441084435617879,0.6153443568740687,0.34006910667156287,0.4248197217182501,0.24138580697388898,0.0,0.0,-0.8575892589098157
c42,n19,13.0,ne_rien_faire,1,1,13.0,resolu,1.0,4.0,0.27730993909858087,0.3946534036481081,0.46728656356486525,0.3995345879798578,0.6573165300467423,0.4367054470694112,0.2837352828627094,0.37737617735062245,0.0,0.0,0.42397143689250183
c42,n20,13.0,ne_rien_faire,1,1,13.0,partiel,0.0,2.0,0.38492581212752824,0.13657873359703426,0.9069588452969963,0.19948376696989922,0.3067267065735837,0.8309818951825334,0.23945462937354653,0.9630040829761372,0.0,0.0,-1.6678675206654092
c42,n21,13.0,expedition_express,1,1,13.0,echec,0.0,0.0,0.41087864812061414,0.7188451861262648,0.7396681578713781,0.528906784123505,0.522334957903353,0.5379823580158222,0.611790196998707,0.9954471788528252,0.06784087113578872,0.06784087113578872,-0.2375626552693073
c42,n22,14.0,ne_rien_faire,1,1,14.0,partiel,0.0,0.0,0.13575044979226109,0.2479433236529126,0.8535458045006696,0.49474210714101996,0.2226702600994466,0.3303399077068184,0.7737597386969998,0.3287713015478113,0.0,0.0,0.46498079193178554
c42,n23,5.0,promouvoir_arc_secours,1,1,5.0,echec,0.0,0.0,0.22139039780230307,0.7278852682061713,0.6572098198377229,0.6058225587197305,0.6965761829540119,0.2856314330041759,0.5896082366791329,0.8100083527890952,0.09375668266232669,0.09375668266232669,-0.2236249759530897
c42,n24,9.0,ne_rien_faire,1,1,9.0,echec,0.0,2.0,0.27113965579522764,0.16821003005294127,0.6353091609423314,0.3716546966382625,0.7625031489461586,0.515497388009532,0.47217895218350125,0.9259838208268195,0.0,0.0,-0.5207629654995451
c42,n25,1.0,ne_rien_faire,1,1,1.0,resolu,1.0,1.0,0.37818166036775347,0.18672403711556423,0.7667031340784425,0.19805749751353552,0.4926210238058034,0.28459257129734233,0.5772478583840326,0.7081497308408042,0.0,0.0,0.17303733864849463
c42,n26,16.0,ne_rien_faire,1,1,16.0,partiel,0.0,0.0,0.3928372092495325,0.5109760315230224,0.5869514146582168,0.3255854827254111,0.658473732065049,0.7398195195462441,0.3964116062616705,0.7084489832337193,0.0,0.0,-0.1054449831155802
c42,n27,9.0,boost_capacite,1,1,9.0,resolu,1.0,3.0,0.20347027890577077,0.6250164497160495,0.7917939743474045,0.4915084564754679,0.41916695966918394,0.3362242156475718,0.729622106038619,0.3651133932631116,0.053075940557296836,0.053075940557296836,0.9527639825561365
c42,n28,12.0,ne_rien_faire,1,1,12.0,resolu,1.0,4.0,0.34995987120682104,0.4402337975939653,0.26176466973141016,0.5031574010713379,0.6290538049906551,0.3474877653764817,0.14562088744801174,0.4774562643984628,0.0,0.0,-1.5165313414975745
c42,n29,15.0,boost_capacite,1,1,15.0,partiel,0.0,3.0,0.14631047264974015,0.20601609170874657,0.296870185942175,0.782317650011728,0.1590562118155522,0.3246673421064758,0.5701472143483511,0.23917288354544256,0.053075940557296836,0.053075940557296836,-1.3007428064988755
c42,n30,8.0,revue_declaration,1,1,8.0,echec,0.0,3.0,0.3610009908575983,0.3140049680292111,0.48691258912537694,0.8679499407342258,0.622660381421752,0.7273303607077047,0.4714934614075203,0.1707893848180566,0.05249761951415173,0.05249761951415173,0.6016046618311728
c42,n31,8.0,promouvoir_arc_secours,1,1,8.0,resolu,1.0,2.0,0.2983110356830934,0.6013873169147372,0.5034469762776309,0.46374083029897856,0.30832217057148004,0.4557724345790451,0.3522309298526833,0.3986226221235717,0.06507160887649192,0.06507160887649192,-0.3682737764924331
c42,n32,8.0,ne_rien_faire,1,1,8.0,echec,0.0,3.0,0.17298720489215766,0.6580872790797276,0.739208091917942,0.39650089266416283,0.3264339328521709,0.36196468183778235,0.3271092663539643,0.5031850613749934,0.0,0.0,-0.5424441948198926
c42,n33,13.0,promouvoir_arc_secours,1,1,13.0,echec,0.0,2.0,0.1588759982838319,0.14167330716238447,0.4015360673752572,0.8953577137189513,0.37113466445661625,0.3172002009599425,0.5619284968535845,0.9172820685425128,0.0847811404775453,0.0847811404775453,0.9052031161548755
c42,n34,6.0,promouvoir_arc_secours,1,0,6.0,en_cours,,4.0,0.2635907943790747,0.7258455249889991,0.48650734215691827,0.7132761675549127,0.561465285767396,0.5505814551468668,0.5532426747365051,0.9162947553488447,0.0847811404775453,0.0847811404775453,-0.524774785098148
c42,n35,0.0,ne_rien_faire,1,1,0.0,resolu,1.0,4.0,0.3322152512521458,0.647864827642908,0.5520394405600779,0.5841431974252573,0.3446403078105305,0.40425621172814397,0.6351222589075032,0.41564913976446805,0.0,0.0,0.002553939411839734
c42,n36,11.0,ne_rien_faire,1,1,11.0,resolu,1.0,0.0,0.10771280205647688,0.6510555421770856,0.5197142064038817,0.2603949222425313,0.5835952297101178,0.7072898687801749,0.13393871980437777,0.2866929386729614,0.0,0.0,-2.34531192884702
c42,n37,8.0,revue_declaration,1,1,8.0,resolu,1.0,1.0,0.062108999240664785,0.6074653188606319,0.11177037475880433,0.7613457618905075,0.7207287851135882,0.5290883010847137,0.6004849803698218,0.8291563439340537,0.07101163994378579,0.07101163994378579,0.10333520053725045
c42,n38,13.0,ne_rien_faire,1,1,13.0,partiel,0.0,3.0,0.08674700820776432,0.49023224667681375,0.4584744484841834,0.41606971148931177,0.4864336278588749,0.4132899857065843,0.20453282857893726,0.9502469463900444,0.0,0.0,-1.9559937801810552
c42,n39,11.0,ne_rien_faire,1,1,11.0,partiel,0.0,4.0,0.12095371165857816,0.641158892958321,0.12783771954807668,0.23244053065157919,0.8825926422276703,0.46402985454534995,0.4544498890424733,0.6312276412522458,0.0,0.0,-1.3877114037326908
c42,n40,16.0,expedition_express,1,1,16.0,echec,0.0,1.0,0.30340105108524534,0.42713406504596496,0.599536286897015,0.1589695898403718,0.6219805069398783,0.8575426092579085,0.8203166388597991,0.8713395998461922,0.10748598928679363,0.10748598928679363,1.458418405202925
c42,n41,3.0,promouvoir_arc_secours,1,1,3.0,resolu,1.0,3.0,0.5029721507939896,0.5989232339046802,0.5745165108084378,0.5802030533724684,0.5176200003789713,0.2907804259924402,0.5093221552710862,0.6038243836928627,0.06507160887649192,0.06507160887649192,-0.6505998925336389
c42,n42,8.0,ne_rien_faire,1,1,8.0,partiel,0.0,3.0,0.2816685310052536,0.40567857074059677,0.7268681824689205,0.23480219388159868,0.546559194452282,0.5574718409524652,0.7338046526954589,0.8351391366498535,0.0,0.0,1.0298272279946599
c42,n43,17.0,revue_declaration,1,1,17.0,resolu,1.0,1.0,0.14472105245115335,0.3778760922076878,0.6752017752104906,0.2970169879460361,0.4040916580638154,0.6070895158506572,0.7139012923947919,0.8673322963594965,0.07101163994378579,0.07101163994378579,0.6538706982322107
c42,n44,2.0,ne_rien_faire,1,1,2.0,echec,0.0,2.0,0.20969463031289146,0.6534588753371794,0.022683338775130308,0.35668642648810567,0.5880486771190314,0.24364726955336857,0.6970740500358485,0.9624247908313126,0.0,0.0,-1.5899170970502499
c42,n45,5.0,ne_rien_faire,1,1,5.0,partiel,0.0,0.0,0.04964572462884525,0.36125889586136845,0.7765368050809859,0.6114195855089295,0.6864092906935421,0.8938964935726789,0.5138752156665924,0.5703148169638795,0.0,0.0,0.5935260639055597
c42,n46,16.0,ne_rien_faire,1,1,16.0,partiel,0.0,0.0,0.3402325774919369,0.2058607639097485,0.7178708747466915,0.5177026395683818,0.7433823937718411,0.7430074991036016,0.3197083715609292,0.7994565481990547,0.0,0.0,0.5953988029299827
c42,n47,2.0,ne_rien_faire,1,1,2.0,partiel,0.0,0.0,0.2656394329905499,0.32704762565096407,0.5818437398255819,0.16907960185479273,0.7103000992469024,0.5396530822178272,0.15092999436237317,0.5153436794015357,0.0,0.0,0.4329780693507018
c42,n48,10.0,ne_rien_faire,1,1,10.0,partiel,0.0,4.0,0.2658463065430897,0.35862754562502913,0.628861200922407,0.14904380826700656,0.7128139461853297,0.42895838634924544,0.5420224382382812,0.4018662340240938,0.0,0.0,-1.5596912184456928
c42,n49,15.0,expedition_express,1,1,15.0,resolu,1.0,4.0,0.2514261526987625,0.2614705646075406,0.4605764833901613,0.5124898922701456,0.5803558200600488,0.3018165163592902,0.699365039931857,0.6430192780590628,0.09287777229911215,0.09287777229911215,-1.4225829117267854
c42,n0,10.0,ne_rien_faire,1,1,10.0,echec,0.0,2.0,0.14500590739577854,0.45459231186114846,0.6058096127666758,0.4932337421657075,0.2816694302557931,0.4523303632424861,0.6115560278800168,0.9649250882848098,0.0,0.0,0.5275084209145471
c42,n1,7.0,ne_rien_faire,1,1,7.0,echec,0.0,1.0,0.3334652960597202,0.3361064545227044,0.5030430905072221,0.7161151851468923,0.23214822164785248,0.15527708131651186,0.15390370905460654,0.42696118346461703,0.0,0.0,0.4431516466805132
c42,n2,14.0,ne_rien_faire,1,1,14.0,partiel,0.0,3.0,0.07155286578633228,0.1092481115650728,0.02192540168793775,0.8710339849894898,0.760632542189727,0.3577784435407264,0.47669362157624146,0.23494121821836259,0.0,0.0,-2.2584183192637086
c42,n3,17.0,ne_rien_faire,1,1,17.0,echec,0.0,3.0,0.2491553432327104,0.55551595891144,0.5791206897801847,0.9362369031415024,0.23623142603553615,0.26417789751046217,0.7176427301531045,0.7229950706723852,0.0,0.0,0.7002397187107396
c42,n4,12.0,ne_rien_faire,1,1,12.0,partiel,0.0,2.0,0.29050526465048215,0.6039442976949191,0.2372638287199088,0.6487905394147979,0.07902118066928682,0.29505940244080586,0.4909183039579039,0.6351775469004348,0.0,0.0,-0.5138551831581463
c42,n5,3.0,ne_rien_faire,1,1,3.0,partiel,0.0,2.0,0.42039100315382116,0.14069401910789675,0.30865002545746534,0.31313347094247074,0.4406023213044068,0.4128418089085233,0.30774547685550374,0.9163962704161598,0.0,0.0,0.17544294082687184
c42,n6,7.0,replanifier_jalon,1,1,7.0,resolu,1.0,4.0,0.14803471192071585,0.2802242782798136,0.5640870227377961,0.7769613915990646,0.21932004800414687,0.30099961868120445,0.5718804185598072,0.8360086140271744,0.19,0.19,0.4356732931469904
c42,n7,7.0,revue_declaration,1,1,7.0,partiel,0.0,0.0,0.24524362711781275,0.3029955264490404,0.5654423481959192,0.24280094308296166,0.7404558859831653,0.31934139183285815,0.470128122612715,0.8828136905292263,0.07101163994378579,0.07101163994378579,-0.25696402240193883
c42,n8,3.0,ne_rien_faire,1,1,3.0,echec,0.0,2.0,0.2937589202658763,0.31290372208883116,0.6599679274707263,0.4799503543874205,0.7557949743751794,0.047588194413211535,0.46185719734902725,0.8426877791252727,0.0,0.0,0.032985605659237804
c42,n9,2.0,expedition_express,1,1,2.0,partiel,0.0,2.0,0.5957867870933804,0.2545274154784417,0.31505175880066955,0.13806920093349395,0.3659860369678184,0.6500644575578791,0.5593385172699665,0.539550052921473,0.19999999999999998,0.19999999999999998,1.9416107884403573
c42,n10,2.0,replanifier_jalon,1,0,2.0,en_cours,,0.0,0.31345817510888063,0.46734001859344965,0.8603304997790306,0.39653833470258154,0.6822568297353591,0.7309902078648116,0.3223853886718194,0.9616252694487568,0.06948979284705413,0.06948979284705413,-0.31723539031789305
c42,n11,15.0,ne_rien_faire,1,1,15.0,resolu,1.0,2.0,0.10208430588890659,0.7449993214751782,0.47782805262545536,0.807013040335222,0.43253570615763287,0.3648504302952235,0.6089793742045552,0.6196564699299321,0.0,0.0,-1.625393146002881
c42,n12,13.0,revue_declaration,1,1,13.0,echec,0.0,3.0,0.4023833293409574,0.5322153621813861,0.558430959434892,0.5266484215212291,0.2845195212831609,0.7806539344171542,0.658558637611033,0.32946768837135315,0.08598823526196597,0.08598823526196597,1.8164581455285624
c42,n13,14.0,replanifier_jalon,1,1,14.0,partiel,0.0,4.0,0.23698565471766392,0.39815803459710963,0.4857585592716725,0.7100324906013612,0.7309638233392903,0.4307303477707416,0.49299695745444655,0.7344654134523766,0.19,0.19,0.06570919249898063
c42,n14,6.0,expedition_express,1,1,6.0,echec,0.0,1.0,0.3013138578053097,0.5124424601999223,0.6187193681582531,0.5340573177057097,0.6405254771169655,0.6695072808255927,0.7075368999887579,0.9089798439416404,0.10548633434496271,0.10548633434496271,0.9730471157288572
c42,n15,12.0,expedition_express,1,1,12.0,resolu,1.0,3.0,0.46842674058393163,0.16019704492220552,0.3224640784432431,0.8664918479305572,0.16797249417697369,0.8251931110399003,0.9727333044958429,0.8295983191690245,0.09287777229911215,0.09287777229911215,1.797090106854244
c42,n16,5.0,promouvoir_arc_secours,1,0,5.0,en_cours,,3.0,0.43660967299608366,0.28352957405117735,0.5236315244816633,0.6794169034917754,0.9045725411928508,0.5356668240828203,0.49836952780333527,0.5641178494264892,0.06507160887649192,0.06507160887649192,0.8940758377525304
c42,n17,12.0,ne_rien_faire,1,1,12.0,partiel,0.0,3.0,0.21060225063204732,0.3796456260908537,0.13587694024719169,0.12617451701915688,0.4715093764414099,0.6247518468246702,0.5024474495099763,0.5051120425636433,0.0,0.0,-0.9878636215591732
c42,n18,17.0,replanifier_jalon,1,1,17.0,partiel,0.0,2.0,0.1016254860500534,0.3938956871037338,0.32465059448039285,0.7275736167268029,0.3467431027104239,0.9250841054269685,0.6864525922153523,0.7723488679467174,0.08263442177277024,0.08263442177277024,1.3356780478808001
c42,n19,3.0,ne_rien_faire,1,1,3.0,partiel,0.0,3.0,0.23618934308625852,0.14376592861055557,0.7552596747980752,0.2886389645878575,0.6691892093253109,0.5616050296939415,0.6522356284086324,0.8000382567769355,0.0,0.0,0.8898572963989557
c42,n20,9.0,expedition_express,1,1,9.0,resolu,1.0,0.0,0.3137597524049984,0.5455403748193486,0.31935884584978985,0.30817160370824204,0.7301818229118195,0.6914517581106809,0.7105197704931069,0.5874334929614674,0.18,0.18,1.4423008307206073
c42,n21,0.0,ne_rien_faire,1,1,0.0,partiel,0.0,3.0,0.30730287278842794,0.23204634805336094,0.5880887539422175,0.8352444449414096,0.23434347212637932,0.7038451789902794,0.09089596419424045,0.9240550298895229,0.0,0.0,-0.7916946359699191
c42,n22,0.0,ne_rien_faire,1,1,0.0,partiel,0.0,3.0,0.06315290412232735,0.42407304180077837,0.8875262589394148,0.8435582577438892,0.34622433977269995,0.7360543739192833,0.5501586125211199,0.7511208092576642,0.0,0.0,1.405342447390201
c42,n23,12.0,replanifier_jalon,1,1,12.0,resolu,1.0,3.0,0.3898453755993813,0.7530486323624362,0.8760323667746932,0.6666408927287136,0.44715335354913344,0.5489604505671165,0.8720219769368122,0.20598854957727677,0.19,0.19,1.7118295530481509
c42,n24,7.0,promouvoir_arc_secours,1,1,7.0,resolu,1.0,1.0,0.17555003416979018,0.19178127414978274,0.4771043445629867,0.6045574071847533,0.22938319436411772,0.8475686247181079,0.5924439639399603,0.949811736515486,0.18,0.18,0.4567977109347443
c42,n25,1.0,ne_rien_faire,1,1,1.0,resolu,1.0,4.0,0.1889823263424299,0.36068830280530567,0.7552780023572616,0.860455184943354,0.43512379833692105,0.12635487987625202,0.7809890133298198,0.04907913529756093,0.0,0.0,-0.21245886223274477
c42,n26,12.0,replanifier_jalon,1,1,12.0,resolu,1.0,3.0,0.7297666468628502,0.5603604788940325,0.3109704103033452,0.8613179435921233,0.605193458250915,0.41783483497590446,0.24739622147416795,0.9432744668604645,0.06732604454191315,0.06732604454191315,-0.8271050915182149
c42,n27,15.0,ne_rien_faire,1,1,15.0,echec,0.0,4.0,0.056332536150454006,0.5943541150402785,0.4838483133889189,0.40261612428982646,0.26974761299919275,0.21560155212630505,0.431178099914691,0.7918406083496939,0.0,0.0,-1.6277383033461073
c42,n28,16.0,ne_rien_faire,1,1,16.0,partiel,0.0,1.0,0.09729392195634477,0.5465286844009443,0.2851088662571974,0.5860017476844142,0.6681328077120284,0.4130667948386122,0.682762955972531,0.8607077201065252,0.0,0.0,-1.6896916294355067
c42,n29,16.0,ne_rien_faire,1,1,16.0,partiel,0.0,0.0,0.3292700826204683,0.12916205492413613,0.11752286680644662,0.3300887316832377,0.5726426471799332,0.2395922959416165,0.18219851537138537,0.5948293816124075,0.0,0.0,-0.2335884819938201
c42,n30,2.0,expedition_express,1,0,2.0,en_cours,,2.0,0.5332519175438241,0.3851704744866474,0.2515698635256646,0.8225840008277922,0.6018251980149467,0.8339772967588253,0.6734802907560642,0.9176000713354651,0.05026139694364532,0.05026139694364532,1.1478633259183972
c42,n31,4.0,ne_rien_faire,1,1,4.0,partiel,0.0,4.0,0.2276654641179972,0.3709346020675408,0.3180865263603949,0.1384466265959044,0.4440346454576682,0.4952371919746619,0.8006926129796559,0.8938458382787048,0.0,0.0,-0.27853351186509867
c42,n32,6.0,ne_rien_faire,1,1,6.0,echec,0.0,2.0,0.030134387108924965,0.4395851552553592,0.9372377659042365,0.5158772343949104,0.6836123134962347,0.37131268968961645,0.4817227807752955,0.8619452236076046,0.0,0.0,-0.15744413616644598
c42,n33,12.0,replanifier_jalon,1,1,12.0,partiel,0.0,4.0,0.16189178154157322,0.47771092602125464,0.3486653930927141,0.7189388267975049,0.4992900479954233,0.9183068557957808,0.4402977946596631,0.6192137306175932,0.08263442177277024,0.08263442177277024,1.931009036368273
c42,n34,6.0,ne_rien_faire,1,1,6.0,resolu,1.0,0.0,0.1777766039747826,0.21355626311201142,0.6226511770712452,0.5116570806360089,0.31158924051105286,0.6951959798302081,0.5811768939001741,0.4926800626008081,0.0,0.0,0.18204653673862886
c42,n35,10.0,replanifier_jalon,1,0,10.0,en_cours,,2.0,0.09191420014368296,0.4330017116577381,0.5731114060910434,0.6190132100013533,0.5114150920779134,0.7803267035021151,0.4007804198535998,0.8741232607761082,0.08263442177277024,0.08263442177277024,0.3927676705531812
c42,n36,4.0,ne_rien_faire,1,1,4.0,resolu,1.0,1.0,0.5949309020231064,0.41637321329003324,0.28586593692668444,0.6744773490928451,0.014384017955808985,0.12157434348854852,0.5967178525108336,0.5341748759177506,0.0,0.0,1.1314988612271684
c42,n37,17.0,ne_rien_faire,1,1,17.0,resolu,1.0,1.0,0.22363775629546656,0.597731053660637,0.4508086956668973,0.6154352000948304,0.3217965237476836,0.18647475587330886,0.4520633110211772,0.17160576443530864,0.0,0.0,-2.3430567175896453
c42,n38,1.0,revue_declaration,1,1,1.0,resolu,1.0,2.0,0.21541891310422917,0.19304296011682295,0.1425498898652718,0.5318844129647462,0.5154181918719424,0.4061517679120585,0.39857633611623944,0.5821715591368459,0.05249761951415173,0.05249761951415173,0.28134944193667827
c42,n39,5.0,ne_rien_faire,1,1,5.0,echec,0.0,4.0,0.1906676594372906,0.7301000923248644,0.3596675457631734,0.748454332848895,0.19561479442471655,0.6741857161627116,0.4324049707975069,0.7676652176340616,0.0,0.0,-1.4485516052468954
c42,n40,16.0,ne_rien_faire,1,1,16.0,partiel,0.0,1.0,0.40817706378296625,0.3284482171401607,0.2911857009046193,0.9180956382630402,0.21444295298354343,0.38023734246829977,0.4920037554951287,0.1059148732594588,0.0,0.0,-0.8173973409379771
c42,n41,0.0,ne_rien_faire,1,1,0.0,partiel,0.0,1.0,0.3664993309409544,0.3598739052646576,0.6949038364643471,0.39562247481843443,0.4817291310924829,0.5214403192208634,0.4911824340673643,0.6653870727205072,0.0,0.0,0.0821627059589588
c42,n42,1.0,ne_rien_faire,1,1,1.0,resolu,1.0,2.0,0.25757950416348474,0.10019439572504972,0.4021338908776679,0.5977850086295121,0.7483772774889885,0.06122109599547863,0.5340847384498073,0.5135149261022984,0.0,0.0,-2.384237502928842
c42,n43,14.0,ne_rien_faire,1,1,14.0,partiel,0.0,2.0,0.28478454453978636,0.1856602861654575,0.6064829689646726,0.8719650911860832,0.21894243355850662,0.2559448131680914,0.5761015106051279,0.8856252022931131,0.0,0.0,0.018710032796588755
c42,n44,14.0,ne_rien_faire,1,1,14.0,echec,0.0,4.0,0.7460114726369806,0.408145748967977,0.6395393349618513,0.45925847245257984,0.44001908984449845,0.9005996462510996,0.6423748382109311,0.7265577161322474,0.0,0.0,1.4435409238770427
c42,n45,17.0,ne_rien_faire,1,1,17.0,resolu,1.0,3.0,0.01878258515383286,0.20437412407545305,0.476654601309808,0.11897211103276356,0.11863568818993503,0.16469795911496804,0.10217196473654139,0.8263818842237025,0.0,0.0,-0.6218920460319296
c42,n46,2.0,revue_declaration,1,1,2.0,resolu,1.0,1.0,0.4043917673139422,0.3898578903079645,0.4242766994295788,0.512564344671637,0.7406161069836722,0.646378612248948,0.6128220081382685,0.9103618224243132,0.19999999999999998,0.19999999999999998,-0.16019808847800343
c42,n47,8.0,replanifier_jalon,1,0,8.0,en_cours,,1.0,0.5125153807959968,0.6221706284949042,0.44437158126352005,0.811730100680243,0.3053493503157618,0.21090983054398535,0.41021022986538563,0.1584321796679619,0.11280496606787029,0.11280496606787029,1.0398855924053212
c42,n48,1.0,promouvoir_arc_secours,1,0,1.0,en_cours,,3.0,0.4699414440346874,0.05825358412387693,0.4690055842751671,0.6155602483328478,0.7353703931237822,0.8349243569675562,0.7310580513568293,0.9084826934976107,0.06404247067908966,0.06404247067908966,3.171445368667566
c42,n49,16.0,revue_declaration,1,0,16.0,en_cours,,1.0,0.0882654104102748,0.4532489775458818,0.12824605162482167,0.6421358817429924,0.7727773431028389,0.8112911640072152,0.6887099061570338,0.5673699019799713,0.08275544669906046,0.08275544669906046,0.5662511551932051
c42,n0,0.0,revue_declaration,1,1,0.0,echec,0.0,1.0,0.1483367503012426,0.735630518866845,0.6313984323907826,0.09162611808282514,0.6805575734870024,0.6983469350287894,0.27961621592405694,0.9164518279638492,0.11922721033773194,0.11922721033773194,-1.3676776755032196
c42,n1,5.0,boost_capacite,1,1,5.0,echec,0.0,4.0,0.21816747431284497,0.7679317846054974,0.7161183478419781,0.49805979871949935,0.5784499930661208,0.27404995699745305,0.9338066306407903,0.8982816484923456,0.053075940557296836,0.053075940557296836,0.6793483578446947
c42,n2,9.0,promouvoir_arc_secours,1,1,9.0,resolu,1.0,4.0,0.3329355939319947,0.49047095431996807,0.08007144250574126,0.16175153696222172,0.22691303267407825,0.38418800123664504,0.5539038535832654,0.9238805630105132,0.06404247067908966,0.06404247067908966,-1.189769534837262
c42,n3,6.0,expedition_express,1,1,6.0,partiel,0.0,1.0,0.3500364084692159,0.49725975093755,0.23297003830088941,0.4941691773822085,0.6134589519859661,0.4141224535804417,0.28551267090584037,0.7287270720898965,0.18,0.18,0.6701901908164001
c42,n4,5.0,ne_rien_faire,1,1,5.0,resolu,1.0,2.0,0.22446055253689975,0.2301517939060319,0.5753355577503968,0.28282866490069736,0.5355591808908798,0.3971174222584935,0.313953511375063,0.6959680989011772,0.0,0.0,-0.3154986271906679
c42,n5,7.0,ne_rien_faire,1,1,7.0,partiel,0.0,0.0,0.4271672532407673,0.22486428826885532,0.46381101916880524,0.751463483896987,0.3854558464269606,0.5535726474336937,0.5006177085188195,0.5127532584982193,0.0,0.0,-0.18285810013719794
c42,n6,9.0,expedition_express,1,1,9.0,echec,0.0,3.0,0.06619536135929517,0.6102920394580462,0.08214935595921184,0.506280169252127,0.7700044652311618,0.6917581020338153,0.3500056887133946,0.8623129972127805,0.09287777229911215,0.09287777229911215,0.08964761974570751
c42,n7,8.0,expedition_express,1,1,8.0,resolu,1.0,2.0,0.2760601585767681,0.38260910847517726,0.7320430450034671,0.23155387140543615,0.13549660622686505,0.4083312841302315,0.38831260897102593,0.3003587303367446,0.09287777229911215,0.09287777229911215,-0.23634745089733705
c42,n8,17.0,ne_rien_faire,1,1,17.0,echec,0.0,4.0,0.42227183959493003,0.20639042037620597,0.29549195881217133,0.2990188849563111,0.569484820981922,0.5873802332286252,0.8592604898129909,0.5797157171980684,0.0,0.0,2.173109705527444
c42,n9,15.0,ne_rien_faire,1,1,15.0,partiel,0.0,1.0,0.1362694391306733,0.5347406438022385,0.7479312885530746,0.39379955769976027,0.6417831624071795,0.6545262527447513,0.27005100938790255,0.03675082644395274,0.0,0.0,-2.021663469831854
c42,n10,4.0,ne_rien_faire,1,1,4.0,partiel,0.0,2.0,0.3950233776374592,0.45752072704058677,0.7658969318106013,0.6883329725511758,0.19686353573036738,0.3428864579395803,0.437599382741771,0.6999487975744505,0.0,0.0,0.7535246246750169
c42,n11,9.0,replanifier_jalon,1,1,9.0,echec,0.0,2.0,0.20827561028752198,0.6684866771896428,0.38847375582807514,0.7186602187308919,0.7604015816250416,0.23130186560235186,0.8253067981804537,0.9446851280788124,0.06732604454191315,0.06732604454191315,-0.4282699073185877
c42,n12,6.0,ne_rien_faire,1,1,6.0,resolu,1.0,3.0,0.7279479161149239,0.20266980815154087,0.8973811898135325,0.15700002745921302,0.13358140333731702,0.3751724930532521,0.9246978305999719,0.8853190396349258,0.0,0.0,3.0715458718710833
c42,n13,0.0,ne_rien_faire,1,1,0.0,partiel,0.0,1.0,0.13103460044550896,0.45862887465216445,0.6492987485163578,0.4785959917129743,0.5771029391237558,0.7408249701210852,0.549057074832412,0.7107338755064232,0.0,0.0,-0.40486506140255685
c42,n14,9.0,ne_rien_faire,1,1,9.0,partiel,0.0,3.0,0.34283229926359154,0.35757591034949965,0.7683471011020993,0.4641404117532851,0.6212619402380466,0.5714104965841996,0.298256137128142,0.5970431637146653,0.0,0.0,-1.8707491812060129
c42,n15,8.0,replanifier_jalon,1,1,8.0,echec,0.0,2.0,0.3253327821406317,0.5429633337743889,0.38615503165229487,0.38714381465115383,0.7889456369177964,0.46110760665428474,0.23159369945133423,0.9930346749850623,0.06732604454191315,0.06732604454191315,-0.084324073880157
c42,n16,7.0,ne_rien_faire,1,1,7.0,resolu,1.0,4.0,0.3145289576501404,0.3549125081676024,0.31032716202253896,0.39216094614200686,0.34829824642307405,0.3555098417460498,0.08691090440217376,0.5345295393961547,0.0,0.0,-2.8629161556240152
c42,n17,9.0,ne_rien_faire,1,1,9.0,resolu,1.0,1.0,0.08459585955877448,0.5152747246082462,0.20942860071655262,0.23578835708918777,0.5066957244667168,0.3389071748171397,0.660943922573854,0.18006662442891028,0.0,0.0,-0.8814562928896711
c42,n18,4.0,promouvoir_arc_secours,1,1,4.0,partiel,0.0,3.0,0.256119628964311,0.2699789021168624,0.33874891593392603,0.5698305066415,0.12924077025817224,0.7354345587989443,0.41612457722941393,0.9998958201768348,0.06404247067908966,0.06404247067908966,-0.5044947970602456
c42,n19,14.0,promouvoir_arc_secours,1,1,14.0,partiel,0.0,2.0,0.2243494757783647,0.593759648639349,0.8725044300186965,0.28931397397871994,0.834464576085904,0.260720918655954,0.6977965549721012,0.8258904042263666,0.06507160887649192,0.06507160887649192,0.16647074185905625
c42,n20,11.0,promouvoir_arc_secours,1,1,11.0,partiel,0.0,3.0,0.4711104225957212,0.4320530980195228,0.910254298267218,0.15256088995287742,0.45721738403102996,0.737418773642572,0.05213320705388881,0.8058820651645648,0.06507160887649192,0.06507160887649192,-0.6346053693951901
c42,n21,9.0,ne_rien_faire,1,1,9.0,resolu,1.0,3.0,0.3169250658596502,0.17714826077810006,0.24186657838716727,0.7825230412556724,0.069263509290399,0.6459975260063872,0.2628087016033154,0.7316779652355707,0.0,0.0,-0.6494693920575388
c42,n22,7.0,revue_declaration,1,1,7.0,resolu,1.0,1.0,0.2256260272751438,0.7184914945505028,0.6745911226380339,0.4705904958041738,0.8862569584677776,0.11551290172712983,0.21365291324027116,0.8881214969359729,0.07101163994378579,0.07101163994378579,-0.3433209356807525
c42,n23,15.0,promouvoir_arc_secours,1,1,15.0,resolu,1.0,3.0,0.4638731778260603,0.3611618216806932,0.33816184442843905,0.6897242254884361,0.5419362656134503,0.016261990135011388,0.39848619458880913,0.9737574396777389,0.0847811404775453,0.0847811404775453,-0.5183920874190641
c42,n24,10.0,promouvoir_arc_secours,1,1,10.0,resolu,1.0,4.0,0.21993788903372483,0.34277538130976815,0.27505662394325786,0.4931031194718181,0.7506297326564482,0.8708551532556841,0.491599486803063,0.17207912717029614,0.08604221741899593,0.08604221741899593,0.503660971395501
c42,n25,0.0,revue_declaration,1,1,0.0,resolu,1.0,3.0,0.6398233485215228,0.24249695393768977,0.5606334040981152,0.17499122671950418,0.11625986383957417,0.07760707605637708,0.7546867907708749,0.815953280394531,0.05249761951415173,0.05249761951415173,0.5840305470458812
c42,n26,9.0,expedition_express,1,1,9.0,partiel,0.0,2.0,0.5984135135443419,0.5817440554086586,0.9431170029221745,0.8394194973223296,0.32299422684602414,0.7761074889661347,0.6864834639223681,0.5092116715893419,0.09287777229911215,0.09287777229911215,0.6772224602981638
c42,n27,3.0,replanifier_jalon,1,1,3.0,partiel,0.0,0.0,0.17719722131580323,0.5744392417009462,0.737783592196737,0.47707689521438124,0.3348532572408553,0.20714514124767425,0.8520839326951464,0.9083043471522756,0.06948979284705413,0.06948979284705413,0.0545373038290817
c42,n28,6.0,ne_rien_faire,1,1,6.0,echec,0.0,0.0,0.16965127797121649,0.5982327877388616,0.4009745552071338,0.46394382580869525,0.4983776704142801,0.3535189000989997,0.3807716347550399,0.7474894875216078,0.0,0.0,0.17550974883283488
c42,n29,13.0,ne_rien_faire,1,1,13.0,partiel,0.0,3.0,0.17777900053766477,0.5670191621602462,0.46087184149900473,0.4059005330450092,0.1940772813999271,0.6027499235183301,0.7811362154212449,0.5170438059403434,0.0,0.0,0.3735750623663978
c42,n30,0.0,ne_rien_faire,1,1,0.0,partiel,0.0,3.0,0.38089986396767683,0.46509988312606826,0.4505052497917449,0.4676533626714298,0.7038182914732459,0.27586902604162067,0.06189684760951877,0.5998087161141883,0.0,0.0,-1.0104048993303034
c42,n31,2.0,ne_rien_faire,1,1,2.0,resolu,1.0,2.0,0.20027927232286225,0.08806238107202274,0.6552228704203683,0.7627364635662855,0.21740949239856136,0.023094692311608846,0.4371533530313017,0.8777383659856023,0.0,0.0,-1.1298999141374122
c42,n32,7.0,ne_rien_faire,1,1,7.0,partiel,0.0,0.0,0.22041287033325063,0.24314937643225565,0.4010128976149783,0.1742151885855258,0.6334501481639274,0.49750954019486954,0.4435839213744944,0.6312215371738117,0.0,0.0,0.2261283770702258
c42,n33,15.0,ne_rien_faire,1,1,15.0,resolu,1.0,0.0,0.3554976388793322,0.12869898122517315,0.6775020686693197,0.21343859811254742,0.6603480239227869,0.5277009760598114,0.8222164231429603,0.9030200502951363,0.0,0.0,1.2602253289508791
c42,n34,2.0,ne_rien_faire,1,1,2.0,partiel,0.0,0.0,0.12710767197818304,0.2768516744567687,0.2629119261478728,0.32805882524156504,0.3115179847530351,0.431383072291747,0.697318272453645,0.26495567198547665,0.0,0.0,0.7183218119892381
c42,n35,2.0,ne_rien_faire,1,1,2.0,partiel,0.0,0.0,0.31128491067560315,0.1406365680499951,0.9020532123783735,0.36960257155559206,0.10082513107494182,0.49772463587384524,0.6640593752198847,0.9529838068600406,0.0,0.0,-0.06277368075538536
c42,n36,2.0,replanifier_jalon,1,1,2.0,echec,0.0,1.0,0.5685185850312499,0.7714533033147433,0.38655824467572186,0.3415805262673296,0.8028167588140424,0.6970731944428487,0.6721642304943367,0.509151341604768,0.11280496606787029,0.11280496606787029,1.085600762665497
c42,n37,16.0,replanifier_jalon,1,0,16.0,en_cours,,3.0,0.21200068345202533,0.32663663599687814,0.5287782398365394,0.5818626839674367,0.5954206231984146,0.7273276262189857,0.4436863821398811,0.969297644035306,0.07586754174215447,0.07586754174215447,0.31286527892422245
c42,n38,13.0,ne_rien_faire,1,1,13.0,partiel,0.0,1.0,0.2336496424096887,0.1550144620608614,0.8579972190926968,0.26650146469346475,0.3088040055497011,0.37377164156319853,0.568606716083995,0.20171180816052767,0.0,0.0,0.8339239844657671
c42,n39,12.0,ne_rien_faire,1,1,12.0,echec,0.0,2.0,0.09001945245322858,0.24900801166357864,0.4224242129520747,0.28310808510440577,0.2963396999583875,0.6964998903059538,0.7170369016281765,0.7254495314450313,0.0,0.0,1.2231945602992365
c42,n40,0.0,ne_rien_faire,1,1,0.0,resolu,1.0,2.0,0.08937301127580852,0.13151108507168288,0.5984328993717568,0.3249037327935995,0.7560595069635242,0.438841369328197,0.6009784036836409,0.9556349931959544,0.0,0.0,-1.6616948117461647
c42,n41,13.0,ne_rien_faire,1,1,13.0,resolu,1.0,2.0,0.05643137857704483,0.34308392331596566,0.22550904637593897,0.5216898528936641,0.5107720346318333,0.3540793451767307,0.0641396029828037,0.5452274182412862,0.0,0.0,-2.1675566377182
c42,n42,9.0,ne_rien_faire,1,1,9.0,echec,0.0,0.0,0.3077268696354323,0.2737608667379298,0.42651351590911923,0.5171884410688937,0.5874523354432282,0.5729737218380503,0.38238823932214855,0.6626109964160753,0.0,0.0,0.2832041210628381
c42,n43,14.0,replanifier_jalon,1,1,14.0,echec,0.0,0.0,0.023817868435887117,0.5789104121241166,0.8588386544311372,0.5258267235935173,0.24652488959188332,0.777378340714833,0.9813225507021925,0.6541199125305448,0.11280496606787029,0.11280496606787029,3.1934795968196203
c42,n44,4.0,promouvoir_arc_secours,1,1,4.0,partiel,0.0,3.0,0.12743016005924682,0.2513730932029698,0.31765027326341044,0.41257375882016095,0.6708884735310617,0.4638031775848187,0.7704392180336941,0.7749820300970274,0.06507160887649192,0.06507160887649192,0.3910085622662489
c42,n45,11.0,expedition_express,1,1,11.0,resolu,1.0,0.0,0.15684212228077005,0.34344888889140485,0.5144948842451891,0.6615820710517865,0.657163650820011,0.4572393754656834,0.3984952162654983,0.4549155648610108,0.18,0.18,1.2192832389069699
c42,n46,10.0,ne_rien_faire,1,1,10.0,resolu,1.0,3.0,0.28636973627178147,0.20227240535130486,0.622366351534341,0.7491267624681458,0.25774063587251167,0.0820374037714838,0.38806057125485977,0.7616152069228113,0.0,0.0,-1.6606044796646708
c42,n47,1.0,ne_rien_faire,1,1,1.0,echec,0.0,1.0,0.16445943836441562,0.34394632318912177,0.27455016844490693,0.57749277084815,0.4765914384528984,0.37383902005869163,0.07570445406052065,0.7442578857024306,0.0,0.0,-0.4389153900238041
c42,n48,1.0,ne_rien_faire,1,1,1.0,resolu,1.0,1.0,0.16175909824360124,0.3475903379069686,0.4496786779430759,0.5537343218357251,0.483225860681054,0.3689763186268371,0.10921226342684917,0.20028507668614776,0.0,0.0,-0.8250012632668356
c42,n49,13.0,ne_rien_faire,1,1,13.0,partiel,0.0,1.0,0.45016932785042163,0.3185232713420897,0.7177390037121091,0.48507164503695505,0.829174698099548,0.4134045290716571,0.3460115523659651,0.6912948825686195,0.0,0.0,-1.2525291808634114
c42,n0,15.0,ne_rien_faire,1,1,15.0,resolu,1.0,2.0,0.3777989910582133,0.2421864521409244,0.6165778430241926,0.3193398081982462,0.5330343287882006,0.5382704017343595,0.5775392896132853,0.48007765980025024,0.0,0.0,0.08721515745435798
c42,n1,1.0,ne_rien_faire,1,1,1.0,resolu,1.0,0.0,0.45264551827200566,0.05656222050749813,0.4382068134075396,0.6487176403045777,0.386051409696407,0.7315825115737935,0.37953746376930747,0.9721513006598069,0.0,0.0,-1.3055810088259276
c42,n2,9.0,boost_capacite,1,1,9.0,partiel,0.0,0.0,0.2811622607273228,0.18862675514820232,0.5308848372138523,0.38170372472926684,0.4113362391865781,0.34173774988751315,0.6974733143508597,0.12242450137262022,0.06576450329934143,0.06576450329934143,0.4645542376121169
c42,n3,4.0,ne_rien_faire,1,1,4.0,resolu,1.0,1.0,0.0885492576167719,0.3030998709280938,0.746227738913362,0.7057162813127723,0.0458416314786239,0.3454965420563934,0.501311713751273,0.5069701959461922,0.0,0.0,0.6771683079975018
c42,n4,15.0,revue_declaration,1,1,15.0,resolu,1.0,1.0,0.02677049432279381,0.43480241072976206,0.6169218427199475,0.5476547282643752,0.31287137098044876,0.7728064952866359,0.39571127528106836,0.8381929342882989,0.08275544669906046,0.08275544669906046,-0.8831295221204277
c42,n5,17.0,ne_rien_faire,1,1,17.0,partiel,0.0,3.0,0.2916870147134655,0.5865432568589132,0.8218679384176705,0.7002578629311876,0.18022875269493252,0.2620029152301193,0.6024535063176651,0.8656954748138388,0.0,0.0,-1.4491662897242241
c42,n6,15.0,ne_rien_faire,1,1,15.0,partiel,0.0,0.0,0.2550991471945855,0.07969962127099665,0.5562200189951548,0.39295392220496933,0.24329652158231174,0.10024660179631077,0.5923095559464733,0.33989505025662714,0.0,0.0,-0.7636203209517161
c42,n7,9.0,boost_capacite,1,1,9.0,resolu,1.0,0.0,0.36250893238678206,0.559144405800593,0.7861352254155234,0.7450774810614924,0.5603398872931102,0.5907816524166268,0.7355492349652111,0.7784861813594358,0.06576450329934143,0.06576450329934143,-0.013120106471731563
c42,n8,6.0,replanifier_jalon,1,1,6.0,resolu,1.0,2.0,0.30231493040564467,0.6379729074390601,0.7230116417183722,0.3556793114731696,0.7980419296282645,0.391861519891439,0.39422970468185176,0.5507571929143807,0.19,0.19,-0.009245182656733297
c42,n9,6.0,ne_rien_faire,1,1,6.0,partiel,0.0,3.0,0.5145083480717616,0.2003327665497104,0.13975453800036416,0.8794712286380769,0.7411295942666818,0.29441016332054687,0.33728251421983585,0.26228361782382564,0.0,0.0,0.49279548252188116
c42,n10,0.0,replanifier_jalon,1,1,0.0,echec,0.0,0.0,0.3936784811786935,0.4862185739488996,0.4490001235706564,0.5721031552860513,0.47305874711207324,0.5682989594229719,0.7948957646177193,0.8554330028281613,0.11280496606787029,0.11280496606787029,0.6205353389407335
c42,n11,3.0,ne_rien_faire,1,1,3.0,resolu,1.0,4.0,0.017146711561751123,0.7287664658361622,0.5159780899771769,0.5078391701418379,0.13854484955068494,0.29681822503919475,0.44076478295837046,0.7208976333802642,0.0,0.0,0.10214438534661041
c42,n12,16.0,ne_rien_faire,1,1,16.0,partiel,0.0,2.0,0.04851498297103834,0.32727089499465956,0.6381691276841032,0.752061540782885,0.34372959988619656,0.15881619502728075,0.6736806387724134,0.4763309683275049,0.0,0.0,-1.982324197968511
c42,n13,2.0,ne_rien_faire,1,1,2.0,partiel,0.0,1.0,0.5879446991430258,0.7477131349200573,0.42995862591415696,0.22544919519903137,0.4177475584501838,0.4815063979266643,0.37202736196227,0.8239981362810884,0.0,0.0,-1.3621266979573878
c42,n14,15.0,ne_rien_faire,1,1,15.0,partiel,0.0,3.0,0.16620433953183175,0.34948032448958566,0.6977623241981052,0.8496902813952578,0.10930520555888691,0.702433830761075,0.0070550656384549045,0.2397928027872508,0.0,0.0,-1.4418214263336733
c42,n15,10.0,ne_rien_faire,1,1,10.0,resolu,1.0,4.0,0.5650351539887324,0.03477160150672459,0.7794574493713895,0.4528367939680635,0.30534432032374625,0.4738947924524773,0.49802239098647366,0.5866788786086727,0.0,0.0,0.4529577024646673
c42,n16,3.0,ne_rien_faire,1,1,3.0,resolu,1.0,0.0,0.3552900685556143,0.19106675387806424,0.3765711599630703,0.6116272901997621,0.8773181794710827,0.6416997142481026,0.22321677250667435,0.10948125118792934,0.0,0.0,-1.4074674326320058
c42,n17,9.0,ne_rien_faire,1,1,9.0,echec,0.0,3.0,0.08693596206205198,0.15868605019461482,0.533289573565162,0.7379533804161207,0.20492025442651796,0.5436228210492551,0.4458280248722818,0.9948650432894263,0.0,0.0,0.23912756136901825
c42,n18,6.0,ne_rien_faire,1,1,6.0,resolu,1.0,2.0,0.1271505484682049,0.5811544271493506,0.4378809905864727,0.4842007587185641,0.7017037068344003,0.690822842708964,0.40366477570000103,0.28825526264326534,0.0,0.0,-0.786203478614625
c42,n19,11.0,revue_declaration,1,0,11.0,en_cours,,3.0,0.3754440376041364,0.4036559328107723,0.8857524787060447,0.6147286001642562,0.2508103387036313,0.23835284380686333,0.5906351301482277,0.8796568564957218,0.05249761951415173,0.05249761951415173,0.034493520727640774
c42,n20,5.0,expedition_express,1,1,5.0,resolu,1.0,0.0,0.1642171368507784,0.497369785176841,0.3939615540430071,0.48942692335229915,0.37778327520323013,0.694126100317033,0.7965007031695409,0.6955995717308135,0.10748598928679363,0.10748598928679363,-1.1435661104965316
c42,n21,0.0,ne_rien_faire,1,1,0.0,resolu,1.0,0.0,0.2324820081502196,0.5029007074280606,0.7641619075422007,0.350844428143573,0.4917924855088614,0.469312244791989,0.4920423164461122,0.4953174625674521,0.0,0.0,-0.31033535039436294
c42,n22,12.0,ne_rien_faire,1,1,12.0,resolu,1.0,3.0,0.10548497493611969,0.5820805937586668,0.5945048861535426,0.4463581239560188,0.7291087718070218,0.2438189173558279,0.5401369743970447,0.8153743577861915,0.0,0.0,-1.4656453084706849
c42,n23,10.0,promouvoir_arc_secours,1,1,10.0,echec,0.0,3.0,0.3228833942818405,0.34655818514486236,0.4969708353232889,0.8403207014641527,0.8456421053696488,0.183678641859874,0.761797675285098,0.7845380971580662,0.06507160887649192,0.06507160887649192,-0.37851419033427314
c42,n24,13.0,boost_capacite,1,1,13.0,echec,0.0,4.0,0.31055128534483656,0.41273958534523764,0.33605059364734535,0.11265010842322568,0.347703258701281,0.2217466478006665,0.2927210871741824,0.877829863680743,0.053075940557296836,0.053075940557296836,1.7932516435025025
c42,n25,2.0,ne_rien_faire,1,1,2.0,partiel,0.0,2.0,0.4286777285467853,0.4774302386530085,0.49476540301569316,0.7135319804778144,0.18680842755527122,0.3438017394414989,0.7373418180539169,0.5350487858150695,0.0,0.0,0.5019892465945257
c42,n26,16.0,ne_rien_faire,1,1,16.0,partiel,0.0,1.0,0.2897919932782416,0.3506114840189407,0.3112087894575813,0.9290858413610439,0.46925317563544705,0.682654090567339,0.07191319104452217,0.42475755914089247,0.0,0.0,-1.3286865189894461
c42,n27,9.0,expedition_express,1,0,9.0,en_cours,,0.0,0.3136859014182235,0.46428107546040576,0.8386482249486037,0.5187399808393645,0.5708850178259122,0.3048668224033194,0.7975877363980997,0.29283743576904053,0.18,0.18,-0.16687723099243473
c42,n28,1.0,expedition_express,1,1,1.0,resolu,1.0,2.0,0.10819631262832116,0.3349541904002506,0.7335462631177437,0.5901568669945296,0.27532265376197146,0.6616852296701795,0.8263503448783025,0.21461304638312922,0.09287777229911215,0.09287777229911215,0.6932930749804884
c42,n29,11.0,ne_rien_faire,1,1,11.0,resolu,1.0,3.0,0.19339208009891462,0.20804233914440132,0.3155321434307486,0.5745781274269245,0.6119409771011424,0.6589587456237999,0.5916221720554028,0.2912335038748676,0.0,0.0,-0.4416249834876275
c42,n30,3.0,expedition_express,1,1,3.0,resolu,1.0,1.0,0.18479598558083138,0.5371919569282456,0.6287284016788881,0.5051639788609743,0.7987429244356006,0.7555496850498212,0.334135288829173,0.9177597365724203,0.06784087113578872,0.06784087113578872,-1.234269490845753
c42,n31,4.0,boost_capacite,1,1,4.0,partiel,0.0,3.0,0.645787402689479,0.2826100110397401,0.12007375389487164,0.06867981839173072,0.5085673070132345,0.6885645856339578,0.8953059766404532,0.19621456054979128,0.09404583781437073,0.09404583781437073,0.8872732620193116
c42,n32,16.0,boost_capacite,1,0,16.0,en_cours,,4.0,0.41377490524888555,0.23061774719128694,0.8953351831362293,0.6158039363879062,0.8662522650300585,0.5132326290481655,0.2716637103440638,0.9151784232251884,0.18,0.18,-0.4318468342768278
c42,n33,7.0,ne_rien_faire,1,1,7.0,resolu,1.0,1.0,0.1378775778858473,0.18395628006962444,0.3536817533938379,0.6581376361603686,0.7620241704529471,0.31323531517701186,0.3973172075687224,0.6451428887987419,0.0,0.0,-1.1816294793469653
c42,n34,4.0,ne_rien_faire,1,1,4.0,resolu,1.0,1.0,0.020937230772532563,0.3879218763739613,0.37021647826202636,0.41266411381929974,0.2967423633165201,0.8066836138575988,0.1311888420544911,0.5763499644398045,0.0,0.0,-1.8961993212768635
c42,n35,11.0,promouvoir_arc_secours,1,1,11.0,partiel,0.0,4.0,0.40079524531444843,0.6154846155202398,0.7172433133924447,0.6515529872949307,0.208024880004283,0.4362819776623242,0.4053038280962761,0.7165174972187761,0.06507160887649192,0.06507160887649192,1.0758348831163151
c42,n36,14.0,ne_rien_faire,1,1,14.0,resolu,1.0,3.0,0.44937643184942466,0.45251690063308575,0.5665626680754455,0.6226573840925622,0.5816205564285722,0.22308932198848222,0.46906325070962573,0.5557372585605395,0.0,0.0,-0.4200501712781419
c42,n37,16.0,ne_rien_faire,1,1,16.0,resolu,1.0,1.0,0.07513503032274821,0.7172396140796211,0.6993229737240584,0.6094747722030558,0.596523138217058,0.7429471720789135,0.3764476911483347,0.1254139652243903,0.0,0.0,-0.6220409251952936
c42,n38,12.0,ne_rien_faire,1,1,12.0,echec,0.0,0.0,0.2693040274514398,0.463799983604253,0.48119107832066105,0.6290948395006218,0.7903897239255255,0.2094521432921018,0.4534224123360975,0.9065843317935632,0.0,0.0,-0.6124155152016646
c42,n39,12.0,promouvoir_arc_secours,1,1,12.0,resolu,1.0,0.0,0.2692704940918207,0.26087923108699246,0.8490168138517447,0.5147325602843341,0.8908148478396982,0.8027454396771893,0.5052617138882893,0.813723815224757,0.09375668266232669,0.09375668266232669,0.290389963236245
c42,n40,5.0,ne_rien_faire,1,1,5.0,echec,0.0,4.0,0.3311051949209723,0.2610028793077412,0.5301060840138313,0.1800708077175878,0.33248295729165733,0.25547065621380555,0.7971228471498223,0.5753428138699201,0.0,0.0,-0.8289440744437964
c42,n41,14.0,replanifier_jalon,1,1,14.0,echec,0.0,1.0,0.06214841463071415,0.4083090077865925,0.14612881153037016,0.6996819555183995,0.6139301736927855,0.6748205610195036,0.3533133170146449,0.6571074326101058,0.11280496606787029,0.11280496606787029,0.5568634782607753
c42,n42,9.0,ne_rien_faire,1,1,9.0,resolu,1.0,1.0,0.2592781915978282,0.5284030334875939,0.056051453784806665,0.14474711511706226,0.5201508368257374,0.6218276769320658,0.4852319771932626,0.7888918559750414,0.0,0.0,-0.41396357858670274
c42,n43,0.0,ne_rien_faire,1,1,0.0,echec,0.0,2.0,0.21163092666967273,0.4315951502446589,0.24098504222204278,0.8667518718343491,0.2012625938508281,0.2262185355793097,0.4038155947078936,0.991189324614345,0.0,0.0,-0.43779629388890173
c42,n44,6.0,ne_rien_faire,1,1,6.0,echec,0.0,2.0,0.37990566114595875,0.3452204986960985,0.9491629444597784,0.769710406879131,0.6549605323752595,0.43437869762435255,0.5555007398747249,0.7092484371939882,0.0,0.0,-0.23440562842405482
c42,n45,7.0,ne_rien_faire,1,1,7.0,echec,0.0,4.0,0.0060186426297034554,0.1044819042199231,0.9324354915887016,0.7678306986658104,0.7809501385527199,0.20527310455321357,0.6746509044847633,0.9967686079869238,0.0,0.0,0.6476445088711829
c42,n46,12.0,ne_rien_faire,1,1,12.0,resolu,1.0,2.0,0.42176157151360677,0.5076431892077783,0.5774114947289807,0.5210122643503591,0.8899421333942946,0.38088056597041087,0.6026823829646324,0.5862411681035172,0.0,0.0,0.8131884548276291
c42,n47,15.0,ne_rien_faire,1,1,15.0,partiel,0.0,2.0,0.47091231090627006,0.4881643187947128,0.7735226158505261,0.7523432039425934,0.6208999688933242,0.4323041689388521,0.7957990465894859,0.33860196142058074,0.0,0.0,-1.0950045444515868
c42,n48,7.0,ne_rien_faire,1,1,7.0,resolu,1.0,4.0,0.05393532911762215,0.6384126235342515,0.23220979871868003,0.9252758780582705,0.35394567562456086,0.546998557913855,0.6872198733396113,0.6448591720487071,0.0,0.0,-1.324471169947678
c42,n49,2.0,promouvoir_arc_secours,1,1,2.0,resolu,1.0,0.0,0.3876453669087974,0.7829682109266567,0.7365639031938038,0.7932477719264612,0.2599014709451824,0.5332914415367238,0.850588538431078,0.817125181534143,0.09375668266232669,0.09375668266232669,0.4670766857033249
c42,n0,13.0,expedition_express,1,1,13.0,resolu,1.0,4.0,0.19960330358291453,0.8617314860591182,0.38552630670436,0.24374838939586924,0.9244339544084327,0.20710467763798715,0.5749264330654082,0.2599150295506744,0.09287777229911215,0.09287777229911215,-0.953137729065872
c42,n1,13.0,ne_rien_faire,1,1,13.0,resolu,1.0,3.0,0.10871037586361129,0.5602122363552476,0.23587784789694813,0.5227887191532161,0.09809219278612621,0.12282757157330491,0.2201900276593185,0.7907966091244272,0.0,0.0,-2.2560028989352627
c42,n2,7.0,expedition_express,1,1,7.0,resolu,1.0,0.0,0.6959364493550251,0.643341728877014,0.44686160576753714,0.5713478943523485,0.4358216923122037,0.6506635651888875,0.41851777910453125,0.9963483394252988,0.10548633434496271,0.10548633434496271,1.2519034127464144
c42,n3,8.0,ne_rien_faire,1,1,8.0,partiel,0.0,3.0,0.40498022088399344,0.1958712590170343,0.671788976002819,0.7152446756674218,0.24879476530080066,0.3159584160486323,0.46563655293518563,0.6809789569252782,0.0,0.0,0.9384624589933768
c42,n4,7.0,replanifier_jalon,1,1,7.0,partiel,0.0,3.0,0.4640258374333436,0.4210290224160062,0.21551672395222934,0.6861726369191508,0.6361001351800778,0.4289876727146781,0.4249490791453753,0.9793963793513336,0.06732604454191315,0.06732604454191315,-1.2823822060629462
c42,n5,3.0,revue_declaration,1,1,3.0,partiel,0.0,4.0,0.2021499940572255,0.7755351205434539,0.7378450314114765,0.4403134858258229,0.6059198385563442,0.4952423733989994,0.8156869504820282,0.0560000436693601,0.05249761951415173,0.05249761951415173,0.7181400892265545
c42,n6,14.0,replanifier_jalon,1,0,14.0,en_cours,,0.0,0.41313521736266945,0.10697375238799779,0.4207594986443441,0.3711129000183303,0.3348723182060485,0.5369024933818629,0.5265455495975192,0.7128622530738542,0.05036857131959023,0.05036857131959023,1.6693718552796821
c42,n7,14.0,revue_declaration,1,1,14.0,resolu,1.0,2.0,0.5283319756356121,0.6687502515222589,0.010429809342785088,0.5918221786913369,0.6118736217857423,0.7902732435629769,0.7870616823272031,0.3757093539821675,0.08598823526196597,0.08598823526196597,0.7223293227175466
c42,n8,7.0,ne_rien_faire,1,1,7.0,partiel,0.0,4.0,0.03392971087434307,0.4798849665339755,0.3575528653049938,0.5164460875212756,0.45313009247327635,0.43627662792440725,0.5190512669422672,0.9226551747203834,0.0,0.0,-0.41660344043269787
c42,n9,6.0,ne_rien_faire,1,1,6.0,partiel,0.0,0.0,0.3046334005953428,0.15448389703430027,0.6155053681679978,0.6232226680409378,0.6154293241488276,0.5022585975125704,0.6905167091074088,0.9123668520708743,0.0,0.0,1.912318167913595
c42,n10,16.0,boost_capacite,1,1,16.0,partiel,0.0,0.0,0.6774484949605801,0.37010019200764105,0.5572085585737789,0.5827877582860199,0.4518082537438279,0.16444372097612842,0.7153090965944562,0.6539165169728828,0.06576450329934143,0.06576450329934143,1.0947478799003707
c42,n11,6.0,boost_capacite,1,1,6.0,echec,0.0,4.0,0.010627954896783644,0.6553750576955899,0.8409564538543166,0.29374182795432807,0.6654434058045685,0.1483744499704979,0.30428716693683056,0.9685002807106152,0.18,0.18,-2.318249817563876
c42,n12,15.0,replanifier_jalon,1,1,15.0,partiel,0.0,4.0,0.8403235042163066,0.4514694002013917,0.6984900867082685,0.5203599747934392,0.4390151950083796,0.22935432087816301,0.3248539308481696,0.6077701527300429,0.19,0.19,0.6347457329025618
c42,n13,0.0,promouvoir_arc_secours,1,0,0.0,en_cours,,2.0,0.0724098071732417,0.29654818684780554,0.10526700825680872,0.5820680789682126,0.8436001138251301,0.25546147543668174,0.6125112797760103,0.2556265988145899,0.06507160887649192,0.06507160887649192,-1.6818208381998303
c42,n14,17.0,ne_rien_faire,1,1,17.0,partiel,0.0,1.0,0.4812023063315836,0.33865594763595097,0.628119940293019,0.7354917603802358,0.214006304641555,0.3793254381249635,0.3770141894363416,0.976372338053584,0.0,0.0,-0.20684683708907847
c42,n15,16.0,revue_declaration,1,1,16.0,echec,0.0,4.0,0.5712361316676055,0.6041780499545557,0.15553721384469935,0.6527455040631568,0.6528559704202435,0.3635647545900618,0.714448010351873,0.6179063679813527,0.05249761951415173,0.05249761951415173,2.6261096673429183
c42,n16,7.0,replanifier_jalon,1,1,7.0,partiel,0.0,3.0,0.34090665950329063,0.3219586072258808,0.19814065176101592,0.35076901957805884,0.7994966436489697,0.1517978024593286,0.657249622164346,0.8334610866549137,0.19,0.19,0.37605178388573324
c42,n17,16.0,revue_declaration,1,0,16.0,en_cours,,3.0,0.22604744736806734,0.3739964156478573,0.44603003416393555,0.7657047980655856,0.8225130334782571,0.15193643560201575,0.6396237328762081,0.8469996628404742,0.05249761951415173,0.05249761951415173,-1.2067834625479565
c42,n18,5.0,ne_rien_faire,1,1,5.0,partiel,0.0,1.0,0.09024997600706712,0.1487177909559259,0.15951363170763835,0.7228065465604371,0.35741479344647653,0.28874252463785943,0.17497605770399888,0.9404457922434332,0.0,0.0,-0.1967628317847373
c42,n19,6.0,ne_rien_faire,1,1,6.0,resolu,1.0,0.0,0.22646492796795054,0.3314372896887883,0.8111614958673576,0.8598262429076325,0.25715853928882043,0.6103024492979514,0.3221229403151338,0.9227753644683725,0.0,0.0,-0.6051027645962197
c42,n20,3.0,ne_rien_faire,1,1,3.0,resolu,1.0,3.0,0.24467707819674792,0.06232744077703214,0.7984470869598214,0.4236159163502363,0.40530540504781465,0.5973192288562473,0.48388157740894444,0.3297640562122052,0.0,0.0,1.1302523967572067
c42,n21,14.0,ne_rien_faire,1,1,14.0,partiel,0.0,1.0,0.1317720302033038,0.46593529791375715,0.7538002259678382,0.4434547468460568,0.1283005269689722,0.5379775217393157,0.3445991481051346,0.7403149636353834,0.0,0.0,-0.5459607415994958
c42,n22,0.0,ne_rien_faire,1,1,0.0,partiel,0.0,1.0,0.020637819857417614,0.4129409652599113,0.6208794692071747,0.34657223684774807,0.1502747862221355,0.8614490320432411,0.3279317638419554,0.8884525612548095,0.0,0.0,-1.1329557516979691
c42,n23,4.0,ne_rien_faire,1,1,4.0,echec,0.0,1.0,0.08549230296088013,0.3215898405565395,0.11280778101362252,0.36065316115867047,0.3484165192480026,0.6224000266799322,0.592054042806171,0.8771947605793764,0.0,0.0,0.5834856160444288
c42,n24,14.0,replanifier_jalon,1,1,14.0,resolu,1.0,1.0,0.3372970957385977,0.7889809948122544,0.43951655206882684,0.5468630945577869,0.26546730743746727,0.18043224175319272,0.42528896274039113,0.9909174126513369,0.06948979284705413,0.06948979284705413,0.6874098588205415
c42,n25,14.0,ne_rien_faire,1,1,14.0,partiel,0.0,1.0,0.24919798254508024,0.5923329308039902,0.604159768631207,0.7164650126216551,0.2789875751844007,0.8741962017754159,0.6748331414864136,0.8789144198382531,0.0,0.0,0.6331430238323829
c42,n26,13.0,ne_rien_faire,1,1,13.0,echec,0.0,4.0,0.14908615087269989,0.32640945020634604,0.23136600768796878,0.33568763590835743,0.17317052491769916,0.627414608851426,0.32805008454776624,0.8962298000226893,0.0,0.0,-0.575245819156145
c42,n27,4.0,promouvoir_arc_secours,1,1,4.0,partiel,0.0,3.0,0.02945525596805029,0.5756047173937703,0.573145223261927,0.4895471472807893,0.1782731570028515,0.3721161620815877,0.7066825666276122,0.9163585458128326,0.0847811404775453,0.0847811404775453,-0.06255071628914993
c42,n28,12.0,expedition_express,1,1,12.0,resolu,1.0,0.0,0.5759618805211916,0.31155404352354926,0.19549772483013225,0.6174728865764646,0.6661947032240826,0.2625313927710956,0.5213593033334278,0.6168707104277337,0.18,0.18,-0.6344222064569943
c42,n29,3.0,ne_rien_faire,1,1,3.0,echec,0.0,2.0,0.10291194386156023,0.2755563163793343,0.892525569144161,0.11693905934607496,0.6576744950948453,0.22295424479248324,0.4218466943501494,0.6225932214894859,0.0,0.0,-0.12820563559998732
c42,n30,5.0,ne_rien_faire,1,1,5.0,resolu,1.0,2.0,0.10562692947713315,0.07117409165148236,0.2901139842588083,0.754703294154889,0.546816137071809,0.6225481439715846,0.35747785624957923,0.6882457555207474,0.0,0.0,0.5772967799404689
c42,n31,5.0,ne_rien_faire,1,1,5.0,partiel,0.0,3.0,0.5035423683973271,0.10364639238227218,0.80428134578363,0.7926323667873645,0.39519798369104353,0.45986836629405753,0.622080741254071,0.4916358808366574,0.0,0.0,0.3349649172496383
c42,n32,1.0,ne_rien_faire,1,1,1.0,partiel,0.0,2.0,0.3471273557184882,0.11446228067821748,0.3306043083954392,0.2633053248050424,0.1762289467459197,0.7140609398598304,0.6349520232572038,0.6048561553870079,0.0,0.0,0.5698475665966637
c42,n33,0.0,ne_rien_faire,1,1,0.0,partiel,0.0,0.0,0.4797573971231938,0.5450655065097768,0.3523733598188039,0.314618833118768,0.649998586998397,0.7231011472648932,0.5112958222754351,0.893271886884831,0.0,0.0,0.9926768713457946
c42,n34,15.0,expedition_express,1,1,15.0,partiel,0.0,1.0,0.2852633719591386,0.5105706704587362,0.10784434082892373,0.16420745314970484,0.5127492196780872,0.7828592100116641,0.7883211292393179,0.21210470967858389,0.10748598928679363,0.10748598928679363,1.013532783022634
c42,n35,5.0,ne_rien_faire,1,1,5.0,resolu,1.0,3.0,0.12732316855776699,0.2241759160431042,0.40172205490683427,0.6709650401845156,0.7700981878120858,0.19961671642093434,0.8431493916302026,0.3352158446402481,0.0,0.0,0.20016443125316508
c42,n36,13.0,promouvoir_arc_secours,1,0,13.0,en_cours,,2.0,0.3997164483745729,0.7295280278952396,0.6983429773506197,0.46395289241956883,0.7455751020535675,0.09523095916880084,0.690037248724368,0.7759115909237396,0.06507160887649192,0.06507160887649192,2.1839866914064436
c42,n37,6.0,ne_rien_faire,1,1,6.0,resolu,1.0,0.0,0.3329975465483541,0.6009187247349195,0.5707378764492982,0.30303478215804613,0.6190456835219167,0.751821090625085,0.2846688816547952,0.5808155527257928,0.0,0.0,-0.4863375044531976
c42,n38,14.0,expedition_express,1,1,14.0,partiel,0.0,0.0,0.014264278905638545,0.4204662452757627,0.3093107908330575,0.6944123094535318,0.10316278465611847,0.38844759619564767,0.6892127602279001,0.9091117635210781,0.06784087113578872,0.06784087113578872,1.8285531277332683
c42,n39,10.0,ne_rien_faire,1,1,10.0,resolu,1.0,0.0,0.04745328953986525,0.04524645521941173,0.4462941706867378,0.2799534115925648,0.22498247388042325,0.775978070475875,0.5239617606976644,0.3390469202514467,0.0,0.0,1.158177743842959
c42,n40,9.0,ne_rien_faire,1,1,9.0,partiel,0.0,1.0,0.05743700159030353,0.43416219776262116,0.35975486348298524,0.49268918634697584,0.7202659646594144,0.1263519949558718,0.9305350621723243,0.38463061025332657,0.0,0.0,-0.33337004631979944
c42,n41,10.0,replanifier_jalon,1,1,10.0,partiel,0.0,4.0,0.01828765734103122,0.7980149436089383,0.626378767435288,0.214119648889874,0.23512741033587348,0.5947842925748066,0.6076534786223852,0.9216849385795625,0.06732604454191315,0.06732604454191315,-1.1156766253606085
c42,n42,14.0,revue_declaration,1,1,14.0,resolu,1.0,3.0,0.2398107975414117,0.403676041637787,0.33201626857316324,0.6157593965750152,0.06276999501023346,0.6965925359009396,0.5566808808836495,0.9292024450328886,0.19,0.19,-0.41248177129344843
c42,n43,1.0,revue_declaration,1,1,1.0,resolu,1.0,0.0,0.2977332955205462,0.022178078678012848,0.2418068458464861,0.7310265084310664,0.3867615022761335,0.8682961450741271,0.08235560134212914,0.7686076958040586,0.08275544669906046,0.08275544669906046,-0.14324625814103387
c42,n44,6.0,ne_rien_faire,1,1,6.0,echec,0.0,2.0,0.3932868778048359,0.4274503696610438,0.24053337894247462,0.2984332739673675,0.2293742798560264,0.5430569723625044,0.3642913458500109,0.7219025610763524,0.0,0.0,0.029809375743869996
c42,n45,15.0,revue_declaration,1,1,15.0,echec,0.0,1.0,0.03418053847280831,0.5949538402603766,0.7830277556446447,0.41795840573693416,0.006381864635460383,0.08200901793971349,0.8069946438434155,0.7251645740628988,0.07101163994378579,0.07101163994378579,0.6492909024444022
c42,n46,11.0,revue_declaration,1,0,11.0,en_cours,,4.0,0.1111709932075942,0.1971391921769622,0.7329168295273824,0.2539110827616792,0.5122050195588508,0.7536147159311675,0.7025320450433415,0.2894035050459005,0.08598823526196597,0.08598823526196597,0.035109627408721034
c42,n47,9.0,ne_rien_faire,1,1,9.0,partiel,0.0,4.0,0.24892670044419085,0.5366649027378012,0.6068237919850554,0.6187626884101816,0.6682122644139287,0.05224254227131986,0.14972870181354891,0.17758694126359262,0.0,0.0,-1.4879709805886288
c42,n48,6.0,ne_rien_faire,1,1,6.0,resolu,1.0,2.0,0.04503243337547283,0.30995547267828405,0.48300298094065286,0.3743421635500712,0.8983129791876834,0.42617280686962355,0.19789286710709855,0.9494865989061593,0.0,0.0,-0.9071037846473551
c42,n49,13.0,promouvoir_arc_secours,1,1,13.0,resolu,1.0,0.0,0.29705784463299406,0.5910930560513006,0.06762449654815196,0.44310105021009655,0.23008349435894349,0.4951171143265647,0.4434700222045726,0.9467504013045555,0.18,0.18,-0.9612376282944124
